target_id	length	eff_length	est_counts	tpm
PF3D7_0100100.1	6492	6493	790.474	3.83511
PF3D7_0100200.1	996	997	12.2268	0.386326
PF3D7_0100300.1	3984	3985	33.6939	0.266353
PF3D7_0100400.1	1119	1120	5.78565	0.162731
PF3D7_0100500.1	112	113	433.34	120.805
PF3D7_0100600.1	1080	1081	4.11286	0.119854
PF3D7_0100700.1	204	205	3	0.461002
PF3D7_0100800.1	1035	1036	18	0.547328
PF3D7_0100900.1	1053	1054	19	0.567869
PF3D7_0101000.1	1077	1078	96.5536	2.82153
PF3D7_0101100.1	930	931	3423.65	115.844
PF3D7_0101200.1	693	694	0	0
PF3D7_0101300.1	1232	1233	156.953	4.00996
PF3D7_0101400.1	828	829	0	0
PF3D7_0101500.1	1647	1648	34.0694	0.651241
PF3D7_0101600.1	1110	1111	84.2622	2.38921
PF3D7_0101700.1	1359	1360	65.948	1.52756
PF3D7_0101800.1	870	871	0	0
PF3D7_0101900.1	1032	1033	148	4.51332
PF3D7_0102000.1	759	760	44	1.82379
PF3D7_0102100.1	846	847	45703.8	1699.82
PF3D7_0102200.1	5820	5821	1.6186e+06	8759.46
PF3D7_0102300.1	1583	1584	94.4485	1.87834
PF3D7_0102400.1	1152	1153	450	12.2947
PF3D7_0102500.1	8166	8167	38015.7	146.634
PF3D7_0102600.1	3407	3408	17314.9	160.05
PF3D7_0102700.1	1683	1684	3184.31	59.5673
PF3D7_0102800.1	2539	2540	249.333	3.0923
PF3D7_0102900.1	2986	2987	2083.64	21.9747
PF3D7_0103000.1	1766	1767	1129	20.1276
PF3D7_0103100.1	6217	6218	3158.78	16.0031
PF3D7_0103200.1	2303	2304	7887.49	107.843
PF3D7_0103300.1	3571	3572	2984	26.3161
PF3D7_0103400.1	5765	5766	55295.6	302.1
PF3D7_0103500.1	6183	6184	2076.89	10.5799
PF3D7_0103600.1	5107	5108	4124.77	25.438
PF3D7_0103700.1	1624	1625	1899	36.8135
PF3D7_0103800.1	1623	1624	1332.81	25.8534
PF3D7_0103900.1	2586	2587	1172.04	14.2719
PF3D7_0104000.1	492	493	520	33.227
PF3D7_0104100.1	4311	4312	1366.39	9.9823
PF3D7_0104200.1	2616	2617	22933.8	276.063
PF3D7_0104300.1	12443	12444	146715	371.408
PF3D7_0104400.1	2897	2898	4352.57	47.3132
PF3D7_0104500.1	1245	1246	3318	83.8867
PF3D7_0104600.1	4462	4463	1518	10.7147
PF3D7_0104700.1	2136	2137	609	8.97734
PF3D7_0104800.1	2474	2475	817.033	10.3992
PF3D7_0104900.1	308	309	171	17.433
PF3D7_0105000.1	330	331	2046	194.721
PF3D7_0105100.1	1202	1203	349.107	9.14172
PF3D7_0105200.1	2416	2417	2961.08	38.593
PF3D7_0105300.1	1199	1200	1961.38	51.4892
PF3D7_0105400.1	1202	1203	5566.95	145.776
PF3D7_0105400.2	402	403	171.214	13.3835
PF3D7_0105500.1	1035	1036	268	8.14911
PF3D7_0105600.1	4083	4084	4540	35.0191
PF3D7_0105700.1	10811	10812	15765.7	45.9348
PF3D7_0105800.1	4343	4344	2505.93	18.1725
PF3D7_0105900.1	2683	2684	3936.59	46.2033
PF3D7_0106000.1	3512	3513	3230.58	28.9693
PF3D7_0106100.1	1904	1905	1794.17	29.669
PF3D7_0106200.1	1338	1339	2402.92	56.5319
PF3D7_0106300.1	5469	5470	16222.1	93.4234
PF3D7_0106400.1	926	927	5815	197.608
PF3D7_0106500.1	4654	4655	2402.73	16.26
PF3D7_0106600.1	900	901	309	10.8036
PF3D7_0106700.1	5281	5282	6692.88	39.9162
PF3D7_0106800.1	1104	1105	672.806	19.1806
PF3D7_0106900.1	2954	2955	2632.23	28.0609
PF3D7_0107000.1	1058	1059	2079	61.8434
PF3D7_0107100.1	1783	1784	1194.17	21.0866
PF3D7_0107200.1	1303	1304	633	15.2919
PF3D7_0107300.1	1581	1582	880	17.5231
PF3D7_0107400.1	1728	1729	1872.82	34.1222
PF3D7_0107500.1	8009	8010	219336	862.607
PF3D7_0107600.1	5702	5703	2970.56	16.4086
PF3D7_0107700.1	1341	1342	19930.2	467.836
PF3D7_0107800.1	4424	4425	1376.7	9.80077
PF3D7_0107900.1	1043	1044	201.897	6.09207
PF3D7_0108000.1	1354	1355	1034.46	24.0496
PF3D7_0108100.1	2238	2239	5029.15	70.758
PF3D7_0108300.1	9996	9997	42347.8	133.443
PF3D7_0108400.1	1800	1801	13101.6	229.163
PF3D7_0108400.2	525	526	4318.92	258.657
PF3D7_0108500.1	3323	3324	101348	960.478
PF3D7_0108600.1	2145	2146	447438	6568.08
PF3D7_0108700.1	4759	4760	4640.72	30.7123
PF3D7_0108800.1	2103	2104	5303.26	79.4022
PF3D7_0108900.1	600	601	4283.67	224.531
PF3D7_0109000.1	2138	2139	16644.4	245.128
PF3D7_0109100.1	3975	3976	6750.39	53.4832
PF3D7_0109200.1	1657	1658	310.129	5.8924
PF3D7_0109300.1	1689	1690	1825.88	34.0347
PF3D7_0109400.1	1672	1673	16416.6	309.116
PF3D7_0109500.1	1298	1299	630.169	15.2821
PF3D7_0109600.1	532	533	567	33.5113
PF3D7_0109700.1	1328	1329	5070.36	120.185
PF3D7_0109800.1	2315	2316	4415	60.052
PF3D7_0109850.1	1983	1984	5475	86.9315
PF3D7_0109950.1	750	751	4212.43	176.696
PF3D7_0110000.1	1368	1369	18738.3	431.182
PF3D7_0110100.1	3299	3300	3910.72	37.3317
PF3D7_0110200.1	1298	1299	2790	67.6597
PF3D7_0110300.1	275	276	0	0
PF3D7_0110400.1	1317	1318	2396.26	57.2734
PF3D7_0110500.1	7101	7102	5801.22	25.732
PF3D7_0110600.1	6149	6150	27212.5	139.389
PF3D7_0110700.1	3926	3927	5466.83	43.854
PF3D7_0110800.1	2382	2383	1195.93	15.8095
PF3D7_0110900.1	1216	1217	1997.28	51.6993
PF3D7_0111000.1	7049	7050	3926.84	17.5464
PF3D7_0111200.1	618	619	748	38.0668
PF3D7_0111300.1	5291	5292	3384.73	20.1483
PF3D7_0111400.1	3190	3191	3186.69	31.4592
PF3D7_0111500.1	2150	2151	1666.1	24.4004
PF3D7_0111600.1	1094	1095	942.346	27.1101
PF3D7_0111700.1	1207	1208	63.066	1.64461
PF3D7_0111800.1	4284	4285	1164.33	8.55974
PF3D7_0111900.1	323	324	116	11.2784
PF3D7_0112000.1	1421	1422	1335	29.5744
PF3D7_0112100.1	492	493	1003	64.0898
PF3D7_0112200.1	8128	8129	5193.57	20.1263
PF3D7_0112300.1	2149	2150	1038.24	15.2123
PF3D7_0112500.1	142	143	0	0
PF3D7_0112700.1	4104	4105	133764	1026.51
PF3D7_0112800.1	1790	1791	222.202	3.9083
PF3D7_0112900.1	4119	4120	1054.88	8.06569
PF3D7_0113000.1	3449	3450	28439.7	259.682
PF3D7_0113100.1	5242	5243	2187.95	13.146
PF3D7_0113200.1	2777	2778	1104.18	12.5211
PF3D7_0113300.1	2939	2940	2868.04	30.7308
PF3D7_0113400.1	1981	1982	3036.19	48.257
PF3D7_0113600.1	5682	5683	4911.41	27.2247
PF3D7_0113700.1	2777	2778	51388.8	582.735
PF3D7_0113800.1	9491	9492	7477.13	24.8149
PF3D7_0113900.1	1189	1190	3330	88.152
PF3D7_0114000.1	5628	5629	147301	824.347
PF3D7_0114100.1	1331	1332	97.1663	2.29798
PF3D7_0114200.1	1044	1045	113.294	3.41529
PF3D7_0114300.1	960	961	92	3.01578
PF3D7_0114400.1	1380	1381	118.029	2.69233
PF3D7_0114500.1	1072	1073	230.317	6.76178
PF3D7_0114600.1	939	940	9.086	0.304495
PF3D7_0114700.1	972	973	14	0.453263
PF3D7_0114750.1	177	178	0	0
PF3D7_0114800.1	633	634	12	0.596248
PF3D7_0114900.1	636	637	182	9.00051
PF3D7_0115000.1	5778	5779	542.146	2.95528
PF3D7_0115050.1	146	147	56.9958	12.2141
PF3D7_0115100.1	882	883	1572.68	56.1065
PF3D7_0115150.1	606	607	9	0.467077
PF3D7_0115200.1	1107	1108	0	0
PF3D7_0115300.1	1011	1012	0	0
PF3D7_0115400.1	906	907	31.5769	1.09672
PF3D7_0115500.1	1299	1300	7.35978	0.178343
PF3D7_0115600.1	1140	1141	10.1217	0.27945
PF3D7_0115700.1	6612	6613	333.798	1.59008
PF3D7_0200100.1	5136	5137	90.6101	0.555651
PF3D7_0200200.1	1005	1006	10.5433	0.33015
PF3D7_0200300.1	1323	1324	208.072	4.95062
PF3D7_0200400.1	915	916	1.06134	0.0365002
PF3D7_0200500.1	1113	1114	2.07549	0.0586908
PF3D7_0200600.1	1128	1129	28	0.781266
PF3D7_0200700.1	993	994	0	0
PF3D7_0200800.1	1212	1213	0	0
PF3D7_0200900.1	894	895	0	0
PF3D7_0201000.1	939	940	22.0665	0.739504
PF3D7_0201100.1	213	214	0	0
PF3D7_0201200.1	1071	1072	12	0.352632
PF3D7_0201300.1	918	919	28.7483	0.985442
PF3D7_0201400.1	471	472	151	10.0779
PF3D7_0201500.1	4369	4370	7335.01	52.8755
PF3D7_0201600.1	2624	2625	3310.97	39.7339
PF3D7_0201700.1	3915	3916	23078.2	185.65
PF3D7_0201800.1	2366	2367	55032	732.406
PF3D7_0201900.1	9758	9759	9031.72	29.1541
PF3D7_0202000.1	4079	4080	485465	3748.28
PF3D7_0202100.1	3334	3335	57045.5	538.84
PF3D7_0202200.1	2984	2985	5867.77	61.9247
PF3D7_0202300.1	1216	1217	742.296	19.2142
PF3D7_0202400.1	6256	6257	14437.5	72.6879
PF3D7_0202500.1	1887	1888	344247	5743.85
PF3D7_0202600.1	4798	4799	886.27	5.81768
PF3D7_0202600.2	4023	4024	614.856	4.81338
PF3D7_0202700.1	2837	2838	380.906	4.22806
PF3D7_0202800.1	3628	3629	1328.24	11.5299
PF3D7_0202900.1	1244	1245	461.54	11.6782
PF3D7_0203000.1	7247	7248	6379.39	27.7266
PF3D7_0203100.1	8383	8384	11444.8	43.0025
PF3D7_0203200.1	1955	1956	589.632	9.49615
PF3D7_0203300.1	1058	1059	2823.81	83.9989
PF3D7_0203400.1	1814	1815	5093.36	88.402
PF3D7_0203500.1	72	73	217	93.6423
PF3D7_0203600.1	2648	2649	3779.44	44.9449
PF3D7_0203700.1	2053	2054	11312.6	173.498
PF3D7_0203800.1	2199	2200	1862.86	26.6743
PF3D7_0203900.1	2368	2369	617.24	8.20775
PF3D7_0204000.1	2809	2810	4694.51	52.6283
PF3D7_0204100.1	8129	8130	8872.64	34.3793
PF3D7_0204200.1	943	944	44778	1494.27
PF3D7_0204300.1	2880	2881	1165.86	12.7479
PF3D7_0204400.1	390	391	11	0.886239
PF3D7_0204500.1	1261	1262	7141	178.252
PF3D7_0204600.1	4566	4567	2339.75	16.1389
PF3D7_0204700.1	2642	2643	280644	3344.98
PF3D7_0204800.1	1881	1882	1585.59	26.5403
PF3D7_0204900.1	1354	1355	3264.83	75.9026
PF3D7_0205000.1	2043	2044	3647.64	56.2168
PF3D7_0205100.1	2613	2614	5817.26	70.1049
PF3D7_0205200.1	591	592	869	46.2416
PF3D7_0205300.1	1851	1852	1034.24	17.592
PF3D7_0205400.1	2395	2396	5645.86	74.2298
PF3D7_0205500.1	942	943	159.298	5.3215
PF3D7_0205600.1	2828	2829	705.712	7.85832
PF3D7_0205700.1	987	988	23077.1	735.798
PF3D7_0205700.2	669	670	549.787	25.8497
PF3D7_0205800.1	892	893	2551	89.9899
PF3D7_0205900.1	3985	3986	19438.4	153.624
PF3D7_0206000.1	5459	5460	7538.54	43.494
PF3D7_0206100.1	3277	3278	5651.24	54.3087
PF3D7_0206200.1	2642	2643	14665.6	174.799
PF3D7_0206300.1	9201	9202	20948.5	71.7144
PF3D7_0206500.1	5277	5278	8152.91	48.6607
PF3D7_0206600.1	2239	2240	11398.3	160.298
PF3D7_0206700.1	3338	3339	1948.88	18.3867
PF3D7_0206800.1	3342	3343	9750.63	91.8822
PF3D7_0206900.1	1631	1632	58153.4	1122.51
PF3D7_0206900.2	1515	1516	495.533	10.297
PF3D7_0207000.1	2390	2391	3301.54	43.4983
PF3D7_0207100.1	6221	6222	16108.3	81.5557
PF3D7_0207200.1	1519	1520	3447.83	71.4557
PF3D7_0207300.1	2040	2041	247	3.81232
PF3D7_0207400.1	3582	3583	2423.2	21.3048
PF3D7_0207500.1	3869	3870	11305.2	92.0246
PF3D7_0207600.1	3527	3528	40780.4	364.131
PF3D7_0207700.1	3301	3302	1634.33	15.5918
PF3D7_0207800.1	3455	3456	2354.19	21.4586
PF3D7_0207900.1	3734	3735	519.457	4.38121
PF3D7_0208000.1	3661	3662	7932.33	68.2366
PF3D7_0208100.1	6090	6091	6716.05	34.7344
PF3D7_0208200.1	1580	1581	2821	56.209
PF3D7_0208300.1	5914	5915	3794.6	20.2091
PF3D7_0208400.1	9059	9060	9057.38	31.4927
PF3D7_0208500.1	2015	2016	1002.22	15.6606
PF3D7_0208600.1	2108	2109	3028.09	45.23
PF3D7_0208700.1	995	996	5039.57	159.393
PF3D7_0208800.1	2003	2004	3810.3	59.8958
PF3D7_0208900.1	7527	7528	2139	8.95089
PF3D7_0209000.1	10806	10807	49418.7	144.053
PF3D7_0209100.1	3035	3036	1973.5	20.4772
PF3D7_0209200.1	1469	1470	1160.13	24.8614
PF3D7_0209300.1	1151	1152	2468.01	67.4884
PF3D7_0209400.1	2057	2058	2203.28	33.7256
PF3D7_0209500.1	1650	1651	3935.01	75.0816
PF3D7_0209600.1	4208	4209	2675.05	20.0211
PF3D7_0209700.1	2678	2679	6020	70.7879
PF3D7_0209800.1	2911	2912	5664.18	61.2747
PF3D7_0209900.1	539	540	363.671	21.2153
PF3D7_0210000.1	1217	1218	2902.02	75.0564
PF3D7_0210100.1	1251	1252	3508.23	88.271
PF3D7_0210100.2	108	109	0	0
PF3D7_0210200.1	8821	8822	6413.58	22.9017
PF3D7_0210300.1	2325	2326	457.82	6.20041
PF3D7_0210400.1	1061	1062	911.101	27.0257
PF3D7_0210500.1	4451	4452	8306.78	58.7777
PF3D7_0210600.1	1811	1812	244405	4249
PF3D7_0210700.1	1189	1190	2704	71.5805
PF3D7_0210800.1	2367	2368	3064.72	40.7703
PF3D7_0210900.1	2190	2191	1774	25.5062
PF3D7_0211000.1	785	786	46	1.84362
PF3D7_0211100.1	3842	3843	1339.74	10.9821
PF3D7_0211200.1	1636	1637	733.395	14.1132
PF3D7_0211300.1	1133	1134	2111	58.6422
PF3D7_0211400.1	1378	1379	3712	84.7967
PF3D7_0211500.1	4206	4207	4183.31	31.3244
PF3D7_0211600.1	837	838	3811.36	143.275
PF3D7_0211700.1	4760	4761	1600.48	10.5898
PF3D7_0211800.1	2510	2511	5298.41	66.4712
PF3D7_0211900.1	2321	2322	4464.25	60.5649
PF3D7_0212000.1	1775	1776	15524.4	275.364
PF3D7_0212100.1	6381	6382	9459.16	46.6908
PF3D7_0212200.1	1907	1908	436.512	7.20696
PF3D7_0212300.1	3059	3060	6331.32	65.179
PF3D7_0212400.1	13149	13150	12559.3	30.0866
PF3D7_0212500.1	12856	12857	15732.1	38.5462
PF3D7_0212600.1	1751	1752	62772.6	1128.68
PF3D7_0212700.1	1598	1599	694.767	13.6876
PF3D7_0212800.1	5537	5538	8810.04	50.1141
PF3D7_0212900.1	2657	2658	666.224	7.89587
PF3D7_0213000.1	2287	2288	2318.92	31.9275
PF3D7_0213100.1	2165	2166	10778.8	156.764
PF3D7_0213200.1	1077	1078	1859.38	54.3357
PF3D7_0213300.1	798	799	64.064	2.52582
PF3D7_0213400.1	2440	2441	1582.25	20.4193
PF3D7_0213500.1	1807	1808	1560.57	27.1907
PF3D7_0213600.1	7257	7258	11220	48.698
PF3D7_0213700.1	1293	1294	1063.04	25.8792
PF3D7_0213800.1	2010	2011	1734	27.1626
PF3D7_0213900.1	4524	4525	2608.83	18.1619
PF3D7_0214000.1	2705	2706	16950.8	197.332
PF3D7_0214100.1	5277	5278	9933.7	59.2893
PF3D7_0214200.1	1363	1364	362.661	8.37571
PF3D7_0214300.1	9270	9271	9516.02	32.3343
PF3D7_0214400.1	2497	2498	4774.67	60.2123
PF3D7_0214500.1	1643	1644	894.031	17.1311
PF3D7_0214600.1	6526	6527	43740.2	211.107
PF3D7_0214700.1	1338	1339	7999.72	188.204
PF3D7_0214800.1	6448	6449	22844.6	111.59
PF3D7_0214900.1	4488	4489	8979.92	63.017
PF3D7_0215000.1	5880	5881	20221.2	108.316
PF3D7_0215100.1	2039	2040	1458.85	22.5277
PF3D7_0215200.1	2629	2630	1033.31	12.3768
PF3D7_0215300.1	4591	4592	16788.7	115.173
PF3D7_0215400.1	4979	4980	10764.3	68.0915
PF3D7_0215500.1	3565	3566	2454.04	21.6788
PF3D7_0215600.1	2096	2097	2128.08	31.9686
PF3D7_0215700.1	4959	4960	4132.84	26.2484
PF3D7_0215800.1	3222	3223	2458.12	24.0258
PF3D7_0215900.1	783	784	660	26.5193
PF3D7_0216000.1	6965	6966	4657.3	21.0613
PF3D7_0216100.1	3728	3729	1819.77	15.3731
PF3D7_0216200.1	1141	1142	1265.84	34.9179
PF3D7_0216300.1	4886	4887	1354.06	8.72829
PF3D7_0216400.1	2643	2644	3241	38.6147
PF3D7_0216500.1	6691	6692	38805	182.67
PF3D7_0216600.1	3908	3909	2706.03	21.8073
PF3D7_0216700.1	5126	5127	20075.6	123.35
PF3D7_0216700.2	4134	4135	13262.1	101.035
PF3D7_0216800.1	3717	3718	2837.66	24.0429
PF3D7_0216900.1	1650	1651	304	5.80045
PF3D7_0217000.1	3236	3237	1823	17.741
PF3D7_0217100.1	2463	2464	21075.1	269.441
PF3D7_0217200.1	6134	6135	982.475	5.04478
PF3D7_0217300.1	615	616	239.115	12.2282
PF3D7_0217400.1	1808	1809	1102.98	19.2073
PF3D7_0217500.1	3702	3703	37707.8	320.784
PF3D7_0217600.1	6404	6405	6231.48	30.6484
PF3D7_0217700.1	1643	1644	718	13.7581
PF3D7_0217800.1	1005	1006	25761.5	806.692
PF3D7_0217900.1	3160	3161	5357.32	53.3898
PF3D7_0218000.1	1704	1705	4012.13	74.1286
PF3D7_0218100.1	1514	1515	6908	143.64
PF3D7_0218200.1	4072	4073	1469.26	11.3637
PF3D7_0218300.1	1549	1550	4962.93	100.865
PF3D7_0218400.1	2024	2025	14409	224.153
PF3D7_0218500.1	2328	2329	3036.92	41.077
PF3D7_0218600.1	8372	8373	7329.71	27.5766
PF3D7_0218700.1	2425	2426	5927.05	76.9631
PF3D7_0218800.1	626	627	6420.64	322.586
PF3D7_0218900.1	160	161	10	1.95663
PF3D7_0219000.1	82	83	456	173.07
PF3D7_0219100.1	1933	1934	5485.06	89.3428
PF3D7_0219200.1	1224	1225	1450.62	37.3038
PF3D7_0219300.1	1021	1022	196.171	6.04669
PF3D7_0219400.1	1476	1477	1396.01	29.7743
PF3D7_0219500.1	1840	1841	2809.5	48.0739
PF3D7_0219600.1	3629	3630	3782.35	32.8239
PF3D7_0219700.1	1429	1430	85097	1874.62
PF3D7_0219800.1	4046	4047	3944.08	30.7007
PF3D7_0219900.1	1818	1819	5481.1	94.9227
PF3D7_0220000.1	6846	6847	236711	1089.07
PF3D7_0220100.1	4200	4201	12814.7	96.0929
PF3D7_0220200.1	3378	3379	7877.95	73.4446
PF3D7_0220300.1	2773	2774	3497.47	39.7176
PF3D7_0220400.1	2010	2011	912	14.2862
PF3D7_0220500.1	2072	2073	1341.67	20.3883
PF3D7_0220600.1	2774	2775	11521.5	130.792
PF3D7_0220700.1	1783	1784	42223.6	745.581
PF3D7_0220800.1	5124	5125	12001	73.7664
PF3D7_0220900.1	609	610	19	0.981203
PF3D7_0221000.1	909	910	156	5.4003
PF3D7_0221100.1	783	784	9	0.361627
PF3D7_0221200.1	2557	2558	41.024	0.50521
PF3D7_0221300.1	1104	1105	26	0.741218
PF3D7_0221400.1	924	925	24.9229	0.848774
PF3D7_0221500.1	678	679	18	0.835098
PF3D7_0221600.1	621	622	0	0
PF3D7_0221650.1	663	664	22	1.04373
PF3D7_0221700.1	2760	2761	909.637	10.3785
PF3D7_0221800.1	1961	1962	394.501	6.33409
PF3D7_0221900.1	1257	1258	17.5687	0.43994
PF3D7_0222000.1	849	850	4.73308	0.175412
PF3D7_0222100.1	1236	1237	72.9088	1.85671
PF3D7_0222200.1	693	694	0	0
PF3D7_0222300.1	861	862	29.4783	1.07729
PF3D7_0222400.1	1080	1081	0.662043	0.0192928
PF3D7_0222500.1	951	952	3	0.0992703
PF3D7_0222600.1	1107	1108	4.00836	0.113962
PF3D7_0222700.1	1047	1048	20.3294	0.61108
PF3D7_0222800.1	915	916	6	0.206343
PF3D7_0222900.1	1356	1357	0	0
PF3D7_0223100.1	993	994	30.382	0.962864
PF3D7_0223200.1	1038	1039	0	0
PF3D7_0223300.1	1296	1297	528.026	12.8248
PF3D7_0223400.1	984	985	5.25572	0.168086
PF3D7_0223500.1	6534	6535	1330.3	6.41267
PF3D7_0300100.1	6630	6631	1757.48	8.34923
PF3D7_0300200.1	981	982	0	0
PF3D7_0300300.1	1377	1378	0	0
PF3D7_0300400.1	891	892	0	0
PF3D7_0300500.1	1080	1081	51.762	1.50841
PF3D7_0300600.1	213	214	0.75	0.110403
PF3D7_0300700.1	1107	1108	193	5.48722
PF3D7_0300800.1	966	967	8.10675	0.264092
PF3D7_0300900.1	788	789	33	1.31756
PF3D7_0301000.1	2460	2461	136.551	1.74791
PF3D7_0301100.1	771	772	137	5.59034
PF3D7_0301200.1	2764	2765	2385.6	27.1792
PF3D7_0301300.1	2161	2162	1470	21.4189
PF3D7_0301400.1	1295	1296	2289	55.6385
PF3D7_0301500.1	3315	3316	767.008	7.28652
PF3D7_0301600.1	2939	2940	11333.4	121.436
PF3D7_0301700.1	3514	3515	16238	145.526
PF3D7_0301800.1	2448	2449	18793.9	241.748
PF3D7_0301900.1	2068	2069	698.117	10.6292
PF3D7_0302000.1	2571	2572	1601	19.609
PF3D7_0302100.1	6706	6707	5772.11	27.1108
PF3D7_0302200.1	4800	4801	47392.6	310.966
PF3D7_0302300.1	4173	4174	1384	10.4452
PF3D7_0302400.1	1171	1172	375	10.0795
PF3D7_0302500.1	5711	5712	282369	1557.27
PF3D7_0302600.1	4821	4822	1323.28	8.64486
PF3D7_0302700.1	993	994	320.93	10.1709
PF3D7_0302800.1	2625	2626	685.901	8.22814
PF3D7_0302900.1	6002	6003	2947.06	15.4652
PF3D7_0303000.1	2426	2427	1234	16.017
PF3D7_0303100.1	6601	6602	5094	24.3063
PF3D7_0303200.1	4918	4919	36972.3	236.774
PF3D7_0303300.1	2101	2102	2694.5	40.3813
PF3D7_0303400.1	3451	3452	1845.03	16.8371
PF3D7_0303500.1	7158	7159	4878.06	21.4649
PF3D7_0303600.1	1135	1136	87.1928	2.41789
PF3D7_0303700.1	1905	1906	1895.65	31.3308
PF3D7_0303800.1	2994	2995	857.574	9.02007
PF3D7_0303900.1	757	758	594.218	24.6952
PF3D7_0304000.1	2586	2587	672	8.18291
PF3D7_0304100.1	3078	3079	6414.38	65.6266
PF3D7_0304200.1	2349	2350	57161.8	766.255
PF3D7_0304300.1	5052	5053	1262.11	7.86833
PF3D7_0304400.1	1700	1701	5019.72	92.9629
PF3D7_0304500.1	1326	1327	2376.3	56.4112
PF3D7_0304600.1	2034	2035	3154.44	48.8306
PF3D7_0304700.1	1419	1420	1759	39.0223
PF3D7_0304800.1	4734	4735	5082.1	33.811
PF3D7_0304900.1	1299	1300	3937.29	95.4089
PF3D7_0305000.1	1737	1738	16064	291.164
PF3D7_0305100.1	11937	11938	6464.7	17.0589
PF3D7_0305200.1	4991	4992	5449.55	34.3891
PF3D7_0305300.1	4039	4040	30290.5	236.189
PF3D7_0305400.1	1098	1099	2253.71	64.6004
PF3D7_0305500.1	12811	12812	16493.9	40.5546
PF3D7_0305600.1	3382	3383	2587.03	24.0899
PF3D7_0305700.1	1374	1375	3530.53	80.8858
PF3D7_0305800.1	3345	3346	2206	20.7689
PF3D7_0305900.1	864	865	1022.09	37.2228
PF3D7_0306000.1	1105	1106	195.66	5.5729
PF3D7_0306100.1	3154	3155	812.452	8.1121
PF3D7_0306200.1	2534	2535	2201.42	27.3564
PF3D7_0306300.1	2556	2557	3735.42	46.0197
PF3D7_0306400.1	3391	3392	846.815	7.86444
PF3D7_0306500.1	1735	1736	193.921	3.51892
PF3D7_0306600.1	923	924	620.004	21.1377
PF3D7_0306700.1	1854	1855	1790.25	30.4022
PF3D7_0306800.1	2423	2424	29603.4	384.72
PF3D7_0306900.1	2195	2196	5385.45	77.2547
PF3D7_0307000.1	160	161	41	8.02219
PF3D7_0307100.1	1166	1167	1258.93	33.9834
PF3D7_0307200.1	1635	1636	39340.3	757.512
PF3D7_0307300.1	1533	1534	2768	56.8428
PF3D7_0307400.1	1588	1589	8004.3	158.684
PF3D7_0307500.1	2075	2076	1428.57	21.6775
PF3D7_0307600.1	2775	2776	2629.54	29.8397
PF3D7_0307700.1	6642	6643	10348.6	49.0741
PF3D7_0307800.1	3717	3718	2105.92	17.843
PF3D7_0307900.1	12097	12098	5286.94	13.7666
PF3D7_0308000.1	2516	2517	4744.01	59.3741
PF3D7_0308100.1	6070	6071	3082.39	15.9942
PF3D7_0308200.1	3236	3237	14490.4	141.017
PF3D7_0308300.1	1772	1773	3212.6	57.0798
PF3D7_0308400.1	119	120	2348	616.385
PF3D7_0308500.1	1440	1441	17387.6	380.111
PF3D7_0308600.1	2979	2980	95293.6	1007.35
PF3D7_0308700.1	2232	2233	234638	3310.12
PF3D7_0308800.1	938	939	162.038	5.43609
PF3D7_0308900.1	4826	4827	16100.5	105.074
PF3D7_0309000.1	2659	2660	2327.62	27.5655
PF3D7_0309100.1	844	845	4262.59	158.91
PF3D7_0309200.1	6962	6963	116714	528.032
PF3D7_0309300.1	3836	3837	2089.1	17.1515
PF3D7_0309400.1	119	120	36	9.45053
PF3D7_0309500.1	3297	3298	13076.6	124.905
PF3D7_0309600.1	1767	1768	19113.1	340.553
PF3D7_0309700.1	1827	1828	4586	79.0302
PF3D7_0309800.1	1699	1700	5280.62	97.8522
PF3D7_0309900.1	5352	5353	23860	140.413
PF3D7_0310000.1	1236	1237	5059.28	128.841
PF3D7_0310100.1	1689	1690	8577	159.876
PF3D7_0310200.1	14855	14856	102207	216.728
PF3D7_0310300.1	5411	5412	4927.02	28.6788
PF3D7_0310400.1	4085	4086	11363.2	87.607
PF3D7_0310500.1	7935	7936	6288.36	24.9615
PF3D7_0310600.1	1540	1541	1030.52	21.0664
PF3D7_0310700.1	1014	1015	1037.51	32.2005
PF3D7_0310800.1	535	536	29.2766	1.72065
PF3D7_0310900.1	2813	2814	199.001	2.22775
PF3D7_0311000.1	618	619	126	6.41232
PF3D7_0311100.1	2704	2705	3288.77	38.3002
PF3D7_0311200.1	5341	5342	7155.63	42.1967
PF3D7_0311300.1	5901	5902	7464.46	39.8414
PF3D7_0311400.1	8499	8500	6777.5	25.118
PF3D7_0311500.1	1482	1483	224.926	4.77787
PF3D7_0311600.1	2918	2919	9560	103.171
PF3D7_0311700.1	1386	1387	22827	518.451
PF3D7_0311800.1	2404	2405	7124.81	93.324
PF3D7_0311900.1	2562	2563	137.613	1.6914
PF3D7_0312000.1	676	677	613.076	28.5273
PF3D7_0312100.1	3811	3812	4538.28	37.5036
PF3D7_0312200.1	4076	4077	4728.1	36.5327
PF3D7_0312300.1	1175	1176	4797.52	128.512
PF3D7_0312400.1	4102	4103	9266.92	71.149
PF3D7_0312500.1	2710	2711	406.429	4.72269
PF3D7_0312600.1	77	78	145	58.561
PF3D7_0312700.1	76	77	149	60.958
PF3D7_0312800.1	1256	1257	99520.3	2494.08
PF3D7_0312900.1	927	928	1462	49.6289
PF3D7_0313000.1	1330	1331	918.01	21.7272
PF3D7_0313100.1	3298	3299	2612.61	24.9475
PF3D7_0313200.1	933	934	620.032	20.9123
PF3D7_0313300.1	597	598	1063	55.9973
PF3D7_0313400.1	2912	2913	4724.14	51.0878
PF3D7_0313500.1	3279	3280	366.726	3.52211
PF3D7_0313600.1	2587	2588	4202.71	51.1565
PF3D7_0313700.1	1701	1702	4810.93	89.0439
PF3D7_0313800.1	3322	3323	12308.7	116.686
PF3D7_0313900.1	3291	3292	1804.1	17.2638
PF3D7_0314000.1	1307	1308	1609.74	38.7688
PF3D7_0314100.1	1516	1517	1803.19	37.4447
PF3D7_0314100.2	213	214	334.747	49.2763
PF3D7_0314200.1	4720	4721	907.707	6.05685
PF3D7_0314300.1	1844	1845	369.679	6.31195
PF3D7_0314400.1	2581	2582	184.688	2.25329
PF3D7_0314500.1	3654	3655	1369.73	11.8054
PF3D7_0314600.1	2245	2246	2141.23	30.0323
PF3D7_0314700.1	5805	5806	4060.96	22.0337
PF3D7_0314800.1	3726	3727	1042.08	8.80795
PF3D7_0314900.1	2401	2402	795.028	10.4266
PF3D7_0315000.1	1003	1004	3916.06	122.871
PF3D7_0315100.1	1827	1828	1489.25	25.6642
PF3D7_0315200.1	6345	6346	16144	80.1394
PF3D7_0315300.1	5304	5305	4654.06	27.6364
PF3D7_0315400.1	1480	1481	492.078	10.4668
PF3D7_0315500.1	1551	1552	1123.21	22.7985
PF3D7_0315600.1	2594	2595	2363.06	28.6862
PF3D7_0315700.1	2811	2812	2449	27.4352
PF3D7_0315800.1	1769	1770	233.022	4.14723
PF3D7_0315900.1	834	835	552	20.8251
PF3D7_0316000.1	2260	2261	6769.54	94.3178
PF3D7_0316100.1	2311	2312	2113.1	28.7917
PF3D7_0316200.1	7547	7548	6518.57	27.2054
PF3D7_0316300.1	1480	1481	363.75	7.73719
PF3D7_0316300.2	1296	1297	29214.6	709.57
PF3D7_0316400.1	3610	3611	2727.53	23.7945
PF3D7_0316500.1	3397	3398	1530.65	14.1901
PF3D7_0316600.1	3365	3366	4073.2	38.1203
PF3D7_0316700.1	2282	2283	1275.39	17.5983
PF3D7_0316800.1	1916	1917	22019.3	361.84
PF3D7_0316900.1	2808	2809	3513.98	39.4078
PF3D7_0317000.1	2065	2066	334.866	5.10593
PF3D7_0317100.1	2910	2911	393.005	4.25295
PF3D7_0317200.1	7170	7171	9636.03	42.3305
PF3D7_0317300.1	11642	11643	37937.8	102.646
PF3D7_0317400.1	1880	1881	2115.47	35.4284
PF3D7_0317500.1	5699	5700	3025.15	16.7189
PF3D7_0317600.1	1302	1303	5380	130.069
PF3D7_0317700.1	9410	9411	8588.24	28.7477
PF3D7_0317800.1	1596	1597	1184.87	23.3723
PF3D7_0317900.1	2626	2627	782	9.37738
PF3D7_0318000.1	609	610	2430	125.491
PF3D7_0318100.1	1322	1323	2741.38	65.2746
PF3D7_0318200.1	9211	9212	10758.4	36.7899
PF3D7_0318300.1	4042	4043	5189.65	40.4361
PF3D7_0318400.1	1776	1777	1621	28.7363
PF3D7_0318500.1	15982	15983	12079.1	23.8075
PF3D7_0318600.1	4425	4426	5135.63	36.5525
PF3D7_0318700.1	1067	1068	21865.9	644.957
PF3D7_0318800.1	1631	1632	719.531	13.8888
PF3D7_0318900.1	2466	2467	2267.56	28.9551
PF3D7_0319000.1	7351	7352	4071.31	17.4447
PF3D7_0319100.1	1886	1887	1042.02	17.3956
PF3D7_0319200.1	3220	3221	2042.7	19.9779
PF3D7_0319300.1	1260	1261	294	7.34459
PF3D7_0319400.1	5811	5812	3372.24	18.2779
PF3D7_0319500.1	1962	1963	2169.02	34.808
PF3D7_0319600.1	1643	1644	1873.66	35.9025
PF3D7_0319700.1	10359	10360	19265.4	58.5806
PF3D7_0319800.1	1434	1435	817.206	17.9397
PF3D7_0319900.1	1758	1759	1994.23	35.7144
PF3D7_0320000.1	839	840	13825	518.467
PF3D7_0320100.1	1711	1712	1593.05	29.313
PF3D7_0320200.1	1982	1983	3033.34	48.1874
PF3D7_0320300.1	3262	3263	589.161	5.6879
PF3D7_0320400.1	9258	9259	2224.81	7.56945
PF3D7_0320500.1	2556	2557	2128.95	26.2283
PF3D7_0320600.1	1256	1257	1988.53	49.8347
PF3D7_0320700.1	1243	1244	33646.2	852.021
PF3D7_0320800.1	2615	2616	3032.42	36.5163
PF3D7_0320900.1	1767	1768	9564	170.409
PF3D7_0321000.1	2083	2084	4339.4	65.5944
PF3D7_0321100.1	6515	6516	13334.8	64.4677
PF3D7_0321200.1	1973	1974	1978.17	31.5683
PF3D7_0321300.1	3470	3471	814.984	7.39655
PF3D7_0321400.1	1680	1681	4720.39	88.4596
PF3D7_0321500.1	4148	4149	1642.58	12.4715
PF3D7_0321600.1	2947	2948	2829.31	30.2334
PF3D7_0321700.1	7038	7039	5570.27	24.9287
PF3D7_0321800.1	9419	9420	16663.9	55.7263
PF3D7_0321900.1	5726	5727	6796.66	37.3855
PF3D7_0322000.1	1517	1518	3638.39	75.5045
PF3D7_0322100.1	2713	2714	3437.24	39.8965
PF3D7_0322200.1	2262	2263	2164.28	30.1276
PF3D7_0322300.1	4559	4560	1672.44	11.5537
PF3D7_0322400.1	3383	3384	7697.67	71.6579
PF3D7_0322500.1	1557	1558	1487.92	30.0849
PF3D7_0322600.1	4044	4045	2146	16.7127
PF3D7_0322700.1	10286	10287	5772.32	17.6765
PF3D7_0322800.1	546	547	1024	58.9722
PF3D7_0322900.1	1697	1698	64083.9	1188.9
PF3D7_0323000.1	1513	1514	1305.69	27.1675
PF3D7_0323100.1	6329	6330	3881.5	19.3166
PF3D7_0323200.1	1675	1676	4999.74	93.9742
PF3D7_0323300.1	1302	1303	590	14.264
PF3D7_0323400.1	4147	4148	18559.2	140.947
PF3D7_0323500.1	1811	1812	21377	371.641
PF3D7_0323600.1	2717	2718	611.939	7.09241
PF3D7_0323700.1	3345	3346	7527.27	70.8674
PF3D7_0323800.1	6075	6076	1831.81	9.49725
PF3D7_0323900.1	1392	1393	0	0
PF3D7_0324000.1	849	850	4.73308	0.175412
PF3D7_0324100.1	1253	1254	22.7995	0.572748
PF3D7_0324200.1	1174	1175	305.277	8.18447
PF3D7_0324300.1	930	931	3423.65	115.844
PF3D7_0324400.1	1050	1051	23.5397	0.705558
PF3D7_0324500.1	954	955	4.45996	0.147117
PF3D7_0324600.1	906	907	0	0
PF3D7_0324700.1	1380	1381	63.8614	1.45673
PF3D7_0324800.1	1116	1117	22.6296	0.638202
PF3D7_0324900.1	6510	6511	1061.79	5.13717
PF3D7_0400100.1	7941	7942	449.787	1.78407
PF3D7_0400200.1	1200	1201	64.5562	1.69328
PF3D7_0400300.1	1113	1114	72.6335	2.05394
PF3D7_0400400.1	10404	10405	386.065	1.16883
PF3D7_0400500.1	1149	1150	6.37909	0.174741
PF3D7_0400600.1	79	80	37.1022	14.6098
PF3D7_0400700.1	1143	1144	52.1832	1.43694
PF3D7_0400800.1	870	871	4.16806	0.150748
PF3D7_0400900.1	990	991	33.902	1.07767
PF3D7_0401000.1	930	931	7.19122	0.243326
PF3D7_0401100.1	213	214	0.75	0.110403
PF3D7_0401200.1	1104	1105	3.87094	0.110354
PF3D7_0401300.1	1128	1129	17	0.47434
PF3D7_0401400.1	990	991	104.403	3.31876
PF3D7_0401500.1	933	934	47.4922	1.60181
PF3D7_0401600.1	1514	1515	41221.2	857.123
PF3D7_0401600.2	1041	1042	3185.77	96.3122
PF3D7_0401700.1	1332	1333	96	2.26869
PF3D7_0401800.1	2889	2890	3982.29	43.4081
PF3D7_0401900.1	3306	3307	10991.7	104.704
PF3D7_0402000.1	3128	3129	939.246	9.45603
PF3D7_0402100.1	2632	2633	26524	317.339
PF3D7_0402200.1	6660	6661	16881.7	79.8384
PF3D7_0402300.1	10074	10075	33811.1	105.718
PF3D7_0402400.1	2353	2354	14822	198.352
PF3D7_0402500.1	990	991	947.96	30.1336
PF3D7_0402600.1	906	907	2	0.0694637
PF3D7_0402700.1	996	997	40.0403	1.26514
PF3D7_0402800.1	4323	4324	142.002	1.03453
PF3D7_0402900.1	1076	1077	864.34	25.2816
PF3D7_0403000.1	74	75	29	12.1807
PF3D7_0403100.1	2358	2359	1247.83	16.6634
PF3D7_0403200.1	3269	3270	8212.31	79.1138
PF3D7_0403300.1	801	802	353.11	13.8698
PF3D7_0403400.1	12401	12402	11719.9	29.7691
PF3D7_0403500.1	1717	1718	486	8.91144
PF3D7_0403600.1	3435	3436	1587.25	14.5522
PF3D7_0403700.1	3140	3141	18892.5	189.477
PF3D7_0403800.1	6355	6356	9310.57	46.1453
PF3D7_0403900.1	4170	4171	6951.74	52.5035
PF3D7_0404000.1	1234	1235	30051	766.526
PF3D7_0404100.1	6816	6817	1852	8.55821
PF3D7_0404200.1	1231	1232	257	6.57139
PF3D7_0404300.1	2615	2616	8148	98.1179
PF3D7_0404400.1	1140	1141	774	21.3693
PF3D7_0404500.1	1437	1438	803	17.591
PF3D7_0404600.1	15301	15302	5782.92	11.9051
PF3D7_0404700.1	3694	3695	31545	268.938
PF3D7_0404800.1	2280	2281	1781	24.5965
PF3D7_0404900.1	2348	2349	3561.96	47.7684
PF3D7_0405000.1	2148	2149	2043	29.9479
PF3D7_0405100.1	5891	5892	688.652	3.6819
PF3D7_0405200.1	2940	2941	5302.9	56.8006
PF3D7_0405300.1	5895	5896	4722.66	25.2327
PF3D7_0405400.1	10492	10493	17556.6	52.7078
PF3D7_0405500.1	675	676	821	38.2588
PF3D7_0405600.1	1738	1739	891.661	16.1523
PF3D7_0405700.1	8072	8073	5181.92	20.2205
PF3D7_0405800.1	562	563	352.079	19.7
PF3D7_0405900.1	3148	3149	7642.4	76.4526
PF3D7_0406000.1	2470	2471	2710.03	34.549
PF3D7_0406100.1	2265	2266	4742.79	65.9339
PF3D7_0406200.1	2167	2168	177977	2586.07
PF3D7_0406400.1	1674	1675	1381.1	25.9744
PF3D7_0406500.1	11445	11446	79755	219.502
PF3D7_0406600.1	420	421	1476	110.443
PF3D7_0406700.1	2906	2907	9406.11	101.93
PF3D7_0406800.1	1015	1016	1759.02	54.5395
PF3D7_0406900.1	5256	5257	1815	10.8761
PF3D7_0407000.1	1525	1526	191	3.94288
PF3D7_0407100.1	2223	2224	2291.49	32.4577
PF3D7_0407200.1	967	968	18343.5	596.957
PF3D7_0407300.1	1438	1439	1927	42.1848
PF3D7_0407400.1	1215	1216	2036.01	52.7451
PF3D7_0407500.1	1143	1144	347	9.55517
PF3D7_0407600.1	3639	3640	1637.94	14.1753
PF3D7_0407700.1	6121	6122	10318.8	53.0969
PF3D7_0407800.1	7123	7124	9688.48	42.8417
PF3D7_0407900.1	3179	3180	3677.48	36.4299
PF3D7_0408000.1	668	669	9848.65	463.752
PF3D7_0408100.1	4881	4882	5978.52	38.5772
PF3D7_0408200.1	2122	2123	840.819	12.4763
PF3D7_0408300.1	1749	1750	737.543	13.2765
PF3D7_0408400.1	2470	2471	382.04	4.87047
PF3D7_0408500.1	2618	2619	1595.45	19.1904
PF3D7_0408600.1	2955	2956	639	6.80975
PF3D7_0408700.1	2529	2530	4012	49.9546
PF3D7_0408800.1	948	949	582	19.3193
PF3D7_0408900.1	3001	3002	1769.49	18.5683
PF3D7_0408900.2	2076	2077	5243.57	79.5289
PF3D7_0409000.1	8235	8236	2491.93	9.53135
PF3D7_0409100.1	2574	2575	7856.14	96.1097
PF3D7_0409200.1	1966	1967	57427.7	919.712
PF3D7_0409300.1	4302	4303	2087.49	15.2823
PF3D7_0409400.1	2815	2816	1229.53	13.7544
PF3D7_0409500.1	1853	1854	2938.72	49.9325
PF3D7_0409600.1	4548	4549	969.604	6.71449
PF3D7_0409700.1	928	929	2924.27	99.16
PF3D7_0409800.1	4394	4395	5842.1	41.8741
PF3D7_0409900.1	1715	1716	100.853	1.85142
PF3D7_0410000.1	4027	4028	142528	1114.67
PF3D7_0410100.1	82	83	24	9.10895
PF3D7_0410200.1	73	74	42	17.8794
PF3D7_0410300.1	3552	3553	5688.59	50.4364
PF3D7_0410400.1	1563	1564	239.736	4.82871
PF3D7_0410500.1	642	643	133	6.51592
PF3D7_0410600.1	1718	1719	3227.49	59.1459
PF3D7_0410700.1	4612	4613	14790.5	101.003
PF3D7_0410800.1	5023	5024	4412.18	27.6655
PF3D7_0410900.1	3873	3874	4000.06	32.5268
PF3D7_0411000.1	5092	5093	5320.16	32.9068
PF3D7_0411100.1	683	684	123	5.66479
PF3D7_0411200.1	4249	4250	4290.62	31.8029
PF3D7_0411300.1	2744	2745	464.093	5.32596
PF3D7_0411400.1	4497	4498	2895.6	20.2793
PF3D7_0411500.1	72	73	71	30.6387
PF3D7_0411600.1	72	73	435	187.716
PF3D7_0411700.1	417	418	54	4.06961
PF3D7_0411800.1	7141	7142	2231.01	9.84048
PF3D7_0411900.1	7652	7653	5784.46	23.8103
PF3D7_0412000.1	3760	3761	2182.08	18.2769
PF3D7_0412100.1	1923	1924	176.626	2.89191
PF3D7_0412200.1	1312	1313	57	1.36756
PF3D7_0412300.1	2369	2370	127.646	1.69666
PF3D7_0412400.1	7817	7818	927.144	3.73582
PF3D7_0412500.1	135	136	7.4375	1.72275
PF3D7_0412600.1	1023	1024	2.60502	0.0801394
PF3D7_0412700.1	8324	8325	487.567	1.84495
PF3D7_0412800.1	135	136	0.5	0.115815
PF3D7_0412900.1	6939	6940	454.36	2.06241
PF3D7_0413000.1	135	136	0.5	0.115815
PF3D7_0413100.1	6981	6982	73.6401	0.332253
PF3D7_0413200.1	1131	1132	46	1.28011
PF3D7_0413300.1	1041	1042	25	0.755801
PF3D7_0413400.1	1269	1270	694	17.2144
PF3D7_0413500.1	1525	1526	483.396	9.97891
PF3D7_0413600.1	1804	1805	21694.3	378.619
PF3D7_0413700.1	2217	2218	926.698	13.1617
PF3D7_0413800.1	1365	1366	424.004	9.7781
PF3D7_0413900.1	3026	3027	8803.02	91.6124
PF3D7_0414000.1	4294	4295	7377.85	54.113
PF3D7_0414100.1	5237	5238	6537.46	39.3168
PF3D7_0414200.1	1235	1236	112.185	2.85924
PF3D7_0414200.2	453	454	54.8198	3.80379
PF3D7_0414300.1	1182	1183	2191	58.3435
PF3D7_0414400.1	993	994	227.11	7.19756
PF3D7_0414500.1	2402	2403	5326.13	69.8221
PF3D7_0414600.1	1507	1508	1319.27	27.5593
PF3D7_0414700.1	3037	3038	1091.93	11.3225
PF3D7_0414800.1	1787	1788	342.311	6.03098
PF3D7_0414900.1	1397	1398	21762.8	490.391
PF3D7_0415000.1	1494	1495	4848.38	102.162
PF3D7_0415100.1	1927	1928	1628.99	26.6163
PF3D7_0415200.1	7684	7685	3557.57	14.5829
PF3D7_0415300.1	4895	4896	12318.8	79.2616
PF3D7_0415400.1	1458	1459	6242.96	134.794
PF3D7_0415500.1	1226	1227	601.306	15.4378
PF3D7_0415600.1	1392	1393	969.237	21.9186
PF3D7_0415700.1	1915	1916	1462	24.0374
PF3D7_0415800.1	3543	3544	9087.31	80.775
PF3D7_0415900.1	2736	2737	5503.46	63.3426
PF3D7_0416000.1	3810	3811	10857.3	89.7467
PF3D7_0416100.1	3522	3523	7720.93	69.0386
PF3D7_0416200.1	1246	1247	13864.1	350.236
PF3D7_0416300.1	5733	5734	3434.73	18.8699
PF3D7_0416400.1	5045	5046	5872.6	36.6622
PF3D7_0416500.1	2014	2015	6886.82	107.666
PF3D7_0416600.1	2501	2502	5400.96	68.0016
PF3D7_0416700.1	1436	1437	421.55	9.24117
PF3D7_0416800.1	1346	1347	2069.09	48.389
PF3D7_0416900.1	8359	8360	6877.63	25.916
PF3D7_0417000.1	1522	1523	3547.53	73.3772
PF3D7_0417100.1	1545	1546	642	13.0816
PF3D7_0417200.1	2169	2170	2393.03	34.7394
PF3D7_0417300.1	3036	3037	3226.96	33.4722
PF3D7_0417400.1	21885	21886	26001.7	37.4258
PF3D7_0417500.1	1645	1646	6877.4	131.622
PF3D7_0417600.1	2560	2561	1400	17.2208
PF3D7_0417700.1	1542	1543	1812	36.9937
PF3D7_0417800.1	3075	3076	2400.79	24.5868
PF3D7_0417900.1	2378	2379	4382.72	58.0342
PF3D7_0418000.1	15607	15608	14995.8	30.2662
PF3D7_0418100.1	5590	5591	7459.62	42.0303
PF3D7_0418200.1	2859	2860	2973.04	32.7469
PF3D7_0418300.1	5993	5994	98928	519.921
PF3D7_0418400.1	647	648	1700.45	82.6655
PF3D7_0418500.1	914	915	3201.78	110.232
PF3D7_0418600.1	7059	7060	20804	92.8276
PF3D7_0418700.1	2461	2462	18928.7	242.196
PF3D7_0418800.1	786	787	1077	43.1098
PF3D7_0418900.1	2016	2017	695.869	10.8682
PF3D7_0419000.1	1323	1324	1808	43.0175
PF3D7_0419100.1	1772	1773	1149.81	20.4293
PF3D7_0419200.1	1175	1176	8.53372	0.228595
PF3D7_0419300.1	2609	2610	4531.47	54.6933
PF3D7_0419400.1	7897	7898	2902.95	11.5786
PF3D7_0419500.1	3397	3398	2510.92	23.2779
PF3D7_0419600.1	2021	2022	11481.3	178.872
PF3D7_0419700.1	2522	2523	4647.31	58.0256
PF3D7_0419800.1	1760	1761	3020.49	54.0322
PF3D7_0419900.1	17434	17435	28685.4	51.8291
PF3D7_0420000.1	12100	12101	29062.8	75.6573
PF3D7_0420100.1	3136	3137	5356.99	53.7949
PF3D7_0420200.1	2711	2712	976.598	11.3439
PF3D7_0420300.1	12755	12756	41220.4	101.796
PF3D7_0420400.1	1062	1063	767	22.7299
PF3D7_0420500.1	921	922	444.218	15.1775
PF3D7_0420600.1	2127	2128	3678.08	54.4483
PF3D7_0420700.1	6459	6460	1109.92	5.41244
PF3D7_0420800.1	135	136	0.5	0.115815
PF3D7_0420900.1	6606	6607	559.71	2.66866
PF3D7_0421000.1	135	136	0.5	0.115815
PF3D7_0421100.1	6546	6547	548.734	2.64031
PF3D7_0421200.1	1041	1042	0	0
PF3D7_0421300.1	6582	6583	718.31	3.43734
PF3D7_0421400.1	135	136	0	0
PF3D7_0421500.1	1011	1012	69.3521	2.15881
PF3D7_0421600.1	1296	1297	53	1.28727
PF3D7_0421700.1	5811	5812	3107.02	16.8405
PF3D7_0421800.1	255	256	24	2.95329
PF3D7_0421900.1	216	217	3727	541.047
PF3D7_0422000.1	2450	2451	1008.03	12.9558
PF3D7_0422100.1	2300	2301	1335.06	18.2776
PF3D7_0422200.1	15070	15071	12892.5	26.9482
PF3D7_0422300.1	3770	3771	37832.3	316.039
PF3D7_0422400.1	1987	1988	102352	1621.87
PF3D7_0422500.1	9275	9276	17332.5	58.8622
PF3D7_0422600.1	887	888	295.32	10.4765
PF3D7_0422700.1	2179	2180	2439.78	35.2557
PF3D7_0422800.1	1413	1414	1059	23.5929
PF3D7_0422900.1	1101	1102	2976.66	85.0908
PF3D7_0423000.1	1374	1375	809	18.5345
PF3D7_0423100.1	1232	1233	3340.92	85.3567
PF3D7_0423200.1	853	854	265.218	9.78318
PF3D7_0423300.1	2258	2259	5624.47	78.4333
PF3D7_0423400.1	1361	1362	2944.9	68.1127
PF3D7_0423500.1	2280	2281	39103.7	540.042
PF3D7_0423600.1	5305	5306	13033.3	77.379
PF3D7_0423700.1	2211	2212	226785	3229.71
PF3D7_0423800.1	1821	1822	18067.3	312.377
PF3D7_0423900.1	801	802	5853.72	229.928
PF3D7_0424000.1	1959	1960	389.987	6.26799
PF3D7_0424100.1	2253	2254	10757.7	150.349
PF3D7_0424200.1	5581	5582	22584	127.452
PF3D7_0424300.1	4293	4294	8751	64.1993
PF3D7_0424400.1	7985	7986	1450.32	5.72097
PF3D7_0424500.1	4085	4086	225457	1738.2
PF3D7_0424600.1	3804	3805	550009	4553.55
PF3D7_0424700.1	7078	7079	115482	513.898
PF3D7_0424800.1	1300	1301	18461.4	447.016
PF3D7_0424900.1	1925	1926	1089.28	17.8163
PF3D7_0425000.1	1137	1138	77	2.13149
PF3D7_0425050.1	447	448	287	20.1808
PF3D7_0425100.1	837	838	1881	70.7098
PF3D7_0425200.1	1244	1245	2753	69.6581
PF3D7_0425250.1	546	547	32	1.84288
PF3D7_0425300.1	699	700	11	0.495028
PF3D7_0425400.1	696	697	167	7.54777
PF3D7_0425500.1	915	916	7.89864	0.271639
PF3D7_0425600.1	915	916	2.33781	0.0803985
PF3D7_0425700.1	975	976	0	0
PF3D7_0425800.1	10662	10663	352.482	1.04134
PF3D7_0425900.1	1536	1537	380.649	7.80164
PF3D7_0426000.1	6450	6451	304.187	1.48542
PF3D7_0500100.1	6624	6625	1271.57	6.04631
PF3D7_0500200.1	72	73	76.1055	32.8419
PF3D7_0500300.1	1023	1024	2.19067	0.0673925
PF3D7_0500400.1	1125	1126	34.0891	0.9537
PF3D7_0500500.1	930	931	6	0.203019
PF3D7_0500600.1	924	925	29.0858	0.990545
PF3D7_0500700.1	275	276	8	0.913095
PF3D7_0500800.1	6015	6016	32864.6	172.09
PF3D7_0500900.1	2210	2211	1297.06	18.4802
PF3D7_0501000.1	1789	1790	3592.63	63.2257
PF3D7_0501100.1	4267	4268	7721.99	56.9954
PF3D7_0501100.2	1173	1174	3236.72	86.8505
PF3D7_0501200.1	2870	2871	5157.28	56.5877
PF3D7_0501300.1	2875	2876	129888	1422.71
PF3D7_0501400.1	7480	7481	1.02717e+06	4325.32
PF3D7_0501500.1	2194	2195	1599.56	22.9563
PF3D7_0501600.1	1753	1754	5170.74	92.8663
PF3D7_0501700.1	2382	2383	1203.27	15.9065
PF3D7_0501800.1	4523	4524	2406.73	16.7587
PF3D7_0501900.1	1982	1983	699.987	11.1199
PF3D7_0502000.1	4661	4662	3054.65	20.6407
PF3D7_0502100.1	2143	2144	277.929	4.08361
PF3D7_0502200.1	2342	2343	1981.84	26.6459
PF3D7_0502300.1	1620	1621	420.957	8.18069
PF3D7_0502400.1	2639	2640	6841.45	81.6356
PF3D7_0502500.1	1785	1786	185	3.26306
PF3D7_0502600.1	3012	3013	2369.79	24.7769
PF3D7_0502700.1	1512	1513	981	20.4251
PF3D7_0502800.1	924	925	6231.64	212.225
PF3D7_0502900.1	1015	1016	616.933	19.1284
PF3D7_0503000.1	1240	1241	3288.14	83.4667
PF3D7_0503100.1	2256	2257	988.063	13.7907
PF3D7_0503200.1	3617	3618	786.083	6.84439
PF3D7_0503300.1	3226	3227	1591.21	15.5333
PF3D7_0503400.1	1983	1984	20477.9	325.146
PF3D7_0503500.1	3518	3519	655.235	5.8656
PF3D7_0503600.1	3295	3296	8535.91	81.5826
PF3D7_0503800.1	1099	1100	73118	2093.95
PF3D7_0503900.1	3128	3129	415.945	4.1876
PF3D7_0504000.1	8216	8217	2060.98	7.90126
PF3D7_0504100.1	1209	1210	608.739	15.8482
PF3D7_0504200.1	2207	2208	2012.67	28.715
PF3D7_0504300.1	983	984	190.651	6.1035
PF3D7_0504400.1	2533	2534	2682	33.3417
PF3D7_0504500.1	1267	1268	7936.11	197.162
PF3D7_0504600.1	1788	1789	44375.2	781.385
PF3D7_0504700.1	7850	7851	13412.7	53.818
PF3D7_0504800.1	17435	17436	14339	25.9064
PF3D7_0504900.1	877	878	48609.1	1744.05
PF3D7_0505000.1	10398	10399	5415.18	16.4042
PF3D7_0505100.1	10290	10291	10193.1	31.2021
PF3D7_0505200.1	2302	2303	374.129	5.11755
PF3D7_0505300.1	2698	2699	7118.63	83.0861
PF3D7_0505400.1	3130	3131	958.104	9.63972
PF3D7_0505500.1	4705	4706	2743.03	18.3617
PF3D7_0505600.1	1441	1442	598.719	13.0796
PF3D7_0505700.1	3764	3765	2458.68	20.5718
PF3D7_0505800.1	2222	2223	1075.88	15.2462
PF3D7_0505900.1	1327	1328	181.369	4.30229
PF3D7_0506000.1	1219	1220	1172.02	30.263
PF3D7_0506100.1	2409	2410	2646.31	34.5906
PF3D7_0506200.1	1374	1375	399.684	9.15692
PF3D7_0506300.1	1646	1647	3069.1	58.702
PF3D7_0506400.1	351	352	722	64.6144
PF3D7_0506500.1	13082	13083	7436.39	17.9056
PF3D7_0506600.1	715	716	100	4.39969
PF3D7_0506700.1	3147	3148	4145.31	41.4818
PF3D7_0506800.1	3964	3965	13143.7	104.426
PF3D7_0506900.1	3517	3518	17139.7	153.476
PF3D7_0507000.1	1217	1218	1221.72	31.598
PF3D7_0507100.1	2621	2622	35836.3	430.552
PF3D7_0507200.1	2931	2932	7441.28	79.95
PF3D7_0507300.1	3684	3685	2073.42	17.725
PF3D7_0507400.1	1491	1492	7076.89	149.42
PF3D7_0507500.1	3031	3032	11632.9	120.863
PF3D7_0507600.1	3089	3090	2903.17	29.5971
PF3D7_0507700.1	2423	2424	1787.81	23.234
PF3D7_0507800.1	6575	6576	15495.1	74.2278
PF3D7_0507900.1	354	355	671	59.5428
PF3D7_0508000.1	2091	2092	1812.35	27.2907
PF3D7_0508100.1	5625	5626	46196.2	258.668
PF3D7_0508200.1	2708	2709	1401.35	16.2956
PF3D7_0508300.1	3801	3802	1389.37	11.5118
PF3D7_0508400.1	1101	1102	417	11.9204
PF3D7_0508500.1	8442	8443	4901.04	18.2863
PF3D7_0508600.1	1102	1103	1083	30.9306
PF3D7_0508700.1	4791	4792	5360.07	35.2362
PF3D7_0508800.1	2889	2890	2474.27	26.9702
PF3D7_0508900.1	10153	10154	53723.2	166.671
PF3D7_0509000.1	1875	1876	902.316	15.1517
PF3D7_0509100.1	6212	6213	4180.88	21.1983
PF3D7_0509200.1	1017	1018	3100.82	95.9543
PF3D7_0509300.1	1478	1479	669.653	14.2632
PF3D7_0509400.1	9749	9750	22758.8	73.5325
PF3D7_0509500.1	1648	1649	2179	41.6267
PF3D7_0509600.1	2719	2720	3438.03	39.8176
PF3D7_0509700.1	1188	1189	343.083	9.08975
PF3D7_0509800.1	5995	5996	21938	115.258
PF3D7_0509900.1	1709	1710	227.219	4.18584
PF3D7_0510000.1	3423	3424	3341.62	30.7438
PF3D7_0510100.1	9864	9865	7018.12	22.4109
PF3D7_0510200.1	3908	3909	2323.47	18.7243
PF3D7_0510300.1	924	925	101	3.43965
PF3D7_0510400.1	2381	2382	426.032	5.63424
PF3D7_0510500.1	3319	3320	3312.38	31.4294
PF3D7_0510600.1	80	81	23	8.94495
PF3D7_0510700.1	1044	1045	1038	31.2908
PF3D7_0510800.1	1929	1930	2555	41.7031
PF3D7_0510900.1	158	159	1836	363.756
PF3D7_0511000.1	1313	1314	1188	28.4811
PF3D7_0511100.1	842	843	1395.22	52.1376
PF3D7_0511200.1	3741	3742	4351.77	36.6351
PF3D7_0511300.1	4451	4452	3856.76	27.2899
PF3D7_0511400.1	1146	1147	428	11.7548
PF3D7_0511500.1	32487	32488	123496	119.747
PF3D7_0511600.1	1325	1326	4777.25	113.493
PF3D7_0511700.1	1841	1842	1155.46	19.7605
PF3D7_0511800.1	2707	2708	20431.8	237.68
PF3D7_0511900.1	2718	2719	732.639	8.48821
PF3D7_0512000.1	817	818	8413.3	324.002
PF3D7_0512100.1	605	606	442.901	23.0234
PF3D7_0512200.1	2649	2650	487	5.78919
PF3D7_0512300.1	2057	2058	329.438	5.0427
PF3D7_0512400.1	705	706	737	32.885
PF3D7_0512450.1	1350	1351	2628.39	61.2871
PF3D7_0512500.1	3706	3707	4040.4	34.3349
PF3D7_0512600.1	1763	1764	3484.85	62.2329
PF3D7_0512700.1	1551	1552	725.166	14.7191
PF3D7_0512800.1	5687	5688	1447.01	8.01394
PF3D7_0512900.1	849	850	4985	184.749
PF3D7_0513000.1	1388	1389	18830.2	427.06
PF3D7_0513100.1	1158	1159	1783.19	48.4674
PF3D7_0513200.1	9371	9372	5481.59	18.4251
PF3D7_0513300.1	1934	1935	486.877	7.92634
PF3D7_0513400.1	1317	1318	2333.27	55.7678
PF3D7_0513500.1	825	826	772.55	29.4633
PF3D7_0513600.1	4866	4867	11661.5	75.4795
PF3D7_0513700.1	2920	2921	5210.76	56.1959
PF3D7_0513800.1	1155	1156	3095.15	84.3448
PF3D7_0513900.1	1077	1078	377.045	11.0182
PF3D7_0514000.1	1303	1304	3517	84.963
PF3D7_0514100.1	4582	4583	2584.37	17.764
PF3D7_0514200.1	3207	3208	848.178	8.3289
PF3D7_0514300.1	3910	3911	4271.34	34.4042
PF3D7_0514400.1	73	74	2	0.851399
PF3D7_0514500.1	1059	1060	3651	108.503
PF3D7_0514600.1	1981	1982	452.107	7.18576
PF3D7_0514700.1	4683	4684	1253.06	8.42733
PF3D7_0514800.1	2971	2972	1072	11.3627
PF3D7_0514900.1	2004	2005	2840.32	44.626
PF3D7_0515000.1	3947	3948	3448.43	27.5156
PF3D7_0515100.1	1830	1831	659.117	11.3399
PF3D7_0515200.1	438	439	2318	166.335
PF3D7_0515300.1	6629	6630	14099.3	66.9916
PF3D7_0515400.1	3187	3188	2678.88	26.471
PF3D7_0515500.1	2883	2884	6357	69.4372
PF3D7_0515600.1	4427	4428	5388.03	38.3316
PF3D7_0515700.1	2833	2834	6985.99	77.6538
PF3D7_0515800.1	1584	1585	705.32	14.0182
PF3D7_0515900.1	1762	1763	1720.8	30.7477
PF3D7_0516000.1	4567	4568	2877.52	19.8439
PF3D7_0516100.1	7676	7677	3974.46	16.3088
PF3D7_0516200.1	1997	1998	2987.52	47.1033
PF3D7_0516300.1	3841	3842	3790.63	31.0806
PF3D7_0516400.1	1677	1678	324.425	6.09056
PF3D7_0516500.1	1329	1330	717	16.9825
PF3D7_0516600.1	7106	7107	5790.73	25.6674
PF3D7_0516700.1	5653	5654	13752.9	76.6253
PF3D7_0516800.1	8693	8694	6952.79	25.1927
PF3D7_0516900.1	1709	1710	88649.6	1633.11
PF3D7_0517000.1	2161	2162	5556.66	80.9642
PF3D7_0517100.1	2141	2142	10693.2	157.262
PF3D7_0517200.1	2236	2237	14612.2	205.771
PF3D7_0517300.1	4349	4350	17232.5	124.794
PF3D7_0517400.1	3926	3927	11102.8	89.0652
PF3D7_0517500.1	3084	3085	8532.42	87.1269
PF3D7_0517600.1	1715	1716	1842.2	33.8186
PF3D7_0517700.1	2836	2837	13798.3	153.215
PF3D7_0517800.1	717	718	235	10.3105
PF3D7_0517900.1	2183	2184	10636.1	153.414
PF3D7_0518000.1	1243	1244	1992	50.4433
PF3D7_0518100.1	4752	4753	1020.97	6.76677
PF3D7_0518200.1	1451	1452	290.746	6.30785
PF3D7_0518300.1	1662	1663	669.183	12.6762
PF3D7_0518400.1	690	691	77	3.51033
PF3D7_0518500.1	4129	4130	4495.34	34.2884
PF3D7_0518600.1	5230	5231	4040.74	24.3338
PF3D7_0518700.1	6186	6187	1696.06	8.63568
PF3D7_0518800.1	612	613	9596	493.134
PF3D7_0518900.1	585	586	447	24.0295
PF3D7_0519000.1	1947	1948	1208.08	19.5362
PF3D7_0519100.1	1133	1134	210.886	5.85828
PF3D7_0519200.1	1305	1306	18273.1	440.762
PF3D7_0519300.1	2735	2736	2143.32	24.6778
PF3D7_0519400.1	1417	1418	2074.69	46.0907
PF3D7_0519500.1	9147	9148	4977.36	17.1399
PF3D7_0519600.1	3604	3605	1049.63	9.17204
PF3D7_0519700.1	1881	1882	25269	422.964
PF3D7_0519800.1	4306	4307	24600	179.927
PF3D7_0519900.1	3002	3003	1601.91	16.8042
PF3D7_0520000.1	1500	1501	4109.44	86.2456
PF3D7_0520100.1	3371	3372	2316.68	21.6428
PF3D7_0520200.1	3156	3157	533.12	5.31968
PF3D7_0520300.1	1191	1192	2795.67	73.883
PF3D7_0520400.1	1880	1881	333.401	5.58358
PF3D7_0520500.1	1352	1353	424	9.87195
PF3D7_0520600.1	1402	1403	2113.11	47.446
PF3D7_0520700.1	3454	3455	1203	10.9686
PF3D7_0520800.1	6866	6867	2807.08	12.8773
PF3D7_0520900.1	2868	2869	7633.32	83.8142
PF3D7_0521000.1	2801	2802	3676.44	41.3328
PF3D7_0521100.1	4581	4582	2154	14.809
PF3D7_0521200.1	1250	1251	2597	65.3958
PF3D7_0521300.1	4994	4995	9625.62	60.7055
PF3D7_0521400.1	1961	1962	411	6.59899
PF3D7_0521500.1	1986	1987	1553.32	24.6262
PF3D7_0521600.1	1816	1817	284.907	4.9395
PF3D7_0521700.1	3094	3095	981.019	9.98508
PF3D7_0521800.1	1908	1909	185	3.05282
PF3D7_0521900.1	5328	5329	3261	19.277
PF3D7_0522000.1	1294	1295	1232.89	29.9908
PF3D7_0522100.1	3520	3521	4144.6	37.081
PF3D7_0522200.1	1544	1545	3162.6	64.4837
PF3D7_0522300.1	1724	1725	4602.51	84.0505
PF3D7_0522400.1	29306	29307	32814.1	35.2715
PF3D7_0522500.1	501	502	933	58.5481
PF3D7_0522600.1	2918	2919	13396.8	144.577
PF3D7_0522700.1	1107	1108	599.765	17.052
PF3D7_0522800.1	1750	1751	3087.24	55.5416
PF3D7_0522900.1	5731	5732	2370.25	13.0264
PF3D7_0523000.1	7141	7142	105247	464.221
PF3D7_0523100.1	2749	2750	2370.9	27.1591
PF3D7_0523200.1	4376	4377	2316.83	16.6745
PF3D7_0523300.1	1510	1511	17399	362.74
PF3D7_0523400.1	2099	2100	26112	391.702
PF3D7_0523500.1	813	814	3018	116.796
PF3D7_0523600.1	1037	1038	153	4.64332
PF3D7_0523700.1	5376	5377	1237.15	7.24798
PF3D7_0523800.1	5006	5007	1437.12	9.04172
PF3D7_0523900.1	3875	3876	17711.2	143.946
PF3D7_0524000.1	6741	6742	24000.8	112.143
PF3D7_0524100.1	5544	5545	9726.59	55.2579
PF3D7_0524200.1	950	951	661	21.8956
PF3D7_0524300.1	2268	2269	3368.58	46.7679
PF3D7_0524400.1	2142	2143	1773.14	26.0649
PF3D7_0524500.1	1734	1735	701.747	12.7414
PF3D7_0524600.1	1715	1716	456.665	8.3833
PF3D7_0524700.1	1462	1463	56.0172	1.20618
PF3D7_0524800.1	3061	3062	1748.47	17.9882
PF3D7_0524900.1	4239	4240	6469.54	48.0665
PF3D7_0525000.1	4671	4672	4233.33	28.544
PF3D7_0525100.1	3000	3001	36155	379.522
PF3D7_0525200.1	6994	6995	13972.4	62.9242
PF3D7_0525300.1	1747	1748	2394.12	43.1459
PF3D7_0525400.1	1534	1535	1931.13	39.6313
PF3D7_0525500.1	6224	6225	1879.79	9.51271
PF3D7_0525600.1	4079	4080	1597.87	12.3372
PF3D7_0525700.1	1500	1501	6166.22	129.412
PF3D7_0525800.1	1895	1896	17326.2	287.873
PF3D7_0525900.1	1090	1091	2007	57.9506
PF3D7_0526000.1	3246	3247	1214.12	11.7791
PF3D7_0526100.1	2089	2090	619.275	9.33409
PF3D7_0526200.1	2842	2843	4932.35	54.6527
PF3D7_0526200.2	2839	2840	1911.26	21.2
PF3D7_0526300.1	1833	1834	4963.98	85.264
PF3D7_0526400.1	1748	1749	337.382	6.07668
PF3D7_0526500.1	4693	4694	7873.69	52.8409
PF3D7_0526600.1	17362	17363	10317.6	18.7193
PF3D7_0526700.1	2781	2782	437.013	4.94849
PF3D7_0526800.1	2412	2413	1184.52	15.4639
PF3D7_0526900.1	1653	1654	4192.25	79.8448
PF3D7_0527000.1	4184	4185	6750.14	50.8104
PF3D7_0527100.1	1505	1506	462	9.66389
PF3D7_0527200.1	2534	2535	4334.88	53.8684
PF3D7_0527300.1	2303	2304	1810.12	24.7491
PF3D7_0527400.1	3020	3021	24064.4	250.933
PF3D7_0527500.1	2571	2572	4949.96	60.627
PF3D7_0527600.1	2296	2297	1740.01	23.8631
PF3D7_0527700.1	73	74	33	14.0481
PF3D7_0527800.1	83	84	84	31.5018
PF3D7_0527900.1	2487	2488	1893.76	23.9778
PF3D7_0528000.1	920	921	410	14.0236
PF3D7_0528100.1	3827	3828	3496.6	28.7746
PF3D7_0528200.1	2430	2431	5078.64	65.8108
PF3D7_0528300.1	3332	3333	3813.06	36.0391
PF3D7_0528400.1	3214	3215	7929.19	77.6931
PF3D7_0528500.1	1543	1544	9111.75	185.904
PF3D7_0528600.1	694	695	8624.9	390.935
PF3D7_0528700.1	1919	1920	3301.07	54.1612
PF3D7_0528800.1	2525	2526	1692.79	21.1108
PF3D7_0528900.1	1363	1364	2043.08	47.1852
PF3D7_0529000.1	3837	3838	15158.7	124.421
PF3D7_0529100.1	890	891	212.301	7.50602
PF3D7_0529200.1	1647	1648	2261	43.2194
PF3D7_0529300.1	1527	1528	151.064	3.11438
PF3D7_0529400.1	5907	5908	3874.7	20.6601
PF3D7_0529400.2	5667	5668	1166.91	6.4855
PF3D7_0529500.1	1121	1122	1176	33.0179
PF3D7_0529600.1	73	74	8	3.4056
PF3D7_0529700.1	4063	4064	1706.3	13.2262
PF3D7_0529800.1	7317	7318	4082.37	17.5734
PF3D7_0529900.1	3218	3219	62671	613.311
PF3D7_0530000.1	2603	2604	3161.65	38.2479
PF3D7_0530100.1	2118	2119	532.214	7.91208
PF3D7_0530200.1	2418	2419	3535.23	46.0381
PF3D7_0530300.1	5813	5814	2834	15.3554
PF3D7_0530400.1	5880	5881	808.977	4.33331
PF3D7_0530500.1	3030	3031	988.852	10.2773
PF3D7_0530600.1	1771	1772	4105.34	72.9828
PF3D7_0530700.1	4330	4331	5321.11	38.7034
PF3D7_0530750.1	849	850	97.5473	3.61519
PF3D7_0530800.1	1299	1300	9274.43	224.739
PF3D7_0530900.1	8693	8694	3417	12.3811
PF3D7_0531000.1	2698	2699	2818.06	32.8913
PF3D7_0531100.1	9062	9063	3264.02	11.3453
PF3D7_0531200.1	1333	1334	505.974	11.9483
PF3D7_0531300.1	1303	1304	425.558	10.2806
PF3D7_0531400.1	4313	4314	1350.38	9.86079
PF3D7_0531500.1	750	751	861	36.1159
PF3D7_0531600.1	2092	2093	1.39383e+06	20978.5
PF3D7_0531800.1	159	160	9970	1962.95
PF3D7_0532000.1	3790	3791	6.07396e+06	50472.3
PF3D7_0532100.1	2553	2554	24114.3	297.433
PF3D7_0532200.1	1022	1023	20473	630.436
PF3D7_0532300.1	3341	3342	6126.29	57.7465
PF3D7_0532400.1	3267	3268	2285.47	22.0307
PF3D7_0532500.1	498	499	76	4.79786
PF3D7_0532600.1	1288	1289	103	2.51721
PF3D7_0532700.1	849	850	52	1.92717
PF3D7_0532800.1	786	787	33	1.32091
PF3D7_0532900.1	957	958	10	0.328829
PF3D7_0533000.1	1029	1030	43	1.31512
PF3D7_0533100.1	9495	9496	1800	5.97127
PF3D7_0600100.1	780	781	7	0.282346
PF3D7_0600200.1	8640	8641	158.803	0.578935
PF3D7_0600300.1	1116	1117	24.1642	0.68148
PF3D7_0600400.1	5134	5135	175.297	1.0754
PF3D7_0600500.1	1119	1120	1.91081	0.0537447
PF3D7_0600600.1	1323	1324	67.9099	1.61577
PF3D7_0600700.1	1050	1051	4.31437	0.129315
PF3D7_0600800.1	1068	1069	1	0.0294684
PF3D7_0600900.1	963	964	2.12569	0.0694636
PF3D7_0601000.1	930	931	4643.77	157.129
PF3D7_0601100.1	693	694	26.2374	1.19096
PF3D7_0601200.1	1335	1336	272.925	6.43535
PF3D7_0601300.1	849	850	4.73308	0.175412
PF3D7_0601400.1	1548	1549	20.3156	0.413156
PF3D7_0601500.1	2955	2956	1166.42	12.4304
PF3D7_0601600.1	1504	1505	109.455	2.29105
PF3D7_0601700.1	870	871	1860	67.2713
PF3D7_0601800.1	151	152	1.00848	0.209007
PF3D7_0601900.1	3185	3186	11450.9	113.222
PF3D7_0602000.1	7338	7339	2990.63	12.8369
PF3D7_0602100.1	5413	5414	10596.4	61.6558
PF3D7_0602200.1	1614	1615	376.482	7.34356
PF3D7_0602300.1	945	946	240	7.99199
PF3D7_0602400.1	2994	2995	1856.83	19.5303
PF3D7_0602500.1	2380	2381	177.586	2.34955
PF3D7_0602600.1	4940	4941	2294.45	14.6284
PF3D7_0602700.1	1887	1888	273	4.55508
PF3D7_0602800.1	2591	2592	1744.88	21.2063
PF3D7_0602900.1	2538	2539	2780.2	34.4944
PF3D7_0603000.1	3599	3600	15073.3	131.899
PF3D7_0603100.1	2009	2010	3758.76	58.9092
PF3D7_0603200.1	2094	2095	1081.3	16.2592
PF3D7_0603300.1	2602	2603	1244.23	15.0578
PF3D7_0603400.1	5312	5313	2796.3	16.5798
PF3D7_0603500.1	2347	2348	1471.92	19.748
PF3D7_0603600.1	8390	8391	8120.51	30.4863
PF3D7_0603700.1	2193	2194	625.687	8.9837
PF3D7_0603800.1	5744	5745	10007	54.8718
PF3D7_0603900.1	1792	1793	500.235	8.78878
PF3D7_0604000.1	6782	6783	883.108	4.10135
PF3D7_0604100.1	8210	8211	9982.88	38.2996
PF3D7_0604200.1	799	800	417.011	16.4207
PF3D7_0604300.1	3081	3082	1179.66	12.0576
PF3D7_0604400.1	537	538	1695	99.2481
PF3D7_0604500.1	9868	9869	55579.4	177.409
PF3D7_0604600.1	5139	5140	6286	38.5253
PF3D7_0604700.1	1532	1533	6449.09	132.523
PF3D7_0604800.1	4996	4997	1059.02	6.67623
PF3D7_0604900.1	894	895	1495.34	52.6324
PF3D7_0605000.1	1083	1084	1036.36	30.1174
PF3D7_0605100.1	5335	5336	6255.14	36.928
PF3D7_0605200.1	1101	1102	689.804	19.7187
PF3D7_0605300.1	1893	1894	2682.55	44.6172
PF3D7_0605400.1	650	651	106.45	5.15109
PF3D7_0605500.1	2283	2284	512.514	7.06879
PF3D7_0605600.1	5487	5488	11556	66.3328
PF3D7_0605700.1	855	856	330	12.1444
PF3D7_0605800.1	8661	8662	13183.3	47.9447
PF3D7_0605900.1	3012	3013	79154.5	827.583
PF3D7_0606000.1	6030	6031	61825.2	322.932
PF3D7_0606100.1	2721	2722	12670.8	146.64
PF3D7_0606200.1	1919	1920	875.253	14.3604
PF3D7_0606300.1	1223	1224	1033	26.5861
PF3D7_0606400.1	378	379	2108	175.213
PF3D7_0606500.1	4429	4430	3154.1	22.4288
PF3D7_0606600.1	9404	9405	26490.8	88.7302
PF3D7_0606700.1	5460	5461	15980.9	92.186
PF3D7_0606800.1	2682	2683	5040.23	59.1786
PF3D7_0606900.1	2483	2484	398.832	5.05793
PF3D7_0607000.1	5841	5842	27205.4	146.699
PF3D7_0607100.1	1419	1420	843	18.7014
PF3D7_0607200.1	2048	2049	5343.51	82.1523
PF3D7_0607300.1	2142	2143	5404.09	79.4392
PF3D7_0607400.1	2465	2466	4843.96	61.8789
PF3D7_0607500.1	2992	2993	668.938	7.04067
PF3D7_0607600.1	6287	6288	1738.84	8.71126
PF3D7_0607700.1	9924	9925	2249.59	7.14015
PF3D7_0607800.1	2596	2597	4870.2	59.0758
PF3D7_0607900.1	3303	3304	7715.16	73.5597
PF3D7_0608000.1	1154	1155	1225.81	33.4331
PF3D7_0608100.1	5684	5685	5511.46	30.5402
PF3D7_0608200.1	591	592	367.794	19.5712
PF3D7_0608300.1	5462	5463	2922.1	16.85
PF3D7_0608310.1	1760	1761	821.239	14.6908
PF3D7_0608400.1	524	525	2170	130.207
PF3D7_0608500.1	2790	2791	1460.58	16.4854
PF3D7_0608600.1	1546	1547	1041.59	21.2101
PF3D7_0608700.1	3688	3689	4536.51	38.739
PF3D7_0608800.1	1861	1862	139977	2368.16
PF3D7_0608900.1	4370	4371	21301	153.516
PF3D7_0609000.1	19584	19585	32877.4	52.882
PF3D7_0609100.1	2846	2847	2179.72	24.1183
PF3D7_0609200.1	2177	2178	775.049	11.21
PF3D7_0609300.1	3089	3090	5117.54	52.172
PF3D7_0609400.1	2756	2757	4446.37	50.8047
PF3D7_0609500.1	3204	3205	2565	25.2112
PF3D7_0609600.1	3774	3775	1409	11.7579
PF3D7_0609700.1	7392	7393	55225.8	235.319
PF3D7_0609800.1	2110	2111	1393.09	20.7886
PF3D7_0609900.1	8471	8472	4023.95	14.9624
PF3D7_0610000.1	1664	1665	261.824	4.9537
PF3D7_0610100.1	2121	2122	2223.08	33.0024
PF3D7_0610200.1	3682	3683	6331.12	54.1519
PF3D7_0610300.1	414	415	92	6.98353
PF3D7_0610400.1	1222	1223	8412.48	216.687
PF3D7_0610500.1	1996	1997	909.206	14.3423
PF3D7_0610600.1	2467	2468	3106.22	39.6481
PF3D7_0610700.1	455	456	1830	126.422
PF3D7_0610800.1	2752	2753	5456.55	62.4377
PF3D7_0610900.1	4823	4824	26595.9	173.677
PF3D7_0611000.1	1858	1859	812.365	13.766
PF3D7_0611100.1	491	492	282.29	18.0745
PF3D7_0611200.1	1606	1607	2856.83	56.002
PF3D7_0611300.1	1504	1505	470.872	9.85601
PF3D7_0611400.1	3382	3383	1109.88	10.335
PF3D7_0611500.1	1083	1084	87	2.52828
PF3D7_0611600.1	2826	2827	5231.25	58.2928
PF3D7_0611700.1	534	535	8464	498.376
PF3D7_0611800.1	10682	10683	16760	49.4215
PF3D7_0611900.1	1992	1993	612.563	9.6823
PF3D7_0612000.1	1673	1674	569.568	10.7183
PF3D7_0612100.1	3234	3235	1725.56	16.8032
PF3D7_0612200.1	6241	6242	24001.6	121.13
PF3D7_0612300.1	729	730	387	16.7003
PF3D7_0612400.1	1036	1037	192	5.83254
PF3D7_0612500.1	366	367	2759	236.821
PF3D7_0612600.1	2795	2796	3330.34	37.5221
PF3D7_0612700.1	2115	2116	16284.9	242.44
PF3D7_0612800.1	1566	1567	3196.36	64.2573
PF3D7_0612900.1	2973	2974	6162.24	65.2729
PF3D7_0613000.1	1134	1135	108.828	3.0205
PF3D7_0613000.2	351	352	94.578	8.46413
PF3D7_0613000.3	357	358	10.8042	0.950702
PF3D7_0613100.1	1348	1349	549.804	12.839
PF3D7_0613200.1	693	694	473.737	21.5037
PF3D7_0613300.1	5275	5276	4974.1	29.6992
PF3D7_0613400.1	1107	1108	6716.75	190.965
PF3D7_0613500.1	4645	4646	2093.43	14.1943
PF3D7_0613600.1	4359	4360	5785.32	41.7999
PF3D7_0613700.1	3907	3908	14621.4	117.861
PF3D7_0613800.1	12782	12783	14151.8	34.875
PF3D7_0613900.1	7340	7341	57795.4	248.012
PF3D7_0614000.1	2480	2481	6007.49	76.2784
PF3D7_0614100.1	3889	3890	2050.03	16.6014
PF3D7_0614200.1	2863	2864	7992.11	87.907
PF3D7_0614300.1	5912	5913	13411.5	71.4506
PF3D7_0614400.1	3840	3841	12776	104.781
PF3D7_0614500.1	2576	2577	2283.89	27.9188
PF3D7_0614600.1	2364	2365	1056.35	14.0706
PF3D7_0614700.1	2297	2298	2362.14	32.381
PF3D7_0614800.1	1984	1985	1891.09	30.0115
PF3D7_0614900.1	4015	4016	14712.8	115.408
PF3D7_0615000.1	917	918	250.085	8.58185
PF3D7_0615100.1	1724	1725	437.896	7.99681
PF3D7_0615200.1	1379	1380	2402	54.8313
PF3D7_0615300.1	2653	2654	6224	73.876
PF3D7_0615400.1	10916	10917	18195.2	52.5036
PF3D7_0615500.1	3543	3544	117638	1045.65
PF3D7_0615600.1	8190	8191	13408.1	51.566
PF3D7_0615700.1	1120	1121	133.016	3.73795
PF3D7_0615800.1	4272	4273	1827.91	13.4759
PF3D7_0615900.1	6655	6656	5592.8	26.4698
PF3D7_0616000.1	2490	2491	501.463	6.34162
PF3D7_0616100.1	923	924	719.461	24.5284
PF3D7_0616200.1	2095	2096	16700.5	251
PF3D7_0616300.1	1323	1324	422.835	10.0605
PF3D7_0616400.1	6024	6025	889.23	4.64935
PF3D7_0616500.1	4116	4117	1203	9.20491
PF3D7_0616600.1	2057	2058	1951.06	29.8649
PF3D7_0616700.1	3101	3102	1483.55	15.0659
PF3D7_0616800.1	3156	3157	2960.02	29.5362
PF3D7_0616900.1	5429	5430	2997.28	17.3885
PF3D7_0617000.1	1968	1969	293.428	4.69452
PF3D7_0617100.1	6197	6198	7370.93	37.4633
PF3D7_0617200.1	4684	4685	8748.52	58.8247
PF3D7_0617300.1	1028	1029	2079.03	63.6472
PF3D7_0617400.1	7934	7935	584.629	2.32096
PF3D7_0617500.1	1014	1015	3	0.0931087
PF3D7_0617600.1	1418	1419	33.6144	0.746238
PF3D7_0617700.1	996	997	21.9528	0.693634
PF3D7_0617800.1	1957	1958	33136	533.116
PF3D7_0617900.1	2659	2660	82797.6	980.553
PF3D7_0618000.1	4377	4378	5673.47	40.8233
PF3D7_0618100.1	2846	2847	6001.48	66.4058
PF3D7_0618200.1	1495	1496	494.626	10.4155
PF3D7_0618300.1	2055	2056	6172.63	94.5763
PF3D7_0618400.1	1797	1798	618	10.8276
PF3D7_0618500.1	1561	1562	13157.9	265.363
PF3D7_0618600.1	825	826	2375	90.5771
PF3D7_0618700.1	1248	1249	2360.87	59.5449
PF3D7_0618800.1	3712	3713	1508.88	12.8016
PF3D7_0618900.1	3086	3087	548.777	5.60008
PF3D7_0618900.2	1731	1732	5758.1	104.729
PF3D7_0619000.1	6087	6088	5788.35	29.9513
PF3D7_0619000.2	5394	5395	14046.1	82.0163
PF3D7_0619100.1	1775	1776	2292.3	40.6597
PF3D7_0619200.1	3962	3963	10587.8	84.1622
PF3D7_0619300.1	11256	11257	6615.77	18.5137
PF3D7_0619400.1	3473	3474	10960	99.3836
PF3D7_0619500.1	4750	4751	1856.03	12.3065
PF3D7_0619600.1	3341	3342	1281.67	12.0811
PF3D7_0619700.1	1979	1980	1294	20.5875
PF3D7_0619800.1	8720	8721	5068.8	18.3094
PF3D7_0619900.1	1925	1926	612.499	10.0181
PF3D7_0620000.1	1518	1519	365	7.56955
PF3D7_0620100.1	1186	1187	684	18.1527
PF3D7_0620200.1	1491	1492	250.034	5.27916
PF3D7_0620300.1	2830	2831	1433.58	15.9521
PF3D7_0620400.1	2039	2040	7984.61	123.299
PF3D7_0620500.1	3504	3505	2668.59	23.9844
PF3D7_0620600.1	1625	1626	3149.95	61.0265
PF3D7_0620700.1	2033	2034	3072.29	47.5824
PF3D7_0620800.1	72	73	21	9.06215
PF3D7_0620900.1	81	82	11	4.22585
PF3D7_0621000.1	3073	3074	1289.1	13.2105
PF3D7_0621100.1	4958	4959	3468.47	22.0333
PF3D7_0621200.1	1971	1972	5253.53	83.9226
PF3D7_0621300.1	4493	4494	3957.66	27.7422
PF3D7_0621350.1	417	418	5.5331	0.416992
PF3D7_0621400.1	2490	2491	609.063	7.70235
PF3D7_0621500.1	1323	1324	559.568	13.3137
PF3D7_0621600.1	82	83	130	49.3401
PF3D7_0621700.1	5908	5909	1544.09	8.23178
PF3D7_0621800.1	1756	1757	3447	61.8023
PF3D7_0621900.1	3326	3327	3944.48	37.3484
PF3D7_0622000.1	979	980	297	9.54697
PF3D7_0622100.1	4766	4767	861.256	5.69144
PF3D7_0622200.1	2997	2998	6829.97	71.7665
PF3D7_0622300.1	3055	3056	479.327	4.94099
PF3D7_0622400.1	895	896	171.686	6.03618
PF3D7_0622500.1	1946	1947	310	5.01569
PF3D7_0622600.1	646	647	1869	90.9997
PF3D7_0622700.1	1917	1918	2806.09	46.088
PF3D7_0622800.1	5966	5967	18745.5	98.9638
PF3D7_0622900.1	8900	8901	76184.2	269.626
PF3D7_0623000.1	2438	2439	4390.67	56.7093
PF3D7_0623100.1	4094	4095	12800.8	98.4734
PF3D7_0623200.1	2530	2531	690.246	8.59106
PF3D7_0623300.1	1701	1702	1958.44	36.2482
PF3D7_0623400.1	1284	1285	567	13.9
PF3D7_0623500.1	1073	1074	947.023	27.7774
PF3D7_0623600.1	3178	3179	1367.92	13.5552
PF3D7_0623700.1	3723	3724	6952	58.8078
PF3D7_0623800.1	11662	11663	130755	353.168
PF3D7_0623900.1	1364	1365	29913.9	690.36
PF3D7_0624000.1	3051	3052	934.825	9.64897
PF3D7_0624100.1	2041	2042	1169	18.0341
PF3D7_0624200.1	1364	1365	12347.4	284.956
PF3D7_0624300.1	558	559	3333	187.827
PF3D7_0624400.1	2324	2325	6116.31	82.8708
PF3D7_0624500.1	2773	2774	2956.85	33.5782
PF3D7_0624600.1	10910	10911	75929.7	219.221
PF3D7_0624700.1	1301	1302	1436.75	34.762
PF3D7_0624800.1	1875	1876	464	7.79148
PF3D7_0624900.1	1986	1987	5511.32	87.3761
PF3D7_0625000.1	2273	2274	1088.59	15.0802
PF3D7_0625000.2	1386	1387	115.717	2.62819
PF3D7_0625100.1	1200	1201	135	3.541
PF3D7_0625200.1	1931	1932	1805.55	29.44
PF3D7_0625300.1	4944	4945	1431.94	9.12209
PF3D7_0625400.1	2503	2504	2310.24	29.0642
PF3D7_0625500.1	3240	3241	11393.7	110.744
PF3D7_0625600.1	4447	4448	18536.5	131.28
PF3D7_0625700.1	1264	1265	140	3.48636
PF3D7_0625800.1	2554	2555	532	6.55927
PF3D7_0625900.1	981	982	76	2.43802
PF3D7_0626000.1	6755	6756	2773.68	12.9331
PF3D7_0626100.1	1583	1584	2455	48.8238
PF3D7_0626200.1	1685	1686	1561.18	29.1697
PF3D7_0626300.1	1422	1423	1792	39.6705
PF3D7_0626400.1	3782	3783	3021.07	25.1571
PF3D7_0626500.1	2844	2845	878	9.72181
PF3D7_0626600.1	1074	1075	290.282	8.50643
PF3D7_0626700.1	2531	2532	409.275	5.09198
PF3D7_0626800.1	3264	3265	19898.8	191.99
PF3D7_0626840.1	229	230	33	4.51982
PF3D7_0626900.1	1859	1860	564.935	9.56798
PF3D7_0627000.1	3500	3501	4735.92	42.6135
PF3D7_0627100.1	7312	7313	47178.5	203.228
PF3D7_0627200.1	748	749	831.065	34.9533
PF3D7_0627300.1	2043	2044	28295.6	436.087
PF3D7_0627400.1	1243	1244	494.841	12.5308
PF3D7_0627500.1	1695	1696	5214.36	96.8523
PF3D7_0627600.1	2438	2439	1092.49	14.1105
PF3D7_0627700.1	7580	7581	12259.3	50.942
PF3D7_0627800.1	4176	4177	11823.3	89.1679
PF3D7_0627900.1	2567	2568	553.371	6.78822
PF3D7_0628000.1	997	998	56.4423	1.7816
PF3D7_0628100.1	32160	32161	74648.1	73.118
PF3D7_0628200.1	11064	11065	27170.1	77.3526
PF3D7_0628300.1	3394	3395	666079	6180.46
PF3D7_0628400.1	1417	1418	1859	41.2989
PF3D7_0628500.1	1471	1472	424.337	9.08109
PF3D7_0628600.1	1657	1658	14235.4	270.47
PF3D7_0628700.1	2754	2755	3216.59	36.7798
PF3D7_0628800.1	4147	4148	309.223	2.34838
PF3D7_0628900.1	4329	4330	699.017	5.08551
PF3D7_0629000.1	914	915	861	29.6426
PF3D7_0629100.1	2904	2905	1176.34	12.7562
PF3D7_0629200.1	3703	3704	7084.84	60.2551
PF3D7_0629300.1	3317	3318	5268.26	50.0179
PF3D7_0629400.1	4785	4786	2132.3	14.035
PF3D7_0629500.1	3731	3732	5893.75	49.7491
PF3D7_0629600.1	2281	2282	1686.28	23.2782
PF3D7_0629700.1	21239	21240	28964.4	42.9581
PF3D7_0629800.1	4244	4245	2730.51	20.2629
PF3D7_0629900.1	3211	3212	1474.89	14.465
PF3D7_0630000.1	843	844	36	1.34368
PF3D7_0630100.1	2658	2659	6002.24	71.1098
PF3D7_0630200.1	408	409	2385	183.696
PF3D7_0630300.1	10085	10086	5823.04	18.1872
PF3D7_0630400.1	2202	2203	749.531	10.7179
PF3D7_0630500.1	2859	2860	2900	31.9424
PF3D7_0630600.1	3115	3116	14731.5	148.931
PF3D7_0630700.1	2671	2672	1043.35	12.3006
PF3D7_0630800.1	1484	1485	3167.41	67.1913
PF3D7_0630900.1	2694	2695	2300.59	26.8915
PF3D7_0631000.1	2532	2533	1483.28	18.4468
PF3D7_0631100.1	2951	2952	1135.92	12.1218
PF3D7_0631200.1	1419	1420	8.71857	0.193416
PF3D7_0631300.1	849	850	0	0
PF3D7_0631400.1	696	697	26.917	1.21655
PF3D7_0631500.1	693	694	0	0
PF3D7_0631600.1	930	931	4643.77	157.129
PF3D7_0631700.1	1083	1084	14.3413	0.416768
PF3D7_0631800.1	1029	1030	2.5363	0.0775708
PF3D7_0631900.1	912	913	1.36915	0.0472406
PF3D7_0632000.1	1113	1114	27	0.763508
PF3D7_0632100.1	972	973	5.34836	0.173158
PF3D7_0632200.1	1134	1135	1.39502	0.0387185
PF3D7_0632250.1	204	205	3	0.461002
PF3D7_0632300.1	1080	1081	50.3354	1.46684
PF3D7_0632400.1	1134	1135	20.8818	0.57957
PF3D7_0632500.1	11865	11866	687.487	1.82514
PF3D7_0632600.1	1050	1051	88.2452	2.64499
PF3D7_0632700.1	1131	1132	0	0
PF3D7_0632800.1	6717	6718	403.526	1.8922
PF3D7_0700100.1	6861	6862	382.904	1.75782
PF3D7_0700200.1	972	973	5.4409	0.176154
PF3D7_0700300.1	951	952	0	0
PF3D7_0700400.1	903	904	2.28392	0.0795881
PF3D7_0700500.1	1074	1075	4.15416	0.121733
PF3D7_0700600.1	870	871	0	0
PF3D7_0700700.1	864	865	0	0
PF3D7_0700800.1	1433	1434	40.6907	0.893884
PF3D7_0700900.1	1053	1054	4.06835	0.121594
PF3D7_0701000.1	1548	1549	18.4665	0.375549
PF3D7_0701100.1	990	991	0	0
PF3D7_0701200.1	924	925	10.4637	0.356351
PF3D7_0701300.1	1083	1084	14.3413	0.416768
PF3D7_0701400.1	927	928	109.257	3.70883
PF3D7_0701500.1	693	694	24.0957	1.09374
PF3D7_0701600.1	1321	1322	83.0363	1.97866
PF3D7_0701700.1	849	850	3.71519	0.137688
PF3D7_0701800.1	996	997	27	0.853107
PF3D7_0701900.1	4227	4228	21662	161.398
PF3D7_0702000.1	2459	2460	8520.43	109.109
PF3D7_0702100.1	2016	2017	35310	551.476
PF3D7_0702200.1	3872	3873	20281.3	164.962
PF3D7_0702300.1	3548	3549	5868.01	52.0858
PF3D7_0702400.1	2842	2843	13711.7	151.932
PF3D7_0702500.1	2449	2450	3302.57	42.464
PF3D7_0702600.1	264	265	1584	188.297
PF3D7_0702700.1	73	74	24	10.2168
PF3D7_0702800.1	84	85	22	8.1534
PF3D7_0702900.1	1349	1350	1679.61	39.1932
PF3D7_0703000.1	5771	5772	1529.97	8.35011
PF3D7_0703100.1	1347	1348	323.228	7.55361
PF3D7_0703200.1	5429	5430	3861.67	22.4032
PF3D7_0703300.1	973	974	80	2.58741
PF3D7_0703400.1	3027	3028	2004	20.8486
PF3D7_0703500.1	9778	9779	21311.6	68.6525
PF3D7_0703600.1	1819	1820	2620.69	45.3607
PF3D7_0703700.1	1665	1666	1863.39	35.2342
PF3D7_0703800.1	3177	3178	2470	24.4838
PF3D7_0703900.1	13906	13907	21333.4	48.3238
PF3D7_0704000.1	10298	10299	6525.24	19.9589
PF3D7_0704100.1	11359	11360	10307.8	28.5841
PF3D7_0704200.1	4263	4264	1965.8	14.523
PF3D7_0704300.1	7537	7538	7577.75	31.6679
PF3D7_0704400.1	4115	4116	354.983	2.71686
PF3D7_0704500.1	5894	5895	3455.16	18.4637
PF3D7_0704600.1	14398	14399	41853.9	91.567
PF3D7_0704700.1	5402	5403	3637.54	21.2084
PF3D7_0704800.1	4297	4298	13705.4	100.453
PF3D7_0704900.1	1119	1120	956	26.889
PF3D7_0705000.1	4854	4855	5757.8	37.3596
PF3D7_0705100.1	3509	3510	2135.26	19.1637
PF3D7_0705200.1	5061	5062	462.185	2.87626
PF3D7_0705300.1	3291	3292	5302	50.7359
PF3D7_0705400.1	3195	3196	4758.34	46.9012
PF3D7_0705500.1	10458	10459	72963.4	219.761
PF3D7_0705600.1	4319	4320	764.943	5.57803
PF3D7_0705700.1	1422	1423	10219.8	226.242
PF3D7_0705800.1	582	583	556	30.0429
PF3D7_0705900.1	1466	1467	689.223	14.8001
PF3D7_0706000.1	5266	5267	46393.6	277.479
PF3D7_0706100.1	5580	5581	5472.58	30.8898
PF3D7_0706200.1	1072	1073	609.175	17.8845
PF3D7_0706300.1	1090	1091	5594	161.522
PF3D7_0706400.1	1953	1954	2502.1	40.338
PF3D7_0706500.1	7137	7138	16096	71.0357
PF3D7_0706600.1	2883	2884	1945.78	21.2537
PF3D7_0706700.1	2622	2623	1670	20.0564
PF3D7_0706800.1	73	74	16	6.81119
PF3D7_0706900.1	72	73	56	24.1657
PF3D7_0707000.1	73	74	4	1.7028
PF3D7_0707100.1	73	74	0	0
PF3D7_0707200.1	6869	6870	2655.41	12.1761
PF3D7_0707300.1	4727	4728	34386.8	229.113
PF3D7_0707400.1	3069	3070	2236.7	22.9512
PF3D7_0707420.1	348	349	669	60.3859
PF3D7_0707500.1	5962	5963	15834.2	83.6502
PF3D7_0707600.1	1709	1710	1553.88	28.6257
PF3D7_0707700.1	3853	3854	7230.05	59.0969
PF3D7_0707800.1	4760	4761	4749.26	31.4241
PF3D7_0707900.1	1989	1990	1193.65	18.8956
PF3D7_0708000.1	3311	3312	3407	32.4054
PF3D7_0708100.1	1268	1269	541.001	13.4298
PF3D7_0708200.1	2865	2866	1801.3	19.7991
PF3D7_0708300.1	1384	1385	113.459	2.58062
PF3D7_0708400.1	4313	4314	160261	1170.26
PF3D7_0708500.1	3461	3462	5354.64	48.7235
PF3D7_0708600.1	759	760	1310	54.2991
PF3D7_0708700.1	1939	1940	477.756	7.75782
PF3D7_0708800.1	5300	5301	20842.9	123.861
PF3D7_0708900.1	1910	1911	8187.97	134.974
PF3D7_0709000.1	2136	2137	45557.3	671.565
PF3D7_0709050.1	629	630	820.375	41.0211
PF3D7_0709100.1	4223	4224	4706.27	35.0984
PF3D7_0709200.1	1070	1071	162.026	4.76573
PF3D7_0709300.1	8877	8878	11800.3	41.8711
PF3D7_0709400.1	4452	4453	7196.39	50.9093
PF3D7_0709500.1	2010	2011	2191.28	34.3258
PF3D7_0709600.1	4030	4031	2234.87	17.4653
PF3D7_0709700.1	1771	1772	2421.76	43.0529
PF3D7_0709800.1	1072	1073	3126.51	91.7899
PF3D7_0709900.1	7445	7446	7483.61	31.6609
PF3D7_0710000.1	10490	10491	7355.02	22.0852
PF3D7_0710100.1	2272	2273	1716.64	23.7911
PF3D7_0710200.1	10111	10112	7764.89	24.1899
PF3D7_0710300.1	1335	1336	253.904	5.98684
PF3D7_0710400.1	1619	1620	1697.63	33.0113
PF3D7_0710500.1	1128	1129	3017.37	84.1917
PF3D7_0710600.1	1383	1384	38279.3	871.29
PF3D7_0710700.1	1638	1639	35768	687.465
PF3D7_0710800.1	1819	1820	7185.01	124.363
PF3D7_0710900.1	2069	2070	1617.2	24.6109
PF3D7_0711000.1	4968	4969	6740.56	42.7328
PF3D7_0711100.1	2489	2490	3490.71	44.162
PF3D7_0711200.1	3649	3650	1564.06	13.4988
PF3D7_0711300.1	1111	1112	34779	985.253
PF3D7_0711400.1	3334	3335	927.718	8.76305
PF3D7_0711500.1	3325	3326	1840.18	17.429
PF3D7_0711600.1	135	136	7.4375	1.72275
PF3D7_0711700.1	6648	6649	767.331	3.63548
PF3D7_0711800.1	135	136	0	0
PF3D7_0711900.1	1074	1075	53.2553	1.56059
PF3D7_0712000.1	6828	6829	431.075	1.98852
PF3D7_0712100.1	135	136	0	0
PF3D7_0712200.1	1017	1018	0	0
PF3D7_0712300.1	6804	6805	431.039	1.99537
PF3D7_0712400.1	6195	6196	131.712	0.669652
PF3D7_0712500.1	1137	1138	13	0.359862
PF3D7_0712600.1	6648	6649	1014.08	4.80454
PF3D7_0712700.1	135	136	1.0625	0.246108
PF3D7_0712800.1	6720	6721	1623.76	7.61067
PF3D7_0712900.1	6579	6580	424.324	2.03145
PF3D7_0713000.1	1041	1042	4	0.120928
PF3D7_0713100.1	1320	1321	59.1325	1.41013
PF3D7_0713200.1	2066	2067	70.8701	1.08008
PF3D7_0713300.1	1224	1225	51	1.3115
PF3D7_0713400.1	1543	1544	1137.06	23.199
PF3D7_0713500.1	3984	3985	2476.15	19.5742
PF3D7_0713600.1	3009	3010	1986.04	20.7853
PF3D7_0713700.1	1199	1200	5825.16	152.919
PF3D7_0713800.1	1557	1558	1307.43	26.4355
PF3D7_0713900.1	14840	14841	11145.8	23.6583
PF3D7_0714000.1	1798	1799	1865.92	32.6736
PF3D7_0714100.1	2049	2050	709	10.895
PF3D7_0714200.1	4677	4678	5166.35	34.7903
PF3D7_0714300.1	4726	4727	9619.88	64.109
PF3D7_0714400.1	1664	1665	874	16.5361
PF3D7_0714500.1	3223	3224	6687.51	65.3438
PF3D7_0714600.1	2615	2616	6659.04	80.1879
PF3D7_0714700.1	72	73	30	12.9459
PF3D7_0714800.1	80	81	4	1.55564
PF3D7_0714900.1	82	83	94	35.6767
PF3D7_0715000.1	1435	1436	590.216	12.9477
PF3D7_0715100.1	553	554	2509	142.668
PF3D7_0715200.1	7378	7379	7546.06	32.215
PF3D7_0715300.1	3268	3269	2055.38	19.8067
PF3D7_0715400.1	1220	1221	1031.72	26.6183
PF3D7_0715500.1	919	920	1349	46.1913
PF3D7_0715600.1	2919	2920	1847.19	19.928
PF3D7_0715700.1	1106	1107	103.266	2.93864
PF3D7_0715800.1	2090	2091	3270.07	49.2649
PF3D7_0715900.1	3313	3314	2549.61	24.2358
PF3D7_0716000.1	4121	4122	7289.51	55.709
PF3D7_0716100.1	4209	4210	7908.74	59.178
PF3D7_0716200.1	3227	3228	13817.3	134.842
PF3D7_0716300.1	2947	2948	3254.99	34.7822
PF3D7_0716400.1	1157	1158	4435.9	120.673
PF3D7_0716500.1	1694	1695	2095.16	38.9388
PF3D7_0716600.1	2101	2102	2480.34	37.1718
PF3D7_0716700.1	3068	3069	10750	110.343
PF3D7_0716800.1	1954	1955	2558.88	41.2323
PF3D7_0716900.1	2852	2853	4027.72	44.4726
PF3D7_0717000.1	1854	1855	2182.08	37.0562
PF3D7_0717100.1	3220	3221	1574	15.3939
PF3D7_0717200.1	2243	2244	2134.75	29.9682
PF3D7_0717300.1	2799	2800	55459.9	623.96
PF3D7_0717400.1	3444	3445	3632.17	33.2133
PF3D7_0717500.1	3012	3013	13513	141.283
PF3D7_0717600.1	3875	3876	19944.8	162.099
PF3D7_0717700.1	2251	2252	19787.6	276.797
PF3D7_0717800.1	4593	4594	1910.88	13.1032
PF3D7_0717900.1	2326	2327	1898.16	25.6963
PF3D7_0718000.1	17541	17542	5313.79	9.54245
PF3D7_0718100.1	9090	9091	4886.95	16.9341
PF3D7_0718300.1	7632	7633	1173	4.84103
PF3D7_0718400.1	1548	1549	2888.75	58.7481
PF3D7_0718500.1	1519	1520	2443.99	50.6513
PF3D7_0718600.1	3824	3825	2266.99	18.6704
PF3D7_0718700.1	1781	1782	357.605	6.32166
PF3D7_0718800.1	822	823	185	7.0812
PF3D7_0718900.1	705	706	11	0.490821
PF3D7_0719000.1	1523	1524	1800.08	37.2084
PF3D7_0719100.1	1097	1098	12539.2	359.752
PF3D7_0719200.1	1543	1544	615.057	12.5488
PF3D7_0719300.1	4737	4738	5840.52	38.8321
PF3D7_0719400.1	5669	5670	5641.28	31.3422
PF3D7_0719500.1	2179	2180	4704.85	67.9868
PF3D7_0719600.1	2688	2689	1589.46	18.6207
PF3D7_0719700.1	2931	2932	4833.24	51.9289
PF3D7_0719800.1	2727	2728	2105.53	24.3138
PF3D7_0719900.1	10536	10537	9904.55	29.611
PF3D7_0720000.1	1287	1288	174	4.25567
PF3D7_0720100.1	1493	1494	552.101	11.6413
PF3D7_0720200.1	904	905	4727.62	164.562
PF3D7_0720300.1	315	316	9082	905.377
PF3D7_0720400.1	2857	2858	1226.01	13.5135
PF3D7_0720500.1	1561	1562	758.318	15.2934
PF3D7_0720600.1	2365	2366	962.9	12.8204
PF3D7_0720700.1	8463	8464	21644.1	80.5563
PF3D7_0720800.1	1039	1040	3685.57	111.637
PF3D7_0720900.1	1605	1606	7945.88	155.859
PF3D7_0721000.1	11177	11178	8497.67	23.9481
PF3D7_0721100.1	1986	1987	4949.06	78.4621
PF3D7_0721200.1	3524	3525	1489.29	13.3093
PF3D7_0721300.1	4251	4252	5520.64	40.9007
PF3D7_0721400.1	1668	1669	1103.47	20.8275
PF3D7_0721500.1	2626	2627	3926.93	47.09
PF3D7_0721600.1	1532	1533	18485.1	379.853
PF3D7_0721700.1	2197	2198	1863.79	26.7119
PF3D7_0721800.1	1317	1318	1011.7	24.1807
PF3D7_0721900.1	1043	1044	5676.07	171.27
PF3D7_0722000.1	2068	2069	38059.6	579.48
PF3D7_0722100.1	2524	2525	861.046	10.7424
PF3D7_0722200.1	3241	3242	43481.4	422.499
PF3D7_0722300.1	5059	5060	17210.5	107.147
PF3D7_0722400.1	1908	1909	8270.8	136.482
PF3D7_0722500.1	1357	1358	1977.02	45.8614
PF3D7_0722600.1	2989	2990	6223.04	65.5641
PF3D7_0722700.1	1225	1226	578.007	14.8517
PF3D7_0722800.1	1740	1741	1778	32.1713
PF3D7_0722900.1	1232	1233	2952.89	75.4431
PF3D7_0723000.1	1936	1937	3554.02	57.7997
PF3D7_0723100.1	1386	1387	646	14.6721
PF3D7_0723200.1	1077	1078	62	1.81179
PF3D7_0723300.1	3136	3137	20105.7	201.902
PF3D7_0723400.1	5535	5536	17641.5	100.386
PF3D7_0723500.1	1545	1546	1649.21	33.6047
PF3D7_0723600.1	1156	1157	1547.49	42.1337
PF3D7_0723700.1	3546	3547	2971.6	26.3915
PF3D7_0723800.1	7915	7916	12792.2	50.9067
PF3D7_0723900.1	4893	4894	3224.97	20.7585
PF3D7_0724000.1	6058	6059	4334.98	22.5383
PF3D7_0724100.1	5171	5172	19957.2	121.556
PF3D7_0724200.1	1570	1571	3303	66.2319
PF3D7_0724300.1	1430	1431	227.178	5.00106
PF3D7_0724400.1	912	913	1486	51.2723
PF3D7_0724500.1	924	925	3211.93	109.385
PF3D7_0724600.1	7205	7206	868.57	3.79705
PF3D7_0724700.1	11439	11440	12509.8	34.4476
PF3D7_0724800.1	2404	2405	2310	30.2574
PF3D7_0724900.1	6022	6023	47335.5	247.577
PF3D7_0725000.1	5309	5310	2650.73	15.7256
PF3D7_0725100.1	6048	6049	3760.4	19.5833
PF3D7_0725200.1	1125	1126	279.475	7.81879
PF3D7_0725300.1	2989	2990	2192	23.0943
PF3D7_0725400.1	722	723	442881	19296.7
PF3D7_0725600.1	2087	2088	344104	5191.51
PF3D7_0725800.1	159	160	9970	1962.95
PF3D7_0726000.1	3788	3789	7.8436e+06	65211.7
PF3D7_0726050.1	303	304	544	56.3716
PF3D7_0726100.1	3623	3624	13054.7	113.478
PF3D7_0726200.1	4307	4308	1901.87	13.9072
PF3D7_0726300.1	4690	4691	2644.22	17.7569
PF3D7_0726400.1	16006	16007	9722.32	19.1335
PF3D7_0726500.1	12216	12217	17515.3	45.1636
PF3D7_0726600.1	3033	3034	730.677	7.58656
PF3D7_0726700.1	728	729	7275	314.37
PF3D7_0726800.1	607	608	322.018	16.6845
PF3D7_0726900.1	2675	2676	828.631	9.75462
PF3D7_0727000.1	4354	4355	1249.2	9.03603
PF3D7_0727100.1	3777	3778	838.621	6.9926
PF3D7_0727200.1	2664	2665	1457.13	17.2241
PF3D7_0727300.1	2619	2620	2450.5	29.4637
PF3D7_0727400.1	1354	1355	506.248	11.7695
PF3D7_0727500.1	2687	2688	7065.78	82.8067
PF3D7_0727600.1	3389	3390	881.381	8.19028
PF3D7_0727700.1	3239	3240	1944.21	18.9031
PF3D7_0727800.1	6477	6478	6342.96	30.8451
PF3D7_0727900.1	6544	6545	3022.65	14.5483
PF3D7_0728000.1	2030	2031	956.56	14.8367
PF3D7_0728100.1	17102	17103	6397.11	11.7827
PF3D7_0728200.1	2203	2204	2384.15	34.0767
PF3D7_0728300.1	1133	1134	762.966	21.1947
PF3D7_0728400.1	764	765	7036.74	289.764
PF3D7_0728500.1	432	433	1333	96.9789
PF3D7_0728600.1	7946	7947	6981.27	27.6736
PF3D7_0728700.1	3836	3837	2278.14	18.7035
PF3D7_0728800.1	2331	2332	2212.16	29.8829
PF3D7_0728900.1	2312	2313	1425.71	19.4174
PF3D7_0729000.1	682	683	1352	62.3578
PF3D7_0729100.1	8674	8675	16487.7	59.8721
PF3D7_0729200.1	1364	1365	947	21.8551
PF3D7_0729300.1	3424	3425	6424.6	59.0909
PF3D7_0729400.1	2242	2243	10661.7	149.738
PF3D7_0729500.1	3578	3579	2988.22	26.3018
PF3D7_0729600.1	1166	1167	492.358	13.2906
PF3D7_0729700.1	2754	2755	6417.25	73.3774
PF3D7_0729800.1	1760	1761	1329.55	23.7838
PF3D7_0729900.1	15198	15199	7578.07	15.7065
PF3D7_0730000.1	1472	1473	324.051	6.93019
PF3D7_0730100.1	3379	3380	1111.28	10.3572
PF3D7_0730200.1	3326	3327	2413	22.8475
PF3D7_0730300.1	4947	4948	43309.8	275.735
PF3D7_0730400.1	477	478	4247	279.891
PF3D7_0730500.1	10486	10487	6581.34	19.7696
PF3D7_0730600.1	73	74	19.0588	8.11333
PF3D7_0730700.1	72	73	16	6.9045
PF3D7_0730800.1	2858	2859	61053.9	672.72
PF3D7_0730900.1	9383	9384	161008	540.5
PF3D7_0731000.1	1764	1765	1758.08	31.3783
PF3D7_0731100.1	5859	5860	68150.9	366.361
PF3D7_0731200.1	1949	1950	6390.56	103.238
PF3D7_0731300.1	3239	3240	36735.1	357.167
PF3D7_0731400.1	1605	1606	2602	51.0384
PF3D7_0731500.1	6037	6038	233673	1219.13
PF3D7_0731600.1	4410	4411	8383.66	59.8731
PF3D7_0731700.1	1469	1470	1096	23.487
PF3D7_0731800.1	4128	4129	22369.7	170.667
PF3D7_0731900.1	957	958	373.988	12.2978
PF3D7_0732000.1	891	892	18.5062	0.653563
PF3D7_0732100.1	1284	1285	4.87653	0.119548
PF3D7_0732200.1	1101	1102	12.8063	0.36608
PF3D7_0732300.1	1017	1018	0	0
PF3D7_0732400.1	1149	1150	0	0
PF3D7_0732500.1	1119	1120	13	0.365646
PF3D7_0732600.1	213	214	0	0
PF3D7_0732700.1	1080	1081	2.46167	0.0717362
PF3D7_0732800.1	1329	1330	2.12874	0.0504203
PF3D7_0732900.1	1020	1021	5.90733	0.182264
PF3D7_0733000.1	7788	7789	428.715	1.73389
PF3D7_0800100.1	6363	6364	2053.53	10.165
PF3D7_0800200.1	9779	9780	389.416	1.25432
PF3D7_0800300.1	10075	10076	3407.44	10.6531
PF3D7_0800400.1	993	994	2.22381	0.0704768
PF3D7_0800500.1	1128	1129	4.88409	0.136278
PF3D7_0800600.1	876	877	612.325	21.9947
PF3D7_0800650.1	146	147	56.9958	12.2141
PF3D7_0800700.1	8556	8557	4077.1	15.0094
PF3D7_0800750.1	576	577	624	34.0678
PF3D7_0800800.1	1451	1452	167.023	3.62363
PF3D7_0800900.1	636	637	113	5.58823
PF3D7_0801000.1	5877	5878	11043.9	59.1872
PF3D7_0801100.1	6175	6176	1617.7	8.25135
PF3D7_0801200.1	162	163	2.00355	0.387211
PF3D7_0801300.1	873	874	497	17.9135
PF3D7_0801400.1	949	950	8091.14	268.3
PF3D7_0801500.1	2446	2447	2724.88	35.0791
PF3D7_0801600.1	707	708	211.277	9.40058
PF3D7_0801700.1	6899	6900	2876.12	13.1309
PF3D7_0801800.1	4641	4642	38729.8	262.83
PF3D7_0801900.1	17669	17670	15328.3	27.327
PF3D7_0802000.1	6028	6029	20292.8	106.031
PF3D7_0802100.1	9490	9491	5059.6	16.7934
PF3D7_0802200.1	1973	1974	20626.1	329.159
PF3D7_0802300.1	4285	4286	3338.04	24.5344
PF3D7_0802400.1	2187	2188	3498	50.3625
PF3D7_0802500.1	5631	5632	3204.68	17.9249
PF3D7_0802600.1	7479	7480	50729.2	213.644
PF3D7_0802700.1	1233	1234	719	18.3548
PF3D7_0802800.1	2764	2765	14822.6	168.874
PF3D7_0802900.1	1375	1376	420.146	9.61871
PF3D7_0803000.1	2442	2443	1989.16	25.6497
PF3D7_0803100.1	4591	4592	6105.33	41.8834
PF3D7_0803200.1	3094	3095	1819.1	18.5153
PF3D7_0803300.1	1537	1538	450.016	9.21736
PF3D7_0803400.1	5951	5952	17683.8	93.5937
PF3D7_0803500.1	5114	5115	5100.59	31.413
PF3D7_0803600.1	5954	5955	6404.12	33.8776
PF3D7_0803700.1	2408	2409	524.683	6.86113
PF3D7_0803800.1	1654	1655	24611	468.453
PF3D7_0803900.1	130	131	363	87.2912
PF3D7_0804000.1	3546	3547	5132.18	45.5801
PF3D7_0804100.1	85	86	4	1.4652
PF3D7_0804200.1	160	161	5	0.978316
PF3D7_0804300.1	3196	3197	4695.96	46.2718
PF3D7_0804400.1	3414	3415	1463.02	13.4957
PF3D7_0804500.1	19773	19774	29650.3	47.2356
PF3D7_0804600.1	2374	2375	1096.51	14.544
PF3D7_0804700.1	5997	5998	16763.4	88.0423
PF3D7_0804800.1	1125	1126	2370	66.3048
PF3D7_0804900.1	2765	2766	31732.5	361.399
PF3D7_0805000.1	1977	1978	989.545	15.7596
PF3D7_0805100.1	2767	2768	1233.46	14.0377
PF3D7_0805200.1	1118	1119	6924	194.922
PF3D7_0805300.1	4228	4229	4038	30.079
PF3D7_0805400.1	1180	1181	6128	163.457
PF3D7_0805500.1	5734	5735	13213.6	72.5811
PF3D7_0805600.1	2465	2466	4414.3	56.3902
PF3D7_0805700.1	6243	6244	2995.93	15.1149
PF3D7_0805800.1	1311	1312	145	3.48152
PF3D7_0805900.1	750	751	513	21.5185
PF3D7_0806000.1	4165	4166	1392.22	10.5275
PF3D7_0806100.1	2546	2547	1246.65	15.4188
PF3D7_0806200.1	3386	3387	7604	70.7232
PF3D7_0806300.1	5343	5344	4100.62	24.1723
PF3D7_0806400.1	1328	1329	325.694	7.72005
PF3D7_0806500.1	3318	3319	5260	49.9245
PF3D7_0806600.1	3281	3282	7103.56	68.1824
PF3D7_0806700.1	8860	8861	9802.49	34.8489
PF3D7_0806800.1	4316	4317	46617.3	340.173
PF3D7_0806900.1	2004	2005	0	0
PF3D7_0807000.1	4028	4029	2813.82	22.0006
PF3D7_0807100.1	4597	4598	9799.53	67.1385
PF3D7_0807200.1	2139	2140	1058.63	15.5835
PF3D7_0807300.1	1582	1583	114752	2283.56
PF3D7_0807400.1	1827	1828	1263	21.7652
PF3D7_0807500.1	2281	2282	827.838	11.4279
PF3D7_0807600.1	6650	6651	14996.1	71.0273
PF3D7_0807700.1	3166	3167	3001.33	29.8538
PF3D7_0807800.1	1970	1971	11314	180.828
PF3D7_0807900.1	2005	2006	2332.02	36.6215
PF3D7_0808000.1	4916	4917	2573.23	16.4859
PF3D7_0808100.1	6048	6049	2017.62	10.5073
PF3D7_0808200.1	3518	3519	7719.18	69.1014
PF3D7_0808300.1	2388	2389	19692.3	259.666
PF3D7_0808400.1	1883	1884	2044.26	34.1815
PF3D7_0808450.1	273	274	2490	286.275
PF3D7_0808500.1	135	136	0	0
PF3D7_0808600.1	7804	7805	1387.43	5.59983
PF3D7_0808700.1	6696	6697	647.453	3.04553
PF3D7_0808800.1	1167	1168	8	0.215766
PF3D7_0808900.1	999	1000	57	1.7956
PF3D7_0809000.1	135	136	0	0
PF3D7_0809100.1	7018	7019	1252.96	5.62337
PF3D7_0809200.1	4975	4976	3624.18	22.9437
PF3D7_0809250.1	204	205	373	57.3179
PF3D7_0809400.1	3042	3043	12155.8	125.839
PF3D7_0809500.1	915	916	82.7984	2.84749
PF3D7_0809600.1	17994	17995	9739.82	17.0504
PF3D7_0809700.1	1563	1564	5753	115.876
PF3D7_0809800.1	3894	3895	2810	22.7266
PF3D7_0809900.1	4952	4953	4673.43	29.7236
PF3D7_0810000.1	1243	1244	2748.72	69.6056
PF3D7_0810100.1	1256	1257	1067.15	26.744
PF3D7_0810200.1	3581	3582	3505.55	30.8294
PF3D7_0810300.1	4433	4434	28690.7	203.836
PF3D7_0810400.1	1812	1813	5951	103.402
PF3D7_0810500.1	1413	1414	9162.86	204.134
PF3D7_0810600.1	7019	7020	6252.93	28.0596
PF3D7_0810700.1	1392	1393	1507.93	34.1009
PF3D7_0810800.1	2866	2867	883.899	9.71203
PF3D7_0810900.1	2282	2283	4774.37	65.8788
PF3D7_0810900.2	366	367	350.87	30.1172
PF3D7_0811000.1	4754	4755	2742.24	18.1673
PF3D7_0811100.1	2686	2687	280.528	3.28885
PF3D7_0811200.1	4349	4350	4675.91	33.8619
PF3D7_0811300.1	7196	7197	41897.8	183.39
PF3D7_0811400.1	4044	4045	7526.34	58.6139
PF3D7_0811500.1	3899	3900	1030.97	8.32752
PF3D7_0811600.1	4090	4091	7695.17	59.2548
PF3D7_0811700.1	5242	5243	3881.06	23.3187
PF3D7_0811800.1	2686	2687	2529.83	29.6592
PF3D7_0811900.1	4523	4524	14217.4	98.9995
PF3D7_0812000.1	1459	1460	2927.35	63.1621
PF3D7_0812100.1	8840	8841	13187.9	46.9904
PF3D7_0812200.1	1325	1326	1133	26.9167
PF3D7_0812220.1	1304	1305	1008.18	24.3368
PF3D7_0812300.1	1386	1387	469	10.652
PF3D7_0812400.1	3209	3210	8997.96	88.3027
PF3D7_0812500.1	5332	5333	14051.1	82.9989
PF3D7_0812600.1	1615	1616	1425.28	27.7839
PF3D7_0812700.1	1892	1893	2547.38	42.3914
PF3D7_0812800.1	219	220	322	46.1071
PF3D7_0812900.1	6113	6114	21084.3	108.635
PF3D7_0813000.1	2093	2094	26874	404.288
PF3D7_0813100.1	3598	3599	2418.48	21.1687
PF3D7_0813200.1	2083	2084	9084.21	137.317
PF3D7_0813300.1	2317	2318	34937.4	474.802
PF3D7_0813400.1	4327	4328	23704.5	172.536
PF3D7_0813500.1	1548	1549	2641	53.7096
PF3D7_0813600.1	2139	2140	2559.41	37.6757
PF3D7_0813700.1	4960	4961	6791.96	43.1282
PF3D7_0813800.1	1385	1386	4130	93.8689
PF3D7_0813900.1	1760	1761	3077.25	55.0476
PF3D7_0814000.1	2401	2402	92755.7	1216.47
PF3D7_0814100.1	2362	2363	3331.72	44.416
PF3D7_0814200.1	3970	3971	122058	968.284
PF3D7_0814300.1	4361	4362	2481.49	17.921
PF3D7_0814400.1	2991	2992	16870	177.619
PF3D7_0814500.1	3410	3411	20618.3	190.417
PF3D7_0814600.1	1182	1183	3640	96.9285
PF3D7_0814700.1	1547	1548	6200.32	126.176
PF3D7_0814900.1	1432	1433	568.951	12.5073
PF3D7_0815000.1	1988	1989	683.382	10.8234
PF3D7_0815100.1	2928	2929	11012.5	118.44
PF3D7_0815200.1	5148	5149	3894.38	23.826
PF3D7_0815300.1	4305	4306	765.007	5.59663
PF3D7_0815400.1	1122	1123	74.6078	2.09286
PF3D7_0815500.1	3017	3018	1650.95	17.2325
PF3D7_0815600.1	1371	1372	10532.1	241.822
PF3D7_0815700.1	2005	2006	598.578	9.39993
PF3D7_0815800.1	6653	6654	5440.82	25.7583
PF3D7_0815900.1	2240	2241	740.293	10.4063
PF3D7_0816000.1	2197	2198	1231	17.6427
PF3D7_0816100.1	1290	1291	1407.62	34.3473
PF3D7_0816200.1	1273	1274	799.52	19.7695
PF3D7_0816300.1	3000	3001	1052.51	11.0483
PF3D7_0816400.1	1424	1425	687.031	15.1879
PF3D7_0816500.1	519	520	25	1.51451
PF3D7_0816600.1	4309	4310	3148.31	23.011
PF3D7_0816700.1	1294	1295	1120.04	27.2458
PF3D7_0816800.1	1055	1056	2714	80.9619
PF3D7_0816900.1	1086	1087	1505.57	43.632
PF3D7_0817000.1	1170	1171	142	3.82003
PF3D7_0817100.1	2998	2999	3923.26	41.2103
PF3D7_0817200.1	3509	3510	2094.28	18.7959
PF3D7_0817300.1	9235	9236	4165.44	14.2073
PF3D7_0817400.1	3260	3261	2498.33	24.1343
PF3D7_0817500.1	1536	1537	10406.6	213.289
PF3D7_0817600.1	4164	4165	8570.4	64.8218
PF3D7_0817700.1	5135	5136	12658.6	77.6417
PF3D7_0817800.1	1535	1536	15044.4	308.546
PF3D7_0817900.1	1091	1092	3533.01	101.919
PF3D7_0818000.1	3563	3564	29076.6	257.005
PF3D7_0818100.1	3056	3057	9206.72	94.8734
PF3D7_0818200.1	3935	3936	4340.41	34.7384
PF3D7_0818300.1	1683	1684	1096	20.5023
PF3D7_0818400.1	1410	1411	4815.67	107.514
PF3D7_0818500.1	2662	2663	11135.5	131.727
PF3D7_0818600.1	1547	1548	4325	88.0137
PF3D7_0818700.1	6197	6198	8722.71	44.3338
PF3D7_0818800.1	1816	1817	53435.3	926.421
PF3D7_0818900.1	4431	4432	384261	2731.25
PF3D7_0819000.1	4711	4712	12700.7	84.9097
PF3D7_0819100.1	2200	2201	1339.25	19.168
PF3D7_0819200.1	2031	2032	2364	36.6487
PF3D7_0819300.1	3596	3597	758	6.6384
PF3D7_0819400.1	1965	1966	1379	22.0961
PF3D7_0819500.1	1776	1777	750.686	13.3078
PF3D7_0819600.1	3035	3036	3868.9	40.144
PF3D7_0819700.1	2346	2347	3105	41.6758
PF3D7_0819800.1	4227	4228	5109	38.0659
PF3D7_0819900.1	497	498	2901	183.507
PF3D7_0820000.1	7710	7711	9795.6	40.018
PF3D7_0820100.1	1416	1417	824	18.3186
PF3D7_0820200.1	3760	3761	4286.86	35.9064
PF3D7_0820300.1	4415	4416	4527.58	32.2977
PF3D7_0820400.1	2441	2442	769.146	9.92198
PF3D7_0820500.1	2921	2922	6947.75	74.9029
PF3D7_0820600.1	2052	2053	252	3.86675
PF3D7_0820700.1	4055	4056	4519.9	35.1048
PF3D7_0820800.1	3012	3013	788.101	8.23982
PF3D7_0820900.1	5053	5054	8185	51.0174
PF3D7_0821000.1	2238	2239	2103.63	29.5972
PF3D7_0821100.1	3227	3228	7405.4	72.2686
PF3D7_0821200.1	1160	1161	455.333	12.3547
PF3D7_0821300.1	3217	3218	4046.64	39.6136
PF3D7_0821400.1	2381	2382	2293.54	30.3318
PF3D7_0821500.1	1405	1406	1000.01	22.4055
PF3D7_0821600.1	2504	2505	15285.2	192.22
PF3D7_0821700.1	1728	1729	1518.33	27.6635
PF3D7_0821800.1	1689	1690	1289.47	24.0359
PF3D7_0821900.1	1053	1054	456.527	13.6446
PF3D7_0822000.1	2192	2193	778.442	11.1821
PF3D7_0822100.1	1450	1451	1986.23	43.1219
PF3D7_0822200.1	4557	4558	9697	67.019
PF3D7_0822300.1	1130	1131	722	20.1099
PF3D7_0822400.1	1738	1739	3737.65	67.7071
PF3D7_0822500.1	963	964	1096.81	35.8416
PF3D7_0822600.1	3568	3569	2838.07	25.0502
PF3D7_0822700.1	3590	3591	1694.15	14.8618
PF3D7_0822800.1	1984	1985	462.301	7.33667
PF3D7_0822900.1	5252	5253	16317.6	97.8553
PF3D7_0823000.1	4157	4158	5069	38.4037
PF3D7_0823100.1	2786	2787	1339.06	15.1355
PF3D7_0823200.1	3980	3981	12164.4	96.2571
PF3D7_0823300.1	5437	5438	8389.8	48.6012
PF3D7_0823400.1	1485	1486	346	7.33487
PF3D7_0823500.1	1792	1793	512.535	9.00489
PF3D7_0823600.1	1634	1635	1906.18	36.7267
PF3D7_0823700.1	954	955	446.339	14.723
PF3D7_0823800.1	3474	3475	2618.76	23.7397
PF3D7_0823900.1	1754	1755	150.411	2.69984
PF3D7_0824000.1	2704	2705	4795	55.8414
PF3D7_0824100.1	1953	1954	14185.4	228.693
PF3D7_0824200.1	3849	3850	4401.07	36.0108
PF3D7_0824300.1	2322	2323	7071	95.8885
PF3D7_0824400.1	3195	3196	2891.16	28.497
PF3D7_0824500.1	1726	1727	2068.17	37.7249
PF3D7_0824600.1	1438	1439	1337	29.2688
PF3D7_0824700.1	2405	2406	2530.35	33.1299
PF3D7_0824800.1	4921	4922	1715.43	10.9791
PF3D7_0824900.1	3973	3974	7436.96	58.9525
PF3D7_0825000.1	5630	5631	2941.51	16.4558
PF3D7_0825100.1	561	562	1015	56.8938
PF3D7_0825200.1	1196	1197	3797.07	99.9284
PF3D7_0825300.1	1179	1180	3727.06	99.499
PF3D7_0825400.1	923	924	7841.18	267.328
PF3D7_0825500.1	2872	2873	6419	70.3828
PF3D7_0825600.1	817	818	3269	125.892
PF3D7_0825700.1	918	919	11691	400.748
PF3D7_0825800.1	1341	1342	11450	268.774
PF3D7_0825900.1	2685	2686	858.157	10.0646
PF3D7_0826000.1	3955	3956	1149.44	9.15301
PF3D7_0826100.1	27924	27925	59390.5	66.9975
PF3D7_0826200.1	2474	2475	4489	57.1359
PF3D7_0826300.1	2964	2965	1980.81	21.0452
PF3D7_0826400.1	954	955	570	18.8021
PF3D7_0826500.1	5939	5940	6123.47	32.4748
PF3D7_0826600.1	2001	2002	499.974	7.86717
PF3D7_0826700.1	2141	2142	11453.9	168.449
PF3D7_0826800.1	98	99	2	0.636399
PF3D7_0826900.1	2758	2759	6230.67	71.1407
PF3D7_0827000.1	4346	4347	16558.6	119.997
PF3D7_0827100.1	5011	5012	965.303	6.06719
PF3D7_0827200.1	3015	3016	837.489	8.74747
PF3D7_0827300.1	2653	2654	4614	54.7661
PF3D7_0827400.1	657	658	1950	93.3563
PF3D7_0827500.1	1650	1651	3347.42	63.8702
PF3D7_0827600.1	6024	6025	5953.6	31.1285
PF3D7_0827700.1	2832	2833	475.132	5.28327
PF3D7_0827800.1	7596	7597	14911.6	61.8324
PF3D7_0827900.1	2424	2425	20092.6	261.012
PF3D7_0828000.1	804	805	62	2.42622
PF3D7_0828100.1	3639	3640	2898.58	25.0853
PF3D7_0828200.1	5250	5251	3465.44	20.7898
PF3D7_0828300.1	3415	3416	1613.85	14.8826
PF3D7_0828400.1	2510	2511	255.356	3.20357
PF3D7_0828500.1	1706	1707	15527.5	286.552
PF3D7_0828600.1	2371	2372	4115.86	54.6615
PF3D7_0828700.1	3978	3979	933.396	7.3897
PF3D7_0828800.1	4046	4047	57163.5	444.96
PF3D7_0828900.1	1870	1871	2658.34	44.7581
PF3D7_0829000.1	6927	6928	5446.84	24.7669
PF3D7_0829100.1	1476	1477	1032.35	22.0183
PF3D7_0829200.1	1464	1465	589.613	12.6784
PF3D7_0829300.1	1709	1710	1383.73	25.4913
PF3D7_0829400.1	2922	2923	5551.62	59.8309
PF3D7_0829500.1	7015	7016	4413.11	19.8148
PF3D7_0829600.1	1486	1487	1479.58	31.3445
PF3D7_0829700.1	813	814	1687	65.2868
PF3D7_0829800.1	2739	2740	143	1.64407
PF3D7_0829900.1	3171	3172	4842	48.0869
PF3D7_0830000.1	111	112	1.00079	0.281488
PF3D7_0830100.1	2827	2828	11390.3	126.88
PF3D7_0830200.1	4371	4372	4150.45	29.9054
PF3D7_0830300.1	1167	1168	114	3.07466
PF3D7_0830400.1	1992	1993	17307.5	273.566
PF3D7_0830500.1	3696	3697	225587	1922.2
PF3D7_0830600.1	3670	3671	28525.5	244.785
PF3D7_0830700.1	2172	2173	767	11.1191
PF3D7_0830800.1	8209	8210	7910.27	30.3517
PF3D7_0830900.1	1743	1744	1050.88	18.9819
PF3D7_0831000.1	2027	2028	358.238	5.56467
PF3D7_0831100.1	6752	6753	2651.13	12.3671
PF3D7_0831200.1	3982	3983	10482.9	82.9097
PF3D7_0831300.1	4356	4357	12905.2	93.3066
PF3D7_0831400.1	2167	2168	1423.84	20.6889
PF3D7_0831500.1	3811	3812	11540.8	95.3712
PF3D7_0831600.1	4332	4333	47681.4	346.653
PF3D7_0831700.1	4215	4216	73786.6	551.33
PF3D7_0831750.1	867	868	762	27.6548
PF3D7_0831800.1	3631	3632	115760	1004.03
PF3D7_0831900.1	864	865	386	14.0574
PF3D7_0832000.1	912	913	30	1.03511
PF3D7_0832100.1	1026	1027	224	6.87088
PF3D7_0832200.1	2640	2641	423.541	5.05199
PF3D7_0832200.2	882	883	1.45887	0.0520464
PF3D7_0832250.1	483	484	27	1.75733
PF3D7_0832300.1	780	781	60	2.42011
PF3D7_0832400.1	915	916	77.5724	2.66776
PF3D7_0832500.1	981	982	0	0
PF3D7_0832600.1	954	955	4	0.131945
PF3D7_0832700.1	783	784	0	0
PF3D7_0832800.1	921	922	9	0.307501
PF3D7_0832900.1	915	916	7.45098	0.256243
PF3D7_0833000.1	1107	1108	1.27997	0.0363911
PF3D7_0833100.1	1107	1108	28.5258	0.811022
PF3D7_0833150.1	213	214	1	0.147205
PF3D7_0833200.1	1071	1072	0	0
PF3D7_0833300.1	1185	1186	229.628	6.09923
PF3D7_0833400.1	1023	1024	3.16691	0.0974252
PF3D7_0833500.1	6810	6811	1233.36	5.70444
PF3D7_0900100.1	6813	6814	404.831	1.87157
PF3D7_0900200.1	1131	1132	0	0
PF3D7_0900300.1	1080	1081	45.7706	1.33382
PF3D7_0900350.1	213	214	0	0
PF3D7_0900400.1	1032	1033	48.2268	1.4707
PF3D7_0900500.1	1017	1018	0	0
PF3D7_0900600.1	1104	1105	560.204	15.9705
PF3D7_0900700.1	1146	1147	13.4618	0.369722
PF3D7_0900800.1	1368	1369	1666.46	38.3465
PF3D7_0900900.1	903	904	1.22216	0.0425886
PF3D7_0901000.1	930	931	0	0
PF3D7_0901100.1	1053	1054	0	0
PF3D7_0901200.1	213	214	3	0.441614
PF3D7_0901300.1	1137	1138	32.0502	0.887203
PF3D7_0901400.1	1053	1054	2	0.0597757
PF3D7_0901500.1	1098	1099	19.0215	0.545233
PF3D7_0901600.1	912	913	7.12789	0.245938
PF3D7_0901700.1	1948	1949	430	6.95011
PF3D7_0901800.1	1868	1869	335.097	5.64803
PF3D7_0901900.1	2156	2157	110.222	1.60973
PF3D7_0902000.1	2537	2538	847.288	10.5166
PF3D7_0902100.1	1835	1836	4014	68.8715
PF3D7_0902200.1	3256	3257	3311.8	32.0318
PF3D7_0902300.1	3113	3114	12858.4	130.078
PF3D7_0902400.1	1623	1624	592	11.4834
PF3D7_0902500.1	3034	3035	13471.5	139.828
PF3D7_0902600.1	1854	1855	3731.52	63.369
PF3D7_0902700.1	1347	1348	740.321	17.3007
PF3D7_0902800.1	3697	3698	3569.71	30.4089
PF3D7_0902900.1	309	310	73	7.41816
PF3D7_0903000.1	1247	1248	645.339	16.2895
PF3D7_0903100.1	957	958	210	6.9054
PF3D7_0903200.1	2134	2135	1909.97	28.1814
PF3D7_0903300.1	12689	12690	8090.1	20.0829
PF3D7_0903400.1	10124	10125	35021.4	108.962
PF3D7_0903500.1	5435	5436	6584.91	38.1597
PF3D7_0903600.1	2924	2925	29247.7	314.993
PF3D7_0903700.1	2775	2776	6405.54	72.6894
PF3D7_0903800.1	4572	4573	827.789	5.70234
PF3D7_0903900.1	772	773	1316	53.6304
PF3D7_0904000.1	4251	4252	13542	100.329
PF3D7_0904100.1	4167	4168	1440.03	10.8838
PF3D7_0904200.1	1166	1167	2295.11	61.9539
PF3D7_0904300.1	7464	7465	4336.16	18.2983
PF3D7_0904400.1	1497	1498	293.201	6.16579
PF3D7_0904500.1	1551	1552	573.341	11.6374
PF3D7_0904600.1	6753	6754	5848.26	27.2772
PF3D7_0904700.1	1432	1433	7644.98	168.06
PF3D7_0904800.1	2585	2586	1427.15	17.3851
PF3D7_0904900.1	9118	9119	9146.08	31.5953
PF3D7_0905000.1	1593	1594	85.3515	1.68678
PF3D7_0905100.1	6810	6811	8073	37.3387
PF3D7_0905200.1	4721	4722	1858.01	12.3953
PF3D7_0905300.1	18357	18358	9947.26	17.0692
PF3D7_0905400.1	3989	3990	44285.7	349.644
PF3D7_0905500.1	3158	3159	10190.1	101.616
PF3D7_0905600.1	3663	3664	2001.98	17.2123
PF3D7_0905700.1	1922	1923	1579.63	25.8768
PF3D7_0905700.2	942	943	15.3959	0.514313
PF3D7_0905700.3	372	373	0	0
PF3D7_0905800.1	5278	5279	1930.69	11.5212
PF3D7_0905900.1	3277	3278	6173	59.3229
PF3D7_0906000.1	6431	6432	1344	6.58248
PF3D7_0906100.1	866	867	1517	55.119
PF3D7_0906200.1	2716	2717	1441.87	16.7175
PF3D7_0906300.1	2345	2346	1305.01	17.5235
PF3D7_0906400.1	2755	2756	15767	180.221
PF3D7_0906500.1	2588	2589	10237	124.559
PF3D7_0906600.1	3942	3943	11003.6	87.9111
PF3D7_0906700.1	2608	2609	4517.03	54.5398
PF3D7_0906800.1	2829	2830	1376.97	15.3276
PF3D7_0906890.1	856	857	3886.85	142.873
PF3D7_0906910.1	797	798	216	8.5268
PF3D7_0907000.1	724	725	1045.02	45.407
PF3D7_0907100.1	4403	4404	7063.84	50.5276
PF3D7_0907200.1	5512	5513	2429.55	13.8827
PF3D7_0907300.1	1716	1717	1501.84	27.5542
PF3D7_0907400.1	4424	4425	9396.71	66.8956
PF3D7_0907500.1	1998	1999	9136.23	143.976
PF3D7_0907600.1	3950	3951	7138.35	56.9148
PF3D7_0907700.1	2069	2070	989.299	15.0554
PF3D7_0907800.1	1177	1178	816.284	21.8288
PF3D7_0907900.1	908	909	2608.22	90.389
PF3D7_0908000.1	2089	2090	580.265	8.74611
PF3D7_0908100.1	1431	1432	6398	140.746
PF3D7_0908200.1	5434	5435	2325.94	13.4814
PF3D7_0908300.1	2574	2575	5085.07	62.2092
PF3D7_0908300.2	792	793	25.5275	1.01408
PF3D7_0908400.1	1934	1935	1409.48	22.9463
PF3D7_0908500.1	6761	6762	18014.3	83.9221
PF3D7_0908600.1	2140	2141	265.003	3.89915
PF3D7_0908700.1	1715	1716	1482.02	27.2064
PF3D7_0908800.1	3032	3033	343.687	3.56965
PF3D7_0908900.1	3965	3966	2190.58	17.3997
PF3D7_0909000.1	3039	3040	2553	26.4553
PF3D7_0909100.1	3270	3271	505.868	4.87183
PF3D7_0909200.1	1410	1411	211	4.71075
PF3D7_0909300.1	1515	1516	1652.5	34.3382
PF3D7_0909400.1	5592	5593	9619.06	54.178
PF3D7_0909500.1	2481	2482	588.222	7.46576
PF3D7_0909600.1	2901	2902	22400.1	243.157
PF3D7_0909700.1	7313	7314	9377.43	40.3891
PF3D7_0909800.1	1185	1186	212.011	5.6313
PF3D7_0909900.1	5161	5162	4442.41	27.1104
PF3D7_0910000.1	3345	3346	380	3.57761
PF3D7_0910100.1	6299	6300	3541.7	17.7095
PF3D7_0910200.1	10714	10715	8944.47	26.2965
PF3D7_0910300.1	2686	2687	1490.84	17.4783
PF3D7_0910400.1	4220	4221	955.647	7.1321
PF3D7_0910500.1	6223	6224	6928.67	35.0683
PF3D7_0910600.1	1305	1306	1846.01	44.5273
PF3D7_0910700.1	2138	2139	856.1	12.6081
PF3D7_0910800.1	2144	2145	213.155	3.13043
PF3D7_0910900.1	2588	2589	541.064	6.58342
PF3D7_0911000.1	1740	1741	11644.8	210.701
PF3D7_0911100.1	4825	4826	28542.3	186.31
PF3D7_0911200.1	1462	1463	1380.27	29.7205
PF3D7_0911300.1	9942	9943	3837.04	12.1567
PF3D7_0911400.1	4554	4555	28279.2	195.575
PF3D7_0911500.1	1162	1163	2778.24	75.2532
PF3D7_0911500.2	411	412	2003.79	153.211
PF3D7_0911600.1	3220	3221	2981.25	29.157
PF3D7_0911700.1	3894	3895	2028.33	16.4046
PF3D7_0911800.1	1252	1253	1233.96	31.0232
PF3D7_0911900.1	2911	2912	27632.3	298.924
PF3D7_0912000.1	5376	5377	3732.69	21.8684
PF3D7_0912100.1	2190	2191	1499.16	21.5546
PF3D7_0912200.1	1362	1363	1333	30.8084
PF3D7_0912400.1	3651	3652	2880.45	24.8464
PF3D7_0912500.1	1712	1713	17247.2	317.173
PF3D7_0912600.1	2721	2722	11144	128.97
PF3D7_0912700.1	732	733	653	28.0637
PF3D7_0912800.1	2851	2852	2184.07	24.1242
PF3D7_0912900.1	1912	1913	2548.61	41.9685
PF3D7_0913000.1	970	971	2084.44	67.6247
PF3D7_0913100.1	2319	2320	400	5.43134
PF3D7_0913150.1	138	139	0	0
PF3D7_0913200.1	1488	1489	19345.1	409.271
PF3D7_0913300.1	2890	2891	504.427	5.49649
PF3D7_0913400.1	507	508	186	11.5341
PF3D7_0913500.1	1797	1798	1927	33.7619
PF3D7_0913600.1	4222	4223	2613.99	19.4992
PF3D7_0913700.1	2378	2379	10717	141.911
PF3D7_0913800.1	829	830	8352.66	317.017
PF3D7_0913900.1	2963	2964	12636	134.297
PF3D7_0914000.1	3077	3078	3876.85	39.6776
PF3D7_0914100.1	3918	3919	22329.9	179.493
PF3D7_0914200.1	2980	2981	4301.26	45.4536
PF3D7_0914300.1	2594	2595	818.908	9.94106
PF3D7_0914400.1	912	913	457	15.7681
PF3D7_0914500.1	5739	5740	1750.43	9.60657
PF3D7_0914600.1	1826	1827	1506.79	25.9806
PF3D7_0914700.1	3021	3022	8546.12	89.086
PF3D7_0914800.1	2606	2607	43045.5	520.142
PF3D7_0914900.1	3918	3919	1609.64	12.9386
PF3D7_0915000.1	2084	2085	6381.02	96.4094
PF3D7_0915100.1	1589	1590	1111	22.0116
PF3D7_0915200.1	1765	1766	2761.21	49.2542
PF3D7_0915300.1	2843	2844	404.13	4.47638
PF3D7_0915400.1	6368	6369	10106.5	49.9879
PF3D7_0915500.1	2835	2836	264.267	2.93543
PF3D7_0915600.1	1330	1331	1703.5	40.318
PF3D7_0915700.1	1336	1337	2534.07	59.7065
PF3D7_0915800.1	1035	1036	594.404	18.0741
PF3D7_0915900.1	2364	2365	949.267	12.6442
PF3D7_0916000.1	4856	4857	5535.74	35.904
PF3D7_0916100.1	1404	1405	294.005	6.59194
PF3D7_0916200.1	4075	4076	7036.95	54.3858
PF3D7_0916300.1	879	880	1220	43.6729
PF3D7_0916400.1	7945	7946	10296	40.8185
PF3D7_0916500.1	1796	1797	2544.73	44.6097
PF3D7_0916600.1	1076	1077	209.085	6.11565
PF3D7_0916700.1	6589	6590	90116.5	430.778
PF3D7_0916800.1	705	706	234	10.4411
PF3D7_0916900.1	2997	2998	3808.69	40.0202
PF3D7_0917000.1	6337	6338	1946.48	9.67461
PF3D7_0917100.1	3223	3224	1931.47	18.8724
PF3D7_0917200.1	975	976	215	6.93943
PF3D7_0917300.1	2179	2180	546	7.88989
PF3D7_0917400.1	5759	5760	1943	10.6264
PF3D7_0917500.1	3071	3072	1742.11	17.8645
PF3D7_0917600.1	3103	3104	1341.98	13.6195
PF3D7_0917700.1	1635	1636	697.114	13.4232
PF3D7_0917800.1	1745	1746	252	4.54665
PF3D7_0917900.1	4655	4656	28501.5	192.837
PF3D7_0918000.1	3657	3658	19552	168.377
PF3D7_0918100.1	1981	1982	4431.56	70.4349
PF3D7_0918200.1	1170	1171	3386.78	91.1097
PF3D7_0918300.1	1868	1869	271.654	4.57869
PF3D7_0918400.1	5163	5164	2195.1	13.3907
PF3D7_0918500.1	2148	2149	17200.8	252.144
PF3D7_0918600.1	3033	3034	3104.49	32.2337
PF3D7_0918700.1	2740	2741	4858.57	55.8385
PF3D7_0918800.1	2777	2778	800.622	9.07884
PF3D7_0918900.1	5747	5748	8304.22	45.5111
PF3D7_0919000.1	2006	2007	14621.5	229.498
PF3D7_0919100.1	2891	2892	8529.19	92.9062
PF3D7_0919200.1	2223	2224	26123.2	370.021
PF3D7_0919300.1	1212	1213	375.005	9.73892
PF3D7_0919400.1	2687	2688	3771.16	44.1958
PF3D7_0919500.1	1431	1432	148	3.25577
PF3D7_0919600.1	1975	1976	7276.81	116.008
PF3D7_0919700.1	1640	1641	692.063	13.2853
PF3D7_0919800.1	4103	4104	8768.76	67.3079
PF3D7_0919900.1	12058	12059	11123.4	29.0576
PF3D7_0920000.1	2778	2779	12337.1	139.849
PF3D7_0920100.1	1444	1445	817.266	17.8168
PF3D7_0920200.1	3548	3549	1675.97	14.8763
PF3D7_0920300.1	841	842	1797	67.2312
PF3D7_0920400.1	6775	6776	1777.84	8.26521
PF3D7_0920500.1	2064	2065	1291.95	19.7088
PF3D7_0920600.1	4612	4613	3619.55	24.7176
PF3D7_0920700.1	2795	2796	5645.11	63.6019
PF3D7_0920800.1	2772	2773	2018.82	22.9341
PF3D7_0920900.1	2259	2260	1245.86	17.3659
PF3D7_0921000.1	1594	1595	2821.76	55.7307
PF3D7_0921000.2	447	448	10.3957	0.730989
PF3D7_0921100.1	1489	1490	1030.19	21.7803
PF3D7_0921200.1	7628	7629	5527.83	22.8256
PF3D7_0921300.1	2047	2048	398.137	6.12403
PF3D7_0921400.1	920	921	39	1.33395
PF3D7_0921500.1	1266	1267	527	13.1029
PF3D7_0921600.1	5778	5779	3266.99	17.8086
PF3D7_0921700.1	1710	1711	9644	177.559
PF3D7_0921800.1	1520	1521	278	5.75773
PF3D7_0921900.1	1729	1730	3602.02	65.5896
PF3D7_0922000.1	2463	2464	792	10.1256
PF3D7_0922100.1	6746	6747	13677.9	63.8621
PF3D7_0922200.1	4370	4371	17033.4	122.76
PF3D7_0922300.1	948	949	6801	225.757
PF3D7_0922400.1	3081	3082	984.583	10.0636
PF3D7_0922500.1	2934	2935	5824.72	62.5175
PF3D7_0922600.1	2437	2438	24826	320.781
PF3D7_0922700.1	1553	1554	2691	54.5504
PF3D7_0922800.1	13480	13481	9522.63	22.252
PF3D7_0922900.1	1277	1278	1335.03	32.9075
PF3D7_0923000.1	1788	1789	3528.49	62.1317
PF3D7_0923100.1	669	670	697	32.7712
PF3D7_0923200.1	3877	3878	2453.06	19.9267
PF3D7_0923300.1	2466	2467	103	1.31523
PF3D7_0923400.1	4278	4279	3052.48	22.4722
PF3D7_0923500.1	3873	3874	516.428	4.19938
PF3D7_0923600.1	1356	1357	2575.05	59.7779
PF3D7_0923700.1	843	844	269	10.0403
PF3D7_0923800.1	2240	2241	1815.57	25.5215
PF3D7_0923800.2	1626	1627	2.99561e-08	5.80006e-10
PF3D7_0923900.1	1978	1979	2679.22	42.6479
PF3D7_0924000.1	5412	5413	99840.3	581.036
PF3D7_0924100.1	2696	2697	881.434	10.2954
PF3D7_0924200.1	4817	4818	1396.46	9.13053
PF3D7_0924300.1	1609	1610	21849.9	427.522
PF3D7_0924400.1	4883	4884	4930.4	31.8011
PF3D7_0924500.1	4378	4379	6570.49	47.267
PF3D7_0924600.1	7260	7261	2278.34	9.88453
PF3D7_0924700.1	2824	2825	8318.35	92.7585
PF3D7_0924800.1	255	256	367	45.1607
PF3D7_0924900.1	555	556	1312	74.3351
PF3D7_0925000.1	1394	1395	2854	64.4488
PF3D7_0925100.1	1041	1042	386	11.6696
PF3D7_0925200.1	1419	1420	18978	421.015
PF3D7_0925300.1	1740	1741	1503	27.1954
PF3D7_0925400.1	1884	1885	5746	96.0261
PF3D7_0925500.1	1508	1509	1315.41	27.4603
PF3D7_0925600.1	1566	1567	269.394	5.41569
PF3D7_0925700.1	3602	3603	4913.62	42.9608
PF3D7_0925800.1	6107	6108	4403.18	22.7092
PF3D7_0925900.1	2507	2508	11750	147.586
PF3D7_0926000.1	4393	4394	5408.25	38.7732
PF3D7_0926100.1	11164	11165	16340.1	46.1033
PF3D7_0926200.1	1690	1691	15135.3	281.957
PF3D7_0926300.1	4472	4473	6919.2	48.7295
PF3D7_0926400.1	2759	2760	33324.1	380.351
PF3D7_0926500.1	8871	8872	31513.7	111.896
PF3D7_0926600.1	4137	4138	8203.91	62.4547
PF3D7_0926700.1	3269	3270	1331.47	12.8268
PF3D7_0926800.1	3869	3870	17505	142.491
PF3D7_0926900.1	1910	1911	1046.5	17.251
PF3D7_0927000.1	1291	1292	830.334	20.2454
PF3D7_0927100.1	1488	1489	1293.31	27.3617
PF3D7_0927200.1	5734	5735	10800	59.3232
PF3D7_0927300.1	2790	2791	3386.02	38.2177
PF3D7_0927400.1	2565	2566	1672	20.5265
PF3D7_0927500.1	1650	1651	2584.73	49.3178
PF3D7_0927600.1	3601	3602	3625.5	31.7073
PF3D7_0927700.1	1594	1595	556.964	11.0002
PF3D7_0927800.1	1577	1578	3505.13	69.9733
PF3D7_0927900.1	3470	3471	3480.16	31.5849
PF3D7_0928000.1	1365	1366	1082.77	24.9702
PF3D7_0928000.2	252	253	943.457	117.473
PF3D7_0928100.1	2226	2227	3348.54	47.3664
PF3D7_0928150.1	240	241	2.40675	0.314592
PF3D7_0928200.1	3450	3451	3631.45	33.149
PF3D7_0928300.1	1619	1620	2606.65	50.6877
PF3D7_0928400.1	962	963	3.70229	0.12111
PF3D7_0928500.1	1984	1985	1290.8	20.4849
PF3D7_0928600.1	1999	2000	478.232	7.53258
PF3D7_0928700.1	5507	5508	1831.33	10.4739
PF3D7_0928800.1	3782	3783	1349.69	11.2391
PF3D7_0928900.1	1276	1277	363.786	8.97409
PF3D7_0929000.1	1881	1882	1172.3	19.6225
PF3D7_0929100.1	3019	3020	1809.04	18.8701
PF3D7_0929200.1	2064	2065	8354.85	127.454
PF3D7_0929300.1	2431	2432	5428	70.3091
PF3D7_0929400.1	6219	6220	65742.8	332.961
PF3D7_0929500.1	630	631	224.032	11.1845
PF3D7_0929600.1	1380	1381	1526.09	34.8115
PF3D7_0929700.1	1516	1517	7753	160.998
PF3D7_0929800.1	297	298	96	10.1482
PF3D7_0929900.1	1302	1303	2012.5	48.6548
PF3D7_0930000.1	1677	1678	282	5.2941
PF3D7_0930100.1	3773	3774	2091.39	17.457
PF3D7_0930200.1	4263	4264	8021.86	59.2642
PF3D7_0930300.1	6272	6273	111188	558.362
PF3D7_0930400.1	4427	4428	7415.26	52.7538
PF3D7_0930400.2	2748	2749	1113.9	12.7645
PF3D7_0930500.1	5428	5429	10146.4	58.8747
PF3D7_0930600.1	2989	2990	7799	82.168
PF3D7_0930700.1	2331	2332	506.647	6.84402
PF3D7_0930800.1	14798	14799	8385.71	17.8502
PF3D7_0930900.1	1448	1449	1552	33.741
PF3D7_0931000.1	4492	4493	4579.48	32.1081
PF3D7_0931100.1	3892	3893	221023	1788.49
PF3D7_0931200.1	1366	1367	2447.6	56.4037
PF3D7_0931300.1	986	987	922	29.4272
PF3D7_0931400.1	2143	2144	3797.33	55.7941
PF3D7_0931500.1	2672	2673	1162.27	13.6976
PF3D7_0931600.1	756	757	238	9.90412
PF3D7_0931700.1	2148	2149	468	6.86032
PF3D7_0931800.1	1814	1815	331.094	5.74658
PF3D7_0931900.1	2005	2006	2554.99	40.123
PF3D7_0932000.1	1265	1266	3052.15	75.9463
PF3D7_0932100.1	5385	5386	13821.9	80.8418
PF3D7_0932200.1	2315	2316	70129.7	953.89
PF3D7_0932300.1	2745	2746	1157.49	13.2786
PF3D7_0932400.1	1764	1765	857	15.2958
PF3D7_0932500.1	2094	2095	5581.05	83.9202
PF3D7_0932600.1	744	745	4133	174.761
PF3D7_0932700.1	3955	3956	608.169	4.84287
PF3D7_0932800.1	5303	5304	2582.23	15.3365
PF3D7_0932900.1	1535	1536	580.286	11.9011
PF3D7_0933000.1	3398	3399	2843.98	26.3579
PF3D7_0933100.1	2846	2847	1755.21	19.4212
PF3D7_0933200.1	959	960	3985.77	130.79
PF3D7_0933300.1	3687	3688	2372	20.2609
PF3D7_0933400.1	1209	1210	2040.29	53.118
PF3D7_0933500.1	4905	4906	5082	32.6319
PF3D7_0933600.1	3240	3241	6911.57	67.1788
PF3D7_0933700.1	925	926	261.325	8.89007
PF3D7_0933800.1	2208	2209	3007.65	42.891
PF3D7_0933900.1	1429	1430	767.242	16.9017
PF3D7_0934000.1	2680	2681	1886.13	22.162
PF3D7_0934100.1	4112	4113	1673.98	12.8211
PF3D7_0934200.1	882	883	109.026	3.88961
PF3D7_0934300.1	1286	1287	683.51	16.7302
PF3D7_0934400.1	976	977	5268.58	169.877
PF3D7_0934500.1	2925	2926	3218.03	34.6458
PF3D7_0934600.1	1261	1262	4777.11	119.245
PF3D7_0934700.1	3290	3291	13580.7	129.995
PF3D7_0934800.1	2446	2447	19773.7	254.559
PF3D7_0934900.1	1985	1986	986.74	15.6516
PF3D7_0935000.1	969	970	85.0017	2.76052
PF3D7_0935100.1	535	536	2228	130.944
PF3D7_0935200.1	4621	4622	10450.2	71.2248
PF3D7_0935300.1	1038	1039	276.698	8.38931
PF3D7_0935390.1	2688	2689	1668.6	19.5477
PF3D7_0935400.1	3482	3483	3543.31	32.0473
PF3D7_0935500.1	2497	2498	16279.5	205.297
PF3D7_0935600.1	3182	3183	46051.9	455.77
PF3D7_0935700.1	1917	1918	3032	49.7984
PF3D7_0935800.1	5487	5488	14811	85.0169
PF3D7_0935900.1	4698	4699	592622	3972.9
PF3D7_0936000.1	2695	2696	35466.3	414.411
PF3D7_0936100.1	2152	2153	2323.8	34.0008
PF3D7_0936200.1	2557	2558	414.089	5.09951
PF3D7_0936300.1	3193	3194	424297	4184.76
PF3D7_0936400.1	2690	2691	8033.53	94.0433
PF3D7_0936500.1	1927	1928	768.625	12.5586
PF3D7_0936600.1	1779	1780	2780.5	49.2082
PF3D7_0936700.1	1299	1300	105	2.54437
PF3D7_0936800.1	2428	2429	8792.38	114.029
PF3D7_0936900.1	1092	1093	491	14.1513
PF3D7_0937000.1	2444	2445	569.197	7.33363
PF3D7_0937100.1	1267	1268	24	0.596248
PF3D7_0937200.1	1700	1701	96.1385	1.78044
PF3D7_0937300.1	1116	1117	6	0.169213
PF3D7_0937400.1	1080	1081	37.8317	1.10247
PF3D7_0937500.1	1110	1111	20.6127	0.584461
PF3D7_0937600.1	3948	3949	12.8514	0.102517
PF3D7_0937700.1	1104	1105	5.05131	0.144005
PF3D7_0937800.1	6795	6796	948.449	4.39638
PF3D7_1000100.1	6726	6727	695.721	3.25798
PF3D7_1000200.1	1116	1117	37.3446	1.0532
PF3D7_1000300.1	1038	1039	11.8941	0.360621
PF3D7_1000400.1	1116	1117	7.27625	0.205206
PF3D7_1000500.1	1110	1111	12.0458	0.341552
PF3D7_1000600.1	1878	1879	301	5.04632
PF3D7_1000700.1	867	868	33.0203	1.19838
PF3D7_1000800.1	879	880	57	2.04046
PF3D7_1000900.1	1338	1339	12	0.282316
PF3D7_1001000.1	1698	1699	1347.44	24.9834
PF3D7_1001100.1	2334	2335	6536.6	88.186
PF3D7_1001100.2	804	805	6713.19	262.705
PF3D7_1001200.1	1470	1471	1613.84	34.5607
PF3D7_1001300.1	1282	1283	1044.74	25.6517
PF3D7_1001400.1	4062	4063	22630	175.458
PF3D7_1001500.1	2275	2276	34825.5	482.014
PF3D7_1001600.1	5088	5089	10222.6	63.2795
PF3D7_1001700.1	2026	2027	13655.7	212.224
PF3D7_1001800.1	1812	1813	1502	26.098
PF3D7_1001900.1	1291	1292	7352	179.258
PF3D7_1002000.1	2108	2109	4708.18	70.3252
PF3D7_1002100.1	3094	3095	81409.8	828.612
PF3D7_1002200.1	6121	6122	21108.1	108.615
PF3D7_1002300.1	1293	1294	156	3.79774
PF3D7_1002400.1	3339	3340	21341.2	201.283
PF3D7_1002400.2	3333	3334	753.589	7.12039
PF3D7_1002500.1	1713	1714	390.675	7.18025
PF3D7_1002600.1	2353	2354	355.038	4.75121
PF3D7_1002700.1	4331	4332	973.871	7.08187
PF3D7_1002800.1	5109	5110	3238.06	19.9617
PF3D7_1002900.1	1407	1408	1848	41.3461
PF3D7_1003000.1	5694	5695	4095.19	22.6524
PF3D7_1003100.1	1292	1293	835.208	20.3484
PF3D7_1003200.1	819	820	1931.32	74.1949
PF3D7_1003300.1	1423	1424	1269.96	28.094
PF3D7_1003400.1	6766	6767	6926.25	32.2431
PF3D7_1003500.1	3328	3329	11897.8	112.587
PF3D7_1003600.1	2514	2515	41954.2	525.5
PF3D7_1003700.1	5470	5471	5149.02	29.6478
PF3D7_1003800.1	5320	5321	7056.62	41.7771
PF3D7_1003900.1	765	766	585	24.0581
PF3D7_1004000.1	1407	1408	51813.9	1159.25
PF3D7_1004100.1	3573	3574	3464.56	30.5371
PF3D7_1004200.1	9555	9556	19189.1	63.2577
PF3D7_1004300.1	5700	5701	15210.2	84.0463
PF3D7_1004400.1	3618	3619	2818	24.5294
PF3D7_1004500.1	3924	3925	836.341	6.71241
PF3D7_1004600.1	3613	3614	4612.1	40.2018
PF3D7_1004700.1	1432	1433	1056.03	23.2148
PF3D7_1004800.1	1280	1281	1303	32.0428
PF3D7_1004900.1	1344	1345	821.537	19.2415
PF3D7_1005000.1	2871	2872	164.974	1.80953
PF3D7_1005100.1	4149	4150	3115.42	23.6485
PF3D7_1005200.1	499	500	2219.93	139.864
PF3D7_1005300.1	1032	1033	807	24.6098
PF3D7_1005400.1	801	802	146	5.73474
PF3D7_1005500.1	6768	6769	13608.8	63.3332
PF3D7_1005600.1	3506	3507	2972.36	26.6993
PF3D7_1005700.1	3271	3272	482.303	4.64346
PF3D7_1005800.1	1414	1415	203.041	4.52025
PF3D7_1005900.1	2388	2389	10363	136.648
PF3D7_1006000.1	1825	1826	1979	34.1413
PF3D7_1006100.1	1841	1842	891.772	15.251
PF3D7_1006200.1	1955	1956	1008.81	16.247
PF3D7_1006300.1	432	433	2161	157.218
PF3D7_1006400.1	2954	2955	8266.91	88.1294
PF3D7_1006500.1	1707	1708	801.835	14.7888
PF3D7_1006600.1	1110	1111	5205	147.585
PF3D7_1006700.1	1784	1785	1536.29	27.1126
PF3D7_1006800.1	2978	2979	19361.9	204.745
PF3D7_1006900.1	1528	1529	861.93	17.7582
PF3D7_1007000.1	2214	2215	2912.21	41.4174
PF3D7_1007100.1	351	352	337.191	30.1764
PF3D7_1007200.1	3441	3442	3828.96	35.0433
PF3D7_1007300.1	3390	3391	2829.37	26.2843
PF3D7_1007400.1	1670	1671	1633.78	30.8
PF3D7_1007500.1	706	707	929	41.3934
PF3D7_1007600.1	2018	2019	343.202	5.35487
PF3D7_1007700.1	6257	6258	826.164	4.15878
PF3D7_1007800.1	4118	4119	5879.39	44.9651
PF3D7_1007900.1	3264	3265	1795.37	17.3223
PF3D7_1008000.1	8525	8526	15112.4	55.8371
PF3D7_1008100.1	14146	14147	25187	56.085
PF3D7_1008200.1	1646	1647	6179.28	118.19
PF3D7_1008300.1	108	109	0	0
PF3D7_1008400.1	2707	2708	8402.35	97.7433
PF3D7_1008500.1	6202	6203	3507.82	17.8144
PF3D7_1008600.1	1119	1120	54	1.51884
PF3D7_1008700.1	4660	4661	98065.5	662.784
PF3D7_1008800.1	3112	3113	71100.1	719.492
PF3D7_1008900.1	1534	1535	492.771	10.1128
PF3D7_1009000.1	1381	1382	586.119	13.3602
PF3D7_1009100.1	1554	1555	665.8	13.488
PF3D7_1009200.1	3395	3396	1852.53	17.1843
PF3D7_1009300.1	2184	2185	4995.27	72.0182
PF3D7_1009400.1	1681	1682	292.686	5.48165
PF3D7_1009500.1	2383	2384	4377.67	57.8458
PF3D7_1009600.1	1977	1978	1468.28	23.3839
PF3D7_1009700.1	4567	4568	5769.52	39.7877
PF3D7_1009800.1	5050	5051	6382.39	39.8053
PF3D7_1009900.1	2605	2606	4066.95	49.162
PF3D7_1010000.1	1260	1261	328.711	8.21173
PF3D7_1010100.1	1105	1106	30018	854.991
PF3D7_1010200.1	6543	6544	14558	70.08
PF3D7_1010300.1	2572	2573	30349.3	371.573
PF3D7_1010400.1	1095	1096	17040.4	489.782
PF3D7_1010500.1	510	511	1458	89.8818
PF3D7_1010600.1	2803	2804	1788.95	20.0981
PF3D7_1010700.1	1143	1144	2753.08	75.8103
PF3D7_1010800.1	1555	1556	316.676	6.41122
PF3D7_1010900.1	1613	1614	5609.31	109.482
PF3D7_1011000.1	1675	1676	720.969	13.5512
PF3D7_1011100.1	4076	4077	676.267	5.22531
PF3D7_1011200.1	615	616	3932	201.079
PF3D7_1011300.1	2545	2546	1056.54	13.0726
PF3D7_1011400.1	1509	1510	465.825	9.71808
PF3D7_1011500.1	2002	2003	7271.08	114.354
PF3D7_1011600.1	2549	2550	3537.5	43.701
PF3D7_1011700.1	2431	2432	4504.34	58.3448
PF3D7_1011800.1	7221	7222	51851.1	226.17
PF3D7_1011900.1	1559	1560	3093.21	62.4626
PF3D7_1012000.1	3742	3743	2622.31	22.0699
PF3D7_1012100.1	2204	2205	2131.66	30.454
PF3D7_1012200.1	1641	1642	2225	42.6866
PF3D7_1012300.1	1529	1530	6170.14	127.039
PF3D7_1012400.1	1532	1533	13012.2	267.389
PF3D7_1012500.1	3365	3366	1808.24	16.9229
PF3D7_1012600.1	2968	2969	10357.3	109.893
PF3D7_1012700.1	6257	6258	3461.9	17.4267
PF3D7_1012800.1	4296	4297	1313.95	9.63268
PF3D7_1012900.1	3780	3781	7086.01	59.0378
PF3D7_1013000.1	2478	2479	1276.81	16.225
PF3D7_1013100.1	6246	6247	5622.16	28.3509
PF3D7_1013200.1	6375	6376	3301.45	16.3114
PF3D7_1013300.1	2903	2904	705.023	7.64789
PF3D7_1013400.1	2684	2685	2708.04	31.7721
PF3D7_1013500.1	4363	4364	10069	72.6836
PF3D7_1013600.1	8071	8072	2910	11.3566
PF3D7_1013700.1	907	908	2848	98.8073
PF3D7_1013800.1	2015	2016	34363	536.952
PF3D7_1013900.1	4122	4123	2327.72	17.7849
PF3D7_1014000.1	1982	1983	215.001	3.41549
PF3D7_1014100.1	5995	5996	13436.4	70.592
PF3D7_1014200.1	2670	2671	552	6.51029
PF3D7_1014300.1	9036	9037	9286.98	32.3732
PF3D7_1014400.1	2656	2657	1906.89	22.6083
PF3D7_1014500.1	4619	4620	987.792	6.73532
PF3D7_1014600.1	10487	10488	20314.9	61.0179
PF3D7_1014700.1	1579	1580	270.004	5.3833
PF3D7_1014800.1	2505	2506	1519	19.0946
PF3D7_1014900.1	7860	7861	5462.87	21.8916
PF3D7_1015000.1	2012	2013	951.544	14.8909
PF3D7_1015100.1	2069	2070	776.976	11.8242
PF3D7_1015200.1	2839	2840	187.37	2.07834
PF3D7_1015200.2	2031	2032	95.2571	1.47676
PF3D7_1015200.3	1782	1783	1328.78	23.4767
PF3D7_1015300.1	3116	3117	1605.17	16.2225
PF3D7_1015400.1	3173	3174	705.561	7.00265
PF3D7_1015500.1	2318	2319	177.512	2.41136
PF3D7_1015600.1	2576	2577	861.024	10.5253
PF3D7_1015700.1	1082	1083	1419.05	41.2767
PF3D7_1015700.2	675	676	92.9467	4.33134
PF3D7_1015800.1	1721	1722	3764	68.8575
PF3D7_1015900.1	2295	2296	10064	138.081
PF3D7_1016000.1	3193	3194	4123.73	40.6715
PF3D7_1016100.1	774	775	180.153	7.32274
PF3D7_1016200.1	2403	2404	1702.4	22.308
PF3D7_1016300.1	6359	6360	23116.9	114.5
PF3D7_1016400.1	3040	3041	3410.32	35.3275
PF3D7_1016500.1	3287	3288	1707.22	16.3565
PF3D7_1016600.1	1727	1728	10048	183.177
PF3D7_1016700.1	4739	4740	10886.6	72.3517
PF3D7_1016800.1	3900	3901	23233	187.614
PF3D7_1016900.1	2506	2507	34660.3	435.524
PF3D7_1017000.1	4569	4570	3456.16	23.8239
PF3D7_1017100.1	2717	2718	1237.01	14.337
PF3D7_1017200.1	1593	1594	362	7.1541
PF3D7_1017300.1	2364	2365	1959.93	26.1063
PF3D7_1017300.2	1752	1753	2126.08	38.2061
PF3D7_1017400.1	2019	2020	11194.9	174.584
PF3D7_1017500.1	2178	2179	53623.2	775.23
PF3D7_1017600.1	4200	4201	12200.6	91.4875
PF3D7_1017700.1	2116	2117	1660.09	24.7027
PF3D7_1017800.1	4336	4337	1350.09	9.8064
PF3D7_1017900.1	2612	2613	2212.33	26.6714
PF3D7_1018000.1	1808	1809	622	10.8315
PF3D7_1018100.1	849	850	1036	38.3951
PF3D7_1018200.1	6984	6985	19888.2	89.6943
PF3D7_1018300.1	3526	3527	10596.3	94.6417
PF3D7_1018400.1	1010	1011	1075.88	33.5233
PF3D7_1018500.1	1190	1191	229.945	6.08202
PF3D7_1018600.1	8251	8252	5694.52	21.7387
PF3D7_1018700.1	4583	4584	3268.86	22.464
PF3D7_1018800.1	3249	3250	4132.76	40.0582
PF3D7_1018900.1	2438	2439	947.304	12.2352
PF3D7_1019000.1	8489	8490	24793.6	91.9957
PF3D7_1019100.1	6465	6466	3526.61	17.1813
PF3D7_1019200.1	960	961	57	1.86847
PF3D7_1019300.1	8372	8373	3597.07	13.5333
PF3D7_1019400.1	1456	1457	548.277	11.8543
PF3D7_1019500.1	4259	4260	13845.2	102.382
PF3D7_1019500.2	3726	3727	9196.17	77.7289
PF3D7_1019600.1	4365	4366	2839.43	20.4872
PF3D7_1019700.1	3486	3487	2458	22.2057
PF3D7_1019800.1	3255	3256	4889	47.3011
PF3D7_1019900.1	1983	1984	947.265	15.0406
PF3D7_1020000.1	2102	2103	5142.31	77.0289
PF3D7_1020100.1	985	986	823.027	26.2949
PF3D7_1020200.1	2519	2520	7755	96.9429
PF3D7_1020300.1	2811	2812	775.768	8.69064
PF3D7_1020400.1	2496	2497	889.059	11.2162
PF3D7_1020500.1	1642	1643	354.063	6.78856
PF3D7_1020600.1	6972	6973	2498.49	11.2874
PF3D7_1020700.1	4570	4571	7469.5	51.4772
PF3D7_1020800.1	2194	2195	7722.21	110.826
PF3D7_1020900.1	2362	2363	6474.18	86.309
PF3D7_1021000.1	1531	1532	5870.85	120.72
PF3D7_1021100.1	6209	6210	2131.3	10.8115
PF3D7_1021200.1	2498	2499	2656.31	33.4847
PF3D7_1021300.1	2034	2035	335	5.1858
PF3D7_1021400.1	2911	2912	1460.39	15.7984
PF3D7_1021500.1	2812	2813	5890.97	65.9708
PF3D7_1021600.1	2600	2601	1085.36	13.1452
PF3D7_1021700.1	22154	22155	46744.6	66.4653
PF3D7_1021800.1	7329	7330	34256.2	147.221
PF3D7_1021900.1	9179	9180	13366.2	45.867
PF3D7_1022000.1	6919	6920	5085.39	23.1501
PF3D7_1022100.1	1313	1314	494.656	11.8588
PF3D7_1022200.1	2564	2565	1666.06	20.4615
PF3D7_1022300.1	2351	2352	879.073	11.774
PF3D7_1022400.1	2537	2538	8737.48	108.45
PF3D7_1022500.1	3065	3066	6102.2	62.6973
PF3D7_1022600.1	4132	4133	31502.5	240.113
PF3D7_1022700.1	2349	2350	1020.19	13.6756
PF3D7_1022800.1	3546	3547	2732.21	24.2655
PF3D7_1022900.1	1418	1419	576.185	12.7913
PF3D7_1023000.1	2071	2072	4353.65	66.191
PF3D7_1023100.1	17064	17065	6339.59	11.7028
PF3D7_1023200.1	1708	1709	3344	61.6395
PF3D7_1023300.1	1405	1406	5383.23	120.613
PF3D7_1023400.1	1798	1799	1595.94	27.946
PF3D7_1023500.1	318	319	365.676	36.1111
PF3D7_1023600.1	1539	1540	2899	59.3011
PF3D7_1023700.1	2274	2275	495	6.85423
PF3D7_1023800.1	2601	2602	11522.2	139.497
PF3D7_1023900.1	12142	12143	179434	465.493
PF3D7_1024000.1	2524	2525	16326.5	203.688
PF3D7_1024100.1	4044	4045	1803.6	14.0461
PF3D7_1024200.1	1166	1167	752.24	20.3058
PF3D7_1024300.1	931	932	203.408	6.87522
PF3D7_1024400.1	1821	1822	4448.41	76.9115
PF3D7_1024500.1	1496	1497	1513.59	31.8508
PF3D7_1024600.1	1717	1718	2864.83	52.5303
PF3D7_1024700.1	2177	2178	4800.84	69.4375
PF3D7_1024800.1	7726	7727	352334	1436.41
PF3D7_1024900.1	5303	5304	2104.43	12.4987
PF3D7_1025000.1	4829	4830	11220.6	73.1817
PF3D7_1025100.1	4184	4185	5438.89	40.9402
PF3D7_1025200.1	1560	1561	379.103	7.6505
PF3D7_1025300.1	3079	3080	4100.09	41.9351
PF3D7_1025400.1	4932	4933	4870	31.0995
PF3D7_1025500.1	17304	17305	6824.56	12.4233
PF3D7_1025600.1	433	434	1412	102.49
PF3D7_1025700.1	979	980	133.923	4.3049
PF3D7_1025800.1	1039	1040	1693.12	51.285
PF3D7_1025900.1	5226	5227	9443.13	56.9113
PF3D7_1026000.1	1832	1833	6249.46	107.403
PF3D7_1026100.1	1648	1649	12028	229.777
PF3D7_1026200.1	2015	2016	359.119	5.61155
PF3D7_1026300.1	4003	4004	1583.28	12.4565
PF3D7_1026400.1	2183	2184	1737.12	25.056
PF3D7_1026500.1	574	575	985.199	53.9748
PF3D7_1026600.1	5770	5771	127424	695.562
PF3D7_1026800.1	2746	2747	6190.99	70.9964
PF3D7_1026900.1	885	886	71	2.52441
PF3D7_1027000.1	6130	6131	1639.58	8.42434
PF3D7_1027100.1	3309	3310	5511.19	52.4508
PF3D7_1027200.1	3134	3135	1534.58	15.4201
PF3D7_1027300.1	3513	3514	417280	3740.77
PF3D7_1027400.1	1646	1647	5392.76	103.146
PF3D7_1027500.1	219	220	63	9.02096
PF3D7_1027600.1	1382	1383	3604.26	82.0972
PF3D7_1027700.1	1050	1051	743.163	22.2749
PF3D7_1027700.2	540	541	0	0
PF3D7_1027800.1	2408	2409	57142.9	747.24
PF3D7_1027900.1	858	859	882	32.3452
PF3D7_1028000.1	2548	2549	3971.21	49.0781
PF3D7_1028100.1	1830	1831	2214	38.0912
PF3D7_1028200.1	1859	1860	1014.44	17.1811
PF3D7_1028300.1	1593	1594	822.765	16.2601
PF3D7_1028400.1	2138	2139	2801.37	41.2567
PF3D7_1028500.1	3034	3035	69095.2	717.173
PF3D7_1028600.1	987	988	6276.49	200.122
PF3D7_1028700.1	3913	3914	45249.7	364.191
PF3D7_1028800.1	1159	1160	9942.9	270.016
PF3D7_1028900.1	1794	1795	718.414	12.608
PF3D7_1029000.1	2076	2077	1299.5	19.7094
PF3D7_1029100.1	4709	4710	1930.98	12.9149
PF3D7_1029100.2	4185	4186	69.8436	0.525608
PF3D7_1029200.1	2642	2643	2048	24.41
PF3D7_1029300.1	2890	2891	2192.16	23.8869
PF3D7_1029400.1	2501	2502	49153.5	618.874
PF3D7_1029500.1	417	418	342	25.7742
PF3D7_1029600.1	3098	3099	1353.63	13.7599
PF3D7_1029700.1	2331	2332	809	10.9284
PF3D7_1029800.1	2205	2206	1182.19	16.8817
PF3D7_1029900.1	5832	5833	9980.37	53.9001
PF3D7_1030000.1	991	992	629.672	19.9958
PF3D7_1030100.1	5226	5227	5165.05	31.1284
PF3D7_1030200.1	3034	3035	5217.77	54.1578
PF3D7_1030300.1	5137	5138	102258	626.955
PF3D7_1030400.1	837	838	501.793	18.8632
PF3D7_1030500.1	2269	2270	512.315	7.10962
PF3D7_1030600.1	2391	2392	1157.28	15.2409
PF3D7_1030700.1	1348	1349	1047.89	24.4703
PF3D7_1030800.1	1446	1447	3775.49	82.1939
PF3D7_1030900.1	657	658	288	13.788
PF3D7_1031000.1	1040	1041	156909	4748.23
PF3D7_1031100.1	1361	1362	2901.07	67.0991
PF3D7_1031200.1	2344	2345	1713.3	23.0158
PF3D7_1031300.1	4795	4796	3789.99	24.894
PF3D7_1031400.1	4729	4730	2820.88	18.787
PF3D7_1031400.2	2838	2839	1881.97	20.8825
PF3D7_1031500.1	3767	3768	2312.56	19.3338
PF3D7_1031600.1	5607	5608	2759.82	15.5027
PF3D7_1031700.1	1346	1347	1618.12	37.8424
PF3D7_1031800.1	1844	1845	6589.15	112.504
PF3D7_1031900.1	1803	1804	2697	47.0955
PF3D7_1032000.1	3069	3070	2049.36	21.0288
PF3D7_1032100.1	6013	6014	10402.5	54.4893
PF3D7_1032200.1	390	391	162	13.0519
PF3D7_1032300.1	2976	2977	2718.03	28.7614
PF3D7_1032400.1	2116	2117	3454.01	51.3971
PF3D7_1032500.1	2068	2069	848.246	12.915
PF3D7_1032600.1	1834	1835	287.478	4.93519
PF3D7_1032700.1	2965	2966	3277.99	34.8154
PF3D7_1032800.1	1385	1386	1564.62	35.5615
PF3D7_1032900.1	6004	6005	1899.33	9.96372
PF3D7_1033000.1	2384	2385	2616.48	34.5592
PF3D7_1033100.1	8143	8144	93910.1	363.253
PF3D7_1033200.1	2555	2556	62554.2	770.957
PF3D7_1033300.1	1311	1312	124.576	2.99114
PF3D7_1033400.1	1584	1585	568.292	11.2948
PF3D7_1033500.1	2380	2381	17312.2	229.049
PF3D7_1033600.1	3429	3430	3848.2	35.3426
PF3D7_1033700.1	2626	2627	20459.7	245.344
PF3D7_1033800.1	1353	1354	252	5.86296
PF3D7_1033900.1	2150	2151	30137	441.361
PF3D7_1034000.1	2053	2054	684	10.4904
PF3D7_1034100.1	423	424	195	14.4878
PF3D7_1034200.1	645	646	914	44.5706
PF3D7_1034300.1	1593	1594	1672	33.0433
PF3D7_1034400.1	2883	2884	389.628	4.25588
PF3D7_1034500.1	6127	6128	1218.32	6.26295
PF3D7_1034600.1	1527	1528	1334.43	27.5111
PF3D7_1034700.1	1620	1621	62.1348	1.2075
PF3D7_1034800.1	1500	1501	1123	23.5686
PF3D7_1034900.1	3391	3392	7548.07	70.0995
PF3D7_1035000.1	3740	3741	1493.65	12.5776
PF3D7_1035100.1	2016	2017	8920	139.314
PF3D7_1035200.1	3468	3469	252155	2289.8
PF3D7_1035300.1	4941	4942	31778	202.563
PF3D7_1035400.1	2428	2429	403435	5232.16
PF3D7_1035500.1	2396	2397	6172.36	81.1181
PF3D7_1035600.1	1712	1713	1011.04	18.5929
PF3D7_1035700.1	3723	3724	6608.86	55.9051
PF3D7_1035800.1	3588	3589	3250.15	28.5276
PF3D7_1035900.1	2294	2295	82647.1	1134.44
PF3D7_1036000.1	2490	2491	36221.8	458.07
PF3D7_1036300.1	2289	2290	671	9.23043
PF3D7_1036400.1	3489	3490	1317	11.8876
PF3D7_1036500.1	3190	3191	20566.3	203.032
PF3D7_1036600.1	1483	1484	859.681	18.249
PF3D7_1036700.1	1427	1428	5176.43	114.192
PF3D7_1036800.1	2672	2673	8725.13	102.827
PF3D7_1036900.1	8079	8080	68020.2	265.193
PF3D7_1037000.1	7417	7418	9530.96	40.4748
PF3D7_1037100.1	2984	2985	411.706	4.34488
PF3D7_1037200.1	2127	2128	764	11.3098
PF3D7_1037300.1	3787	3788	6944.55	57.7523
PF3D7_1037400.1	4759	4760	1578.47	10.4464
PF3D7_1037500.1	2565	2566	2420	29.7094
PF3D7_1037600.1	3328	3329	2177.01	20.6007
PF3D7_1037700.1	1302	1303	3585	86.6722
PF3D7_1037800.1	2835	2836	1730	19.2165
PF3D7_1037900.1	1622	1623	4236.37	82.2262
PF3D7_1038000.1	1877	1878	29080.8	487.805
PF3D7_1038000.2	363	364	11977.4	1036.57
PF3D7_1038100.1	3679	3680	5133.25	43.942
PF3D7_1038200.1	605	606	228	11.8522
PF3D7_1038300.1	1101	1102	473	13.5212
PF3D7_1038400.1	29988	29989	41171.8	43.2487
PF3D7_1038500.1	1975	1976	2498.77	39.8359
PF3D7_1038600.1	2481	2482	896	11.3721
PF3D7_1038700.1	1823	1824	2690.82	46.4723
PF3D7_1038800.1	4601	4602	3326.27	22.7691
PF3D7_1038900.1	2693	2694	72.1507	0.84368
PF3D7_1039000.1	4547	4548	20719.6	143.515
PF3D7_1039100.1	1701	1702	249.111	4.61072
PF3D7_1039200.1	453	454	37.5	2.60202
PF3D7_1039400.1	1347	1348	0	0
PF3D7_1039600.1	828	829	40.6953	1.54641
PF3D7_1039700.1	696	697	28.8899	1.30572
PF3D7_1039800.1	693	694	0	0
PF3D7_1039900.1	927	928	1734.73	58.8868
PF3D7_1040000.1	1080	1081	10.9455	0.318966
PF3D7_1040100.1	930	931	3	0.101509
PF3D7_1040200.1	1247	1248	12	0.302902
PF3D7_1040300.1	1137	1138	1.26945	0.0351404
PF3D7_1040400.1	1047	1048	0	0
PF3D7_1040500.1	1053	1054	39.4816	1.18002
PF3D7_1040600.1	981	982	0	0
PF3D7_1040700.1	1119	1120	0	0
PF3D7_1040800.1	888	889	3	0.106305
PF3D7_1040900.1	936	937	0	0
PF3D7_1041000.1	1113	1114	10.5877	0.2994
PF3D7_1041100.1	1005	1006	2.03434	0.0637031
PF3D7_1041200.1	1116	1117	0	0
PF3D7_1041300.1	6585	6586	935.61	4.47516
PF3D7_1100100.1	6549	6550	791.047	3.80449
PF3D7_1100200.1	8985	8986	300.059	1.0519
PF3D7_1100300.1	1023	1024	2.77768	0.0854511
PF3D7_1100400.1	972	973	42.7869	1.38526
PF3D7_1100500.1	984	985	12.3698	0.395606
PF3D7_1100600.1	846	847	0	0
PF3D7_1100700.1	864	865	5	0.182091
PF3D7_1100800.1	1019	1020	15.506	0.478888
PF3D7_1100900.1	840	841	3.17	0.11874
PF3D7_1101000.1	402	403	0	0
PF3D7_1101100.1	1050	1051	3.07347	0.0921216
PF3D7_1101200.1	1071	1072	0	0
PF3D7_1101300.1	993	994	50.7466	1.60826
PF3D7_1101400.1	1083	1084	14.3413	0.416768
PF3D7_1101500.1	927	928	87.7065	2.97727
PF3D7_1101600.1	693	694	24.0957	1.09374
PF3D7_1101700.1	696	697	1.40279	0.063401
PF3D7_1101800.1	849	850	0	0
PF3D7_1101900.1	429	430	0	0
PF3D7_1102100.1	453	454	37.5	2.60202
PF3D7_1102200.1	1701	1702	35.8889	0.664256
PF3D7_1102300.1	1901	1902	4243	70.2745
PF3D7_1102400.1	3786	3787	3925.48	32.6537
PF3D7_1102500.1	3418	3419	27630.7	254.582
PF3D7_1102600.1	1431	1432	12412.7	273.06
PF3D7_1102700.1	2425	2426	37439.2	486.15
PF3D7_1102800.1	3560	3561	5.45257e+06	48235.3
PF3D7_1102900.1	914	915	160	5.50852
PF3D7_1103000.1	276	277	90	10.2352
PF3D7_1103100.1	1155	1156	7631.46	207.963
PF3D7_1103200.1	73	74	362	154.103
PF3D7_1103300.1	99	100	27	8.50548
PF3D7_1103400.1	5202	5203	1203.9	7.28906
PF3D7_1103500.1	1752	1753	8896	159.863
PF3D7_1103600.1	2359	2360	542.348	7.23937
PF3D7_1103700.1	1976	1977	375.377	5.9813
PF3D7_1103800.1	12129	12130	39449.9	102.452
PF3D7_1103900.1	455	456	10.1392	0.700446
PF3D7_1104000.1	2874	2875	3615.57	39.6163
PF3D7_1104100.1	1897	1898	10361.9	171.981
PF3D7_1104200.1	5126	5127	21639	132.956
PF3D7_1104300.1	4497	4498	8528.5	59.7294
PF3D7_1104400.1	2319	2320	4842.24	65.7496
PF3D7_1104500.1	1935	1936	1490	24.2446
PF3D7_1104600.1	1932	1933	442.173	7.20601
PF3D7_1104700.1	1016	1017	763.317	23.6439
PF3D7_1104700.2	555	556	9.1486	0.51834
PF3D7_1104800.1	2423	2424	328.016	4.26283
PF3D7_1104900.1	7517	7518	10561.7	44.2556
PF3D7_1105000.1	3953	3954	94301.4	751.305
PF3D7_1105100.1	1717	1718	1.00923e+06	18505.6
PF3D7_1105200.1	1392	1393	1079	24.4009
PF3D7_1105300.1	3214	3215	521.491	5.10976
PF3D7_1105400.1	2876	2877	7822.8	85.6559
PF3D7_1105500.1	1507	1508	2368.14	49.4699
PF3D7_1105600.1	4702	4703	34197	229.059
PF3D7_1105700.1	2559	2560	2301.07	28.3155
PF3D7_1105800.1	1723	1724	2311	42.2277
PF3D7_1105900.1	399	400	207	16.3022
PF3D7_1106000.1	2725	2726	1353.27	15.6384
PF3D7_1106100.1	1098	1099	7468.66	214.082
PF3D7_1106200.1	2435	2436	347.015	4.48752
PF3D7_1106300.1	3164	3165	6050.38	60.2205
PF3D7_1106400.1	1030	1031	964.491	29.4696
PF3D7_1106500.1	6279	6280	2943.06	14.763
PF3D7_1106600.1	4833	4834	904.881	5.89685
PF3D7_1106700.1	3227	3228	2162.71	21.1057
PF3D7_1106800.1	5309	5310	2080.92	12.3451
PF3D7_1106900.1	511	512	663	40.7923
PF3D7_1107000.1	1345	1346	825.002	19.3083
PF3D7_1107100.1	2761	2762	9302.1	106.094
PF3D7_1107200.1	3079	3080	2844.07	29.0888
PF3D7_1107300.1	14888	14889	61068.4	129.207
PF3D7_1107400.1	1938	1939	714.666	11.6108
PF3D7_1107500.1	1339	1340	400.093	9.4057
PF3D7_1107600.1	3438	3439	510.514	4.67638
PF3D7_1107700.1	2574	2575	3318.65	40.5994
PF3D7_1107800.1	7686	7687	10272.6	42.0978
PF3D7_1107900.1	5439	5440	2041.63	11.8226
PF3D7_1108000.1	2478	2479	11845	150.52
PF3D7_1108100.1	4743	4744	4556.25	30.255
PF3D7_1108200.1	1358	1359	1463.27	33.9188
PF3D7_1108300.1	1446	1447	1681.62	36.6095
PF3D7_1108400.1	2517	2518	1821.4	22.7868
PF3D7_1108500.1	2108	2109	6341.47	94.7215
PF3D7_1108600.1	2640	2641	55577.1	662.922
PF3D7_1108700.1	4767	4768	8999.3	59.4576
PF3D7_1108800.1	468	469	124	8.32883
PF3D7_1108900.1	2057	2058	586.338	8.97506
PF3D7_1109000.1	106	107	32	9.42109
PF3D7_1109100.1	4543	4544	1274.99	8.83899
PF3D7_1109200.1	1158	1159	405	11.008
PF3D7_1109300.1	68	69	3	1.36964
PF3D7_1109400.1	2412	2413	9432.6	123.143
PF3D7_1109500.1	85	86	7	2.5641
PF3D7_1109600.1	83	84	0	0
PF3D7_1109700.1	203	204	1833	283.053
PF3D7_1109800.1	85	86	11	4.0293
PF3D7_1109900.1	1822	1823	32932.6	569.081
PF3D7_1110000.1	730	731	1080.03	46.5431
PF3D7_1110100.1	3255	3256	6314.55	61.0932
PF3D7_1110200.1	4754	4755	14132.2	93.6256
PF3D7_1110300.1	2353	2354	14611.8	195.539
PF3D7_1110400.1	8185	8186	64242.7	247.222
PF3D7_1110500.1	4271	4272	1742.98	12.8528
PF3D7_1110600.1	1521	1522	5153.11	106.657
PF3D7_1110700.1	1917	1918	1758.01	28.8741
PF3D7_1110800.1	1218	1219	4827.1	124.743
PF3D7_1110900.1	2476	2477	1237.44	15.7375
PF3D7_1111000.1	2450	2451	439.405	5.6475
PF3D7_1111100.1	2332	2333	4202.12	56.74
PF3D7_1111200.1	2409	2410	4990.82	65.2364
PF3D7_1111300.1	2274	2275	533.37	7.38553
PF3D7_1111400.1	1026	1027	312	9.57016
PF3D7_1111500.1	989	990	370.408	11.7864
PF3D7_1111600.1	2235	2236	755	10.6368
PF3D7_1111700.1	3082	3083	907.533	9.27308
PF3D7_1111800.1	1460	1461	143.208	3.08782
PF3D7_1111900.1	1532	1533	1055.05	21.6803
PF3D7_1112000.1	1489	1490	2078.32	43.9401
PF3D7_1112100.1	8209	8210	18851.6	72.3336
PF3D7_1112200.1	1068	1069	7667	225.935
PF3D7_1112300.1	2876	2877	2854	31.2499
PF3D7_1112400.1	1176	1177	997	26.6842
PF3D7_1112500.1	1649	1650	1404.57	26.816
PF3D7_1112600.1	2764	2765	418.725	4.77055
PF3D7_1112700.1	3501	3502	2989	26.8871
PF3D7_1112800.1	1338	1339	484.471	11.3978
PF3D7_1112900.1	1184	1185	1519	40.3808
PF3D7_1113000.1	18441	18442	5267.19	8.99718
PF3D7_1113100.1	5621	5622	77322.2	433.26
PF3D7_1113200.1	1733	1734	1528.59	27.7701
PF3D7_1113300.1	2003	2004	3042.71	47.8297
PF3D7_1113400.1	1408	1409	3142.18	70.2513
PF3D7_1113500.1	3360	3361	928.824	8.70562
PF3D7_1113600.1	2209	2210	1103.06	15.7232
PF3D7_1113700.1	1585	1586	69.179	1.37406
PF3D7_1113800.1	3119	3120	748.08	7.55315
PF3D7_1113900.1	1527	1528	3461	71.3532
PF3D7_1114000.1	528	529	54	3.21568
PF3D7_1114100.1	1586	1587	26927.8	534.514
PF3D7_1114100.2	831	832	2736.46	103.61
PF3D7_1114200.1	2656	2657	23073.5	273.562
PF3D7_1114300.1	348	349	146	13.1784
PF3D7_1114400.1	1914	1915	640	10.528
PF3D7_1114500.1	2095	2096	7417.37	111.479
PF3D7_1114600.1	1008	1009	1093	34.1243
PF3D7_1114700.1	3579	3580	3922.19	34.5128
PF3D7_1114800.1	1586	1587	833.754	16.5499
PF3D7_1114900.1	7846	7847	4669.28	18.7448
PF3D7_1115000.1	1121	1122	968.624	27.1955
PF3D7_1115100.1	1120	1121	559.704	15.7285
PF3D7_1115200.1	4811	4812	8934.81	58.4918
PF3D7_1115300.1	2813	2814	2281.01	25.5351
PF3D7_1115400.1	2433	2434	149931	1940.47
PF3D7_1115500.1	2229	2230	4259.07	60.1652
PF3D7_1115600.1	1467	1468	24422.7	524.087
PF3D7_1115700.1	3670	3671	4320.45	37.0748
PF3D7_1115800.1	3426	3427	38347.1	352.495
PF3D7_1115900.1	2936	2937	20491.5	219.788
PF3D7_1116000.1	4702	4703	25798.6	172.805
PF3D7_1116100.1	7327	7328	13300.9	57.1781
PF3D7_1116200.1	679	680	1158.99	53.6915
PF3D7_1116200.2	546	547	2402.01	138.332
PF3D7_1116300.1	1660	1661	1379.07	26.1549
PF3D7_1116400.1	3101	3102	31245.5	317.308
PF3D7_1116500.1	3529	3530	1577.39	14.0766
PF3D7_1116600.1	3718	3719	2825.36	23.9322
PF3D7_1116700.1	3648	3649	40355.5	348.388
PF3D7_1116800.1	4872	4873	107211	693.074
PF3D7_1116900.1	639	640	2048	100.806
PF3D7_1117000.1	3852	3853	807	6.59796
PF3D7_1117100.1	2026	2027	14447.2	224.525
PF3D7_1117200.1	5466	5467	7507.55	43.2598
PF3D7_1117300.1	685	686	17508	803.984
PF3D7_1117400.1	2244	2245	1177.9	16.5283
PF3D7_1117500.1	1951	1952	1648	26.5958
PF3D7_1117600.1	1359	1360	3045.22	70.5366
PF3D7_1117600.2	393	394	307.783	24.6084
PF3D7_1117700.1	2180	2181	13652.5	197.192
PF3D7_1117800.1	3814	3815	6258.36	51.6774
PF3D7_1117900.1	5719	5720	5311.92	29.2543
PF3D7_1118000.1	1618	1619	285.025	5.54589
PF3D7_1118100.1	2180	2181	432.623	6.24869
PF3D7_1118200.1	3979	3980	2687.94	21.2751
PF3D7_1118300.1	6244	6245	24720.1	124.696
PF3D7_1118400.1	2556	2557	750.933	9.25136
PF3D7_1118500.1	3124	3125	4145.68	41.7908
PF3D7_1118600.1	2599	2600	3601.26	43.6331
PF3D7_1118700.1	3313	3314	1714.22	16.2948
PF3D7_1118800.1	1464	1465	7800	167.723
PF3D7_1118900.1	812	813	690.221	26.7444
PF3D7_1119000.1	2437	2438	448.002	5.7887
PF3D7_1119100.1	1493	1494	445.741	9.39868
PF3D7_1119200.1	1386	1387	7763.51	176.326
PF3D7_1119300.1	1865	1866	15134.4	255.498
PF3D7_1119400.1	8233	8234	2195.64	8.4001
PF3D7_1119500.1	1364	1365	11696	269.923
PF3D7_1119600.1	4161	4162	777.051	5.88143
PF3D7_1119700.1	2810	2811	1290.38	14.4608
PF3D7_1119800.1	1343	1344	544.441	12.7611
PF3D7_1119900.1	6941	6942	4116.14	18.6784
PF3D7_1120000.1	3623	3624	9119.33	79.2701
PF3D7_1120100.1	2583	2584	4759.28	58.0208
PF3D7_1120200.1	1351	1352	612.105	14.2621
PF3D7_1120300.1	2684	2685	671.504	7.87843
PF3D7_1120400.1	2917	2918	2584.18	27.898
PF3D7_1120500.1	3710	3711	6576.69	55.8279
PF3D7_1120600.1	7908	7909	5535.4	22.0477
PF3D7_1120700.1	5206	5207	6366.63	38.5174
PF3D7_1120800.1	703	704	320.038	14.3207
PF3D7_1120900.1	816	817	298	11.4902
PF3D7_1121000.1	1097	1098	8461.92	242.774
PF3D7_1121100.1	6352	6353	7800.43	38.679
PF3D7_1121200.1	704	705	552.357	24.6812
PF3D7_1121300.1	6281	6282	5563.61	27.8993
PF3D7_1121400.1	1749	1750	11890	214.032
PF3D7_1121500.1	1548	1549	1892	38.4773
PF3D7_1121600.1	3065	3066	203949	2095.49
PF3D7_1121700.1	4678	4679	19146.8	128.908
PF3D7_1121800.1	6075	6076	689	3.57221
PF3D7_1121900.1	2050	2051	1102	16.9259
PF3D7_1122000.1	1936	1937	244	3.96821
PF3D7_1122100.1	2040	2041	2452	37.8453
PF3D7_1122200.1	2027	2028	11095	172.343
PF3D7_1122300.1	1086	1087	2902	84.1013
PF3D7_1122400.1	3549	3550	6699.7	59.4514
PF3D7_1122500.1	6387	6388	1003.06	4.94649
PF3D7_1122600.1	6182	6183	3983.42	20.2951
PF3D7_1122700.1	1515	1516	826.412	17.1724
PF3D7_1122800.1	5864	5865	7767	41.7177
PF3D7_1122900.1	15756	15757	3775.22	7.54751
PF3D7_1123000.1	10984	10985	28239.6	80.983
PF3D7_1123100.1	7588	7589	31913	132.47
PF3D7_1123200.1	3373	3374	889.555	8.30544
PF3D7_1123300.1	3143	3144	2350.88	23.555
PF3D7_1123400.1	3048	3049	44620.8	461.015
PF3D7_1123500.1	5049	5050	17674	110.25
PF3D7_1123600.1	3883	3884	877.66	7.11839
PF3D7_1123700.1	1045	1046	588.336	17.7186
PF3D7_1123800.1	4600	4601	1458	9.98252
PF3D7_1123900.1	1434	1435	842.59	18.4969
PF3D7_1124000.1	2912	2913	15576	168.442
PF3D7_1124100.1	6173	6174	8069.25	41.172
PF3D7_1124200.1	2594	2595	818.638	9.93779
PF3D7_1124300.1	3184	3185	1495.53	14.7918
PF3D7_1124400.1	929	930	2424.51	82.1253
PF3D7_1124500.1	2749	2750	1542.24	17.6667
PF3D7_1124600.1	4164	4165	38016.8	287.538
PF3D7_1124700.1	2005	2006	3762.64	59.0877
PF3D7_1124800.1	1452	1453	48015	1040.99
PF3D7_1124900.1	2208	2209	4467.84	63.7143
PF3D7_1125000.1	1641	1642	2744.4	52.6513
PF3D7_1125100.1	2107	2108	971.416	14.5168
PF3D7_1125200.1	2541	2542	2017.98	25.0078
PF3D7_1125300.1	4816	4817	13716	89.6986
PF3D7_1125400.1	3193	3194	1248.59	12.3146
PF3D7_1125500.1	1434	1435	698.232	15.3279
PF3D7_1125600.1	1696	1697	904.792	16.7959
PF3D7_1125700.1	3097	3098	7077.18	71.9638
PF3D7_1125800.1	3179	3180	18772.2	185.962
PF3D7_1125900.1	1860	1861	6257.18	105.917
PF3D7_1126000.1	4011	4012	5281.3	41.4682
PF3D7_1126100.1	4399	4400	847.058	6.0645
PF3D7_1126200.1	1984	1985	5196.18	82.4629
PF3D7_1126300.1	2078	2079	18218	276.046
PF3D7_1126400.1	1034	1035	7432.14	226.208
PF3D7_1126500.1	5220	5221	9304.39	56.1396
PF3D7_1126600.1	2795	2796	4038.26	45.498
PF3D7_1126700.1	5208	5209	34141.7	206.474
PF3D7_1126800.1	3751	3752	2856.87	23.9862
PF3D7_1126900.1	989	990	1758.72	55.9624
PF3D7_1127000.1	2084	2085	1633.75	24.684
PF3D7_1127100.1	1443	1444	3326.79	72.576
PF3D7_1127200.1	207	208	34	5.14933
PF3D7_1127300.1	1806	1807	674.071	11.7512
PF3D7_1127400.1	1756	1757	1519.88	27.2504
PF3D7_1127500.1	2225	2226	2667.47	37.7494
PF3D7_1127600.1	1324	1325	5778.15	137.375
PF3D7_1127700.1	1344	1345	1753	41.0577
PF3D7_1127800.1	5137	5138	5624.12	34.4822
PF3D7_1127900.1	2216	2217	5826.86	82.7949
PF3D7_1128000.1	6202	6203	6432.18	32.6657
PF3D7_1128000.2	5331	5332	9023.94	53.314
PF3D7_1128100.1	1854	1855	1162.33	19.7388
PF3D7_1128200.1	1026	1027	748.26	22.9518
PF3D7_1128300.1	5216	5217	1552.71	9.37574
PF3D7_1128400.1	1537	1538	1467.46	30.057
PF3D7_1128500.1	2381	2382	3680.43	48.6734
PF3D7_1128600.1	2429	2430	916.608	11.8826
PF3D7_1128700.1	3062	3063	2115.47	21.7568
PF3D7_1128900.1	3077	3078	6106.24	62.4942
PF3D7_1129000.1	2293	2294	4533.35	62.253
PF3D7_1129100.1	3367	3368	72984.2	682.64
PF3D7_1129200.1	2126	2127	10646.8	157.683
PF3D7_1129300.1	5789	5790	10360.1	56.3662
PF3D7_1129400.1	3550	3551	3603.02	31.9633
PF3D7_1129500.1	2589	2590	5147.06	62.6029
PF3D7_1129600.1	4238	4239	6123	45.5026
PF3D7_1129700.1	2660	2661	2346.07	27.7735
PF3D7_1129800.1	2902	2903	899.453	9.76037
PF3D7_1129850.1	687	688	0	0
PF3D7_1129900.1	2728	2729	2499.74	28.8554
PF3D7_1130000.1	4001	4002	2325.98	18.309
PF3D7_1130100.1	1309	1310	2409.47	57.9409
PF3D7_1130200.1	2570	2571	41915.2	513.576
PF3D7_1130300.1	100	101	27	8.42127
PF3D7_1130310.1	103	104	4	1.21161
PF3D7_1130400.1	2829	2830	947.553	10.5476
PF3D7_1130500.1	3914	3915	2893.23	23.2802
PF3D7_1130600.1	3401	3402	1053.61	9.75623
PF3D7_1130700.1	6233	6234	2720.07	13.7451
PF3D7_1130800.1	1524	1525	278	5.74262
PF3D7_1130900.1	4123	4124	1662.66	12.7004
PF3D7_1131000.1	1350	1351	636.149	14.8333
PF3D7_1131100.1	2951	2952	18491.9	197.334
PF3D7_1131200.1	1690	1691	3429.21	63.883
PF3D7_1131300.1	2439	2440	421.648	5.44372
PF3D7_1131400.1	5725	5726	5774.58	31.769
PF3D7_1131500.1	771	772	88	3.59088
PF3D7_1131600.1	8292	8293	2678.28	10.1737
PF3D7_1131700.1	411	412	3841	293.685
PF3D7_1131800.1	6541	6542	5181.94	24.9527
PF3D7_1131900.1	2331	2332	3987.81	53.8693
PF3D7_1132000.1	3093	3094	8924.82	90.8686
PF3D7_1132100.1	3393	3394	479	4.44589
PF3D7_1132200.1	2510	2511	15524.1	194.758
PF3D7_1132300.1	1937	1938	957.006	15.5559
PF3D7_1132400.1	5765	5766	5722.39	31.2635
PF3D7_1132500.1	4320	4321	664.388	4.84365
PF3D7_1132600.1	1922	1923	3164.77	51.8439
PF3D7_1132700.1	1607	1608	2311.07	45.2754
PF3D7_1132800.1	2162	2163	1377.33	20.0593
PF3D7_1132900.1	2277	2278	4087.35	56.5227
PF3D7_1133000.1	1008	1009	2990.02	93.3508
PF3D7_1133100.1	4344	4345	4544.02	32.9447
PF3D7_1133200.1	7140	7141	6678.92	29.4633
PF3D7_1133300.1	2304	2305	1384.12	18.9164
PF3D7_1133400.1	3731	3732	28465.7	240.278
PF3D7_1133500.1	1179	1180	851	22.7186
PF3D7_1133600.1	2311	2312	46642.3	635.516
PF3D7_1133700.1	5669	5670	55149	306.401
PF3D7_1133800.1	3513	3514	6861.87	61.5143
PF3D7_1133900.1	4722	4723	12877.7	85.8924
PF3D7_1134000.1	3609	3610	4516.18	39.4093
PF3D7_1134100.1	3211	3212	4739.35	46.4813
PF3D7_1134200.1	6581	6582	9932.44	47.5371
PF3D7_1134300.1	7196	7197	5063.02	22.1612
PF3D7_1134400.1	1256	1257	2621.65	65.7014
PF3D7_1134500.1	6213	6214	5156.79	26.1423
PF3D7_1134600.1	8014	8015	7589.99	29.8313
PF3D7_1134700.1	5428	5429	11197.7	64.9749
PF3D7_1134800.1	1721	1722	2154.7	39.4174
PF3D7_1134900.1	2049	2050	528	8.11363
PF3D7_1135000.1	1586	1587	1280.88	25.4253
PF3D7_1135100.1	3418	3419	2667.31	24.5759
PF3D7_1135200.1	1494	1495	362	7.62785
PF3D7_1135300.1	2028	2029	165.014	2.56197
PF3D7_1135400.1	1585	1586	823	16.3468
PF3D7_1135500.1	1080	1081	2430	70.8134
PF3D7_1135600.1	7066	7067	4040.14	18.0093
PF3D7_1135700.1	790	791	104.73	4.17089
PF3D7_1135800.1	1144	1145	2955.76	81.3203
PF3D7_1135900.1	1633	1634	3870.36	74.6164
PF3D7_1136000.1	10822	10823	4316.57	12.564
PF3D7_1136100.1	1809	1810	470	8.18002
PF3D7_1136200.1	2588	2589	4747.41	57.7644
PF3D7_1136300.1	4886	4887	3841.78	24.7642
PF3D7_1136400.1	4802	4803	8064.56	52.8936
PF3D7_1136500.1	972	973	151.206	4.89544
PF3D7_1136500.2	975	976	12255.8	395.573
PF3D7_1136600.1	5043	5044	9366.72	58.4989
PF3D7_1136700.1	2737	2738	5675.3	65.2966
PF3D7_1136700.2	1206	1207	5025.62	131.165
PF3D7_1136800.1	4076	4077	3956.76	30.5727
PF3D7_1136900.1	5532	5533	65894.4	375.166
PF3D7_1137000.1	198	199	180571	28584.5
PF3D7_1137100.1	1625	1626	237.968	4.61033
PF3D7_1137200.1	2425	2426	4950.32	64.2803
PF3D7_1137300.1	3493	3494	4508.19	40.6457
PF3D7_1137400.1	2378	2379	7496.58	99.2667
PF3D7_1137500.1	1507	1508	1081.51	22.5924
PF3D7_1137600.1	1971	1972	1370	21.8851
PF3D7_1137700.1	2208	2209	1652	23.5586
PF3D7_1137800.1	456	457	501	34.5348
PF3D7_1137900.1	2289	2290	2145	29.5071
PF3D7_1138000.1	9747	9748	7230.95	23.3676
PF3D7_1138100.1	1458	1459	825.244	17.8181
PF3D7_1138200.1	753	754	70.309	2.93748
PF3D7_1138300.1	960	961	1177.46	38.5975
PF3D7_1138350.1	279	280	27	3.03767
PF3D7_1138400.1	13943	13944	6498.96	14.6822
PF3D7_1138500.1	3450	3451	38811.5	354.283
PF3D7_1138600.1	2535	2536	4568	56.7429
PF3D7_1138700.1	6396	6397	25661.2	126.367
PF3D7_1138800.1	7030	7031	6975.81	31.2545
PF3D7_1138900.1	3360	3361	7143.6	66.955
PF3D7_1139100.1	8547	8548	17709	65.2624
PF3D7_1139200.1	1662	1663	137.487	2.60438
PF3D7_1139300.1	8683	8684	6492	23.5501
PF3D7_1139400.1	3586	3587	698.311	6.13271
PF3D7_1139500.1	1938	1939	865	14.0531
PF3D7_1139600.1	1890	1891	378	6.29702
PF3D7_1139700.1	2784	2785	4053.57	45.8509
PF3D7_1139800.1	6751	6752	5818	27.1442
PF3D7_1139900.1	1665	1666	2180.5	41.2303
PF3D7_1140000.1	1803	1804	549.436	9.59436
PF3D7_1140100.1	1625	1626	6828.49	132.294
PF3D7_1140200.1	2635	2636	3320.36	39.6803
PF3D7_1140300.1	3242	3243	1913.26	18.585
PF3D7_1140400.1	1105	1106	473.143	13.4763
PF3D7_1140500.1	5217	5218	3593	21.6914
PF3D7_1140600.1	6380	6381	2448.83	12.0894
PF3D7_1140700.1	10188	10189	12738.1	39.383
PF3D7_1140800.1	3497	3498	3913	35.2391
PF3D7_1140900.1	5849	5850	2534.36	13.6473
PF3D7_1141000.1	2472	2473	2073.19	26.4089
PF3D7_1141100.1	7692	7693	714.115	2.9242
PF3D7_1141200.1	1086	1087	145.008	4.20239
PF3D7_1141300.1	4396	4397	7139.93	51.1532
PF3D7_1141400.1	1809	1810	17674	307.603
PF3D7_1141500.1	912	913	1382	47.684
PF3D7_1141600.1	789	790	2621	104.514
PF3D7_1141700.1	1368	1369	1479.24	34.0385
PF3D7_1141800.1	2311	2312	1213.07	16.5285
PF3D7_1141900.1	1602	1603	5972	117.36
PF3D7_1142000.1	2558	2559	616	7.58308
PF3D7_1142100.1	10727	10728	20628.3	60.5732
PF3D7_1142200.1	1133	1134	526.61	14.6289
PF3D7_1142300.1	6712	6713	16562.1	77.72
PF3D7_1142400.1	2254	2255	1706.71	23.8424
PF3D7_1142500.1	990	991	1509.57	47.9859
PF3D7_1142600.1	1117	1118	17420.9	490.867
PF3D7_1142700.1	2740	2741	612.067	7.03436
PF3D7_1142800.1	1235	1236	2132.18	54.3427
PF3D7_1142900.1	2367	2368	1252.37	16.6604
PF3D7_1143000.1	1491	1492	1471.14	31.0614
PF3D7_1143100.1	6287	6288	23917.5	119.823
PF3D7_1143200.1	2855	2856	2327.28	25.67
PF3D7_1143300.1	3172	3173	8161.67	81.0297
PF3D7_1143400.1	1895	1896	1794.21	29.8105
PF3D7_1143500.1	3307	3308	7528.62	71.6944
PF3D7_1143600.1	1295	1296	2321.9	56.4382
PF3D7_1143700.1	3092	3093	1923.64	19.592
PF3D7_1143800.1	4216	4217	7705.98	57.5651
PF3D7_1143900.1	1516	1517	3686.69	76.5573
PF3D7_1144000.1	995	996	2072.13	65.538
PF3D7_1144100.1	523	524	178	10.701
PF3D7_1144200.1	1528	1529	8427.13	173.623
PF3D7_1144300.1	891	892	1166.6	41.1996
PF3D7_1144400.1	4395	4396	2622.03	18.7895
PF3D7_1144500.1	2496	2497	503.168	6.34789
PF3D7_1144600.1	1771	1772	1044.28	18.5647
PF3D7_1144700.1	1500	1501	1078.2	22.6283
PF3D7_1144800.1	2183	2184	1628.65	23.4915
PF3D7_1144900.1	1752	1753	596.531	10.7198
PF3D7_1145000.1	2069	2070	1601.53	24.3725
PF3D7_1145100.1	4348	4349	3604.36	26.108
PF3D7_1145200.1	9293	9294	11393.4	38.6177
PF3D7_1145300.1	1017	1018	1812	56.0719
PF3D7_1145400.1	3906	3907	4190.22	33.7853
PF3D7_1145500.1	3065	3066	1815.86	18.6572
PF3D7_1145600.1	2481	2482	1951.5	24.7686
PF3D7_1145700.1	1600	1601	1229.42	24.1904
PF3D7_1145800.1	3292	3293	2998.15	28.6812
PF3D7_1145900.1	1303	1304	985.438	23.806
PF3D7_1146000.1	2688	2689	2862.75	33.5373
PF3D7_1146100.1	1159	1160	535.259	14.5359
PF3D7_1146200.1	635	636	5884	291.441
PF3D7_1146300.1	735	736	90.5876	3.87727
PF3D7_1146500.1	954	955	105	3.46355
PF3D7_1146600.1	7201	7202	17369.4	75.9743
PF3D7_1146700.1	2409	2410	923.679	12.0737
PF3D7_1146800.1	11198	11199	9268.29	26.0708
PF3D7_1146900.1	1734	1735	1668.04	30.2859
PF3D7_1147000.1	8823	8824	1649	5.88695
PF3D7_1147100.1	309	310	391	39.7329
PF3D7_1147200.1	8958	8959	2247.1	7.9013
PF3D7_1147300.1	6407	6408	5809.25	28.5583
PF3D7_1147400.1	867	868	12.6965	0.460786
PF3D7_1147500.1	3202	3203	203	1.99652
PF3D7_1147600.1	2565	2566	1827.2	22.4318
PF3D7_1147700.1	1584	1585	1514.03	30.0912
PF3D7_1147800.1	6168	6169	168.676	0.861337
PF3D7_1147800.2	6060	6061	4412.32	22.9329
PF3D7_1147900.1	2012	2013	2701.08	42.2696
PF3D7_1148000.1	5364	5365	2283.32	13.407
PF3D7_1148100.1	1659	1660	1318.18	25.015
PF3D7_1148200.1	544	545	39.4169	2.27835
PF3D7_1148500.1	273	274	270.724	31.1251
PF3D7_1148600.1	2150	2151	776.623	11.3738
PF3D7_1148620.1	168	169	6	1.11841
PF3D7_1148640.1	4205	4206	62.1045	0.465145
PF3D7_1148700.1	3803	3804	8357	69.2062
PF3D7_1148800.1	1840	1841	2014	34.462
PF3D7_1148900.1	1990	1991	2162.15	34.2097
PF3D7_1149000.1	20482	20483	11181.9	17.1971
PF3D7_1149100.1	3711	3712	3037.18	25.7749
PF3D7_1149100.2	1350	1351	4887.26	113.958
PF3D7_1149200.1	4496	4497	947383	6636.48
PF3D7_1149300.1	2049	2050	11134.2	171.096
PF3D7_1149400.1	2216	2217	260	3.69439
PF3D7_1149500.1	2520	2521	4341	54.244
PF3D7_1149600.1	3554	3555	31123.7	275.795
PF3D7_1149700.1	258	259	104	12.6494
PF3D7_1149800.1	945	946	3.02486	0.100728
PF3D7_1149900.1	927	928	31.0025	1.05241
PF3D7_1150000.1	1110	1111	1.02874	0.0291692
PF3D7_1150100.1	861	862	1.0091	0.0368776
PF3D7_1150200.1	1017	1018	1	0.0309448
PF3D7_1150300.1	1026	1027	0	0
PF3D7_1150400.1	9360	9361	467.25	1.5724
PF3D7_1200100.1	6537	6538	1233.61	5.94386
PF3D7_1200200.1	1137	1138	69.0417	1.91119
PF3D7_1200300.1	1038	1039	11.4646	0.347599
PF3D7_1200400.1	8583	8584	388.34	1.42514
PF3D7_1200500.1	1722	1723	900.51	16.4641
PF3D7_1200600.1	11562	11563	216261	589.172
PF3D7_1200610.1	360	361	0	0
PF3D7_1200700.1	4847	4848	163267	1060.89
PF3D7_1200800.1	3321	3322	120578	1143.41
PF3D7_1200900.1	2633	2634	4613.79	55.1795
PF3D7_1201000.1	2992	2993	3929.6	41.3596
PF3D7_1201100.1	3749	3750	1409.93	11.8441
PF3D7_1201200.1	3573	3574	23365.8	205.949
PF3D7_1201300.1	321	322	5149	503.735
PF3D7_1201400.1	3390	3391	1247.42	11.5883
PF3D7_1201500.1	2140	2141	2064.65	30.3783
PF3D7_1201600.1	1645	1646	2212	42.3341
PF3D7_1201700.1	1668	1669	1118	21.1019
PF3D7_1201800.1	1718	1719	946.732	17.3495
PF3D7_1201900.1	1658	1659	1072.23	20.36
PF3D7_1202000.1	3198	3199	1490.02	14.6728
PF3D7_1202100.1	2140	2141	1735.96	25.5422
PF3D7_1202100.2	1203	1204	2190.67	57.3172
PF3D7_1202200.1	2190	2191	2726.9	39.2069
PF3D7_1202300.1	17956	17957	8560.24	15.0171
PF3D7_1202400.1	1378	1379	1096.39	25.0458
PF3D7_1202500.1	3985	3986	3434.02	27.1394
PF3D7_1202600.1	6781	6782	51193.3	237.788
PF3D7_1202700.1	3656	3657	2094.1	18.0388
PF3D7_1202800.1	1326	1327	104.399	2.47834
PF3D7_1202900.1	2597	2598	6651.36	80.6504
PF3D7_1203000.1	4241	4242	5490.73	40.775
PF3D7_1203100.1	1120	1121	4127.06	115.977
PF3D7_1203200.1	818	819	3905.58	150.223
PF3D7_1203300.1	3681	3682	2039.52	17.4494
PF3D7_1203400.1	4485	4486	1579.96	11.0949
PF3D7_1203500.1	2112	2113	5042.06	75.1698
PF3D7_1203600.1	1511	1512	705.562	14.7
PF3D7_1203700.1	2330	2331	21802.8	294.649
PF3D7_1203800.1	3009	3010	3610.09	37.7822
PF3D7_1203900.1	846	847	1431	53.222
PF3D7_1204000.1	492	493	627	40.0641
PF3D7_1204100.1	3684	3685	7533.78	64.4037
PF3D7_1204200.1	2043	2044	5630.06	86.7696
PF3D7_1204300.1	3255	3256	4716.94	45.6364
PF3D7_1204400.1	1050	1051	10398	311.661
PF3D7_1204500.1	1526	1527	428.224	8.8342
PF3D7_1204600.1	1376	1377	1096.75	25.0905
PF3D7_1204700.1	1761	1762	420	7.50894
PF3D7_1204900.1	1518	1519	6852.29	142.106
PF3D7_1205000.1	2411	2412	4767.46	62.2651
PF3D7_1205100.1	2436	2437	2211.68	28.5892
PF3D7_1205200.1	1406	1407	633.006	14.1726
PF3D7_1205300.1	1727	1728	403.972	7.36449
PF3D7_1205400.1	4233	4234	4279.12	31.8375
PF3D7_1205500.1	6855	6856	13185.5	60.5845
PF3D7_1205600.1	2363	2364	4336.32	57.7842
PF3D7_1205700.1	1628	1629	3579.79	69.2263
PF3D7_1205800.1	8343	8344	20375.2	76.9241
PF3D7_1205900.1	3652	3653	28784.4	248.224
PF3D7_1206000.1	2639	2640	684.26	8.16493
PF3D7_1206100.1	1615	1616	418.04	8.14913
PF3D7_1206200.1	4754	4755	19390	128.458
PF3D7_1206300.1	8806	8807	7434.93	26.594
PF3D7_1206400.1	1601	1602	959.006	18.8579
PF3D7_1206500.1	2709	2710	20125.2	233.94
PF3D7_1206600.1	5438	5439	6466.02	37.4501
PF3D7_1206700.1	6238	6239	8873.5	44.8038
PF3D7_1206800.1	2665	2666	7699.88	90.9827
PF3D7_1206900.1	2092	2093	1187.1	17.867
PF3D7_1207000.1	9210	9211	5656.4	19.345
PF3D7_1207100.1	3957	3958	18296.1	145.619
PF3D7_1207200.1	10491	10492	2615.11	7.85174
PF3D7_1207300.1	330	331	692	65.8587
PF3D7_1207400.1	1188	1189	467.887	12.3964
PF3D7_1207500.1	1250	1251	725.646	18.2727
PF3D7_1207600.1	2864	2865	616.697	6.78082
PF3D7_1207700.1	1128	1129	5400	150.673
PF3D7_1207800.1	3412	3413	4332.13	39.9853
PF3D7_1207900.1	1289	1290	918	22.4175
PF3D7_1208000.1	384	385	578	47.2936
PF3D7_1208100.1	14004	14005	22187.9	49.9079
PF3D7_1208200.1	10806	10807	3906.27	11.3865
PF3D7_1208300.1	1537	1538	979.667	20.0658
PF3D7_1208400.1	5596	5597	1006.59	5.66542
PF3D7_1208500.1	5603	5604	434.038	2.43986
PF3D7_1208600.1	956	957	728.149	23.9686
PF3D7_1208700.1	1360	1361	8035	185.978
PF3D7_1208800.1	4583	4584	6177.98	42.4558
PF3D7_1208900.1	8491	8492	10230.8	37.9521
PF3D7_1209000.1	1086	1087	2227.11	64.5426
PF3D7_1209100.1	3079	3080	245.013	2.50595
PF3D7_1209200.1	1089	1090	326.335	9.43131
PF3D7_1209300.1	5166	5167	9403.26	57.3291
PF3D7_1209400.1	3640	3641	3711.99	32.116
PF3D7_1209500.1	3727	3728	288.595	2.43864
PF3D7_1209500.2	2679	2680	477.533	5.61311
PF3D7_1209600.1	1469	1470	109.291	2.34209
PF3D7_1209700.1	1478	1479	2668.57	56.8389
PF3D7_1209800.1	1141	1142	130.449	3.59839
PF3D7_1209900.1	3247	3248	1637.16	15.8785
PF3D7_1210000.1	2082	2083	690.25	10.4388
PF3D7_1210100.1	2513	2514	1030.64	12.9144
PF3D7_1210200.1	3752	3753	3769.17	31.6375
PF3D7_1210300.1	1088	1089	873.016	25.254
PF3D7_1210400.1	3581	3582	5517.1	48.52
PF3D7_1210500.1	1801	1802	304.316	5.31992
PF3D7_1210600.1	4917	4918	12185.2	78.0514
PF3D7_1210700.1	2789	2790	1408.36	15.9017
PF3D7_1210800.1	100	101	0	0
PF3D7_1210900.1	1667	1668	19243	363.422
PF3D7_1211000.1	5535	5536	5788.82	32.9404
PF3D7_1211100.1	696	697	136	6.14669
PF3D7_1211200.1	5791	5792	14126	76.8292
PF3D7_1211300.1	5121	5122	4422.7	27.2009
PF3D7_1211400.1	2329	2330	2070.36	27.9914
PF3D7_1211500.1	2255	2256	337.63	4.71451
PF3D7_1211600.1	9032	9033	5223.55	18.2166
PF3D7_1211700.1	3904	3905	1244.85	10.0422
PF3D7_1211800.1	2355	2356	17641.5	235.882
PF3D7_1211900.1	6137	6138	24131.1	123.847
PF3D7_1212000.1	1376	1377	1628.22	37.2488
PF3D7_1212100.1	2281	2282	703.286	9.70849
PF3D7_1212200.1	3410	3411	2978.19	27.5046
PF3D7_1212300.1	4612	4613	11034.4	75.3531
PF3D7_1212400.1	1546	1547	598.734	12.1921
PF3D7_1212500.1	2981	2982	2717.49	28.7075
PF3D7_1212600.1	935	936	4613	155.254
PF3D7_1212700.1	7171	7172	144193	633.344
PF3D7_1212800.1	2871	2872	4495.72	49.3116
PF3D7_1212900.1	5429	5430	89356.9	518.398
PF3D7_1213000.1	753	754	5651	236.096
PF3D7_1213100.1	164	165	2325	443.889
PF3D7_1213200.1	1248	1249	1271	32.0566
PF3D7_1213300.1	336	337	148	13.8346
PF3D7_1213400.1	1731	1732	318	5.78381
PF3D7_1213500.1	2097	2098	523	7.85292
PF3D7_1213600.1	1660	1661	2455.5	46.5699
PF3D7_1213700.1	1053	1054	1700.05	50.8107
PF3D7_1213800.1	4049	4050	4443.79	34.5647
PF3D7_1213900.1	4396	4397	199966	1432.63
PF3D7_1214000.1	2901	2902	8572.32	93.0541
PF3D7_1214100.1	4748	4749	2867.3	19.0198
PF3D7_1214200.1	1412	1413	235.798	5.25694
PF3D7_1214300.1	1803	1804	2920.51	50.9984
PF3D7_1214400.1	872	873	101.129	3.6492
PF3D7_1214500.1	1535	1536	2593.49	53.1897
PF3D7_1214600.1	1230	1231	220.021	5.63042
PF3D7_1214700.1	1385	1386	226.455	5.14698
PF3D7_1214800.1	1187	1188	4673.66	123.93
PF3D7_1214900.1	1129	1130	28	0.780575
PF3D7_1215000.1	1442	1443	1982.43	43.278
PF3D7_1215100.1	3774	3775	3371.54	28.135
PF3D7_1215200.1	1781	1782	2122.46	37.5203
PF3D7_1215300.1	958	959	2296	75.4203
PF3D7_1215400.1	2660	2661	1622.58	19.2086
PF3D7_1215500.1	210	211	930	138.847
PF3D7_1215600.1	461	462	239.157	16.3071
PF3D7_1215700.1	3342	3343	1282	12.0805
PF3D7_1215800.1	1101	1102	1335	38.1623
PF3D7_1215900.1	2608	2609	516.475	6.23606
PF3D7_1216000.1	2410	2411	4611	60.2466
PF3D7_1216100.1	882	883	345	12.3082
PF3D7_1216200.1	2176	2177	7053.17	102.061
PF3D7_1216300.1	1518	1519	3479.75	72.1647
PF3D7_1216400.1	3173	3174	13323.8	132.238
PF3D7_1216500.1	1867	1868	55044.4	928.264
PF3D7_1216600.1	549	550	8054	461.3
PF3D7_1216700.1	3222	3223	2386	23.3209
PF3D7_1216800.1	72	73	32	13.809
PF3D7_1216900.1	6208	6209	22350.3	113.396
PF3D7_1217000.1	792	793	848.879	33.7216
PF3D7_1217100.1	1303	1304	641.176	15.4894
PF3D7_1217100.2	924	925	3867.82	131.723
PF3D7_1217200.1	3901	3902	19032.2	153.652
PF3D7_1217300.1	3776	3777	7661.43	63.8996
PF3D7_1217400.1	3752	3753	2312.58	19.4112
PF3D7_1217500.1	3229	3230	7110.21	69.3449
PF3D7_1217600.1	897	898	653	22.9072
PF3D7_1217700.1	2061	2062	2291.63	35.0099
PF3D7_1217800.1	618	619	4331.61	220.442
PF3D7_1217900.1	1927	1928	7831.23	127.955
PF3D7_1218000.1	2266	2267	18544.5	257.691
PF3D7_1218100.1	1392	1393	235	5.31437
PF3D7_1218200.1	7000	7001	33887.7	152.481
PF3D7_1218300.1	3668	3669	2405.45	20.653
PF3D7_1218400.1	3204	3205	4057.51	39.881
PF3D7_1218500.1	4243	4244	18314.9	135.945
PF3D7_1218600.1	3099	3100	8196.9	83.2958
PF3D7_1218700.1	1491	1492	4680	98.8125
PF3D7_1218800.1	1576	1577	9592.57	191.619
PF3D7_1218900.1	2778	2779	2014.01	22.8301
PF3D7_1219000.1	11335	11336	15520.2	43.1293
PF3D7_1219100.1	6984	6985	6479.63	29.2226
PF3D7_1219200.1	704	705	938	41.913
PF3D7_1219300.1	6771	6772	1713.21	7.96945
PF3D7_1219400.1	3420	3421	1297.42	11.9471
PF3D7_1219500.1	813	814	6	0.2322
PF3D7_1219600.1	5387	5388	23589	137.917
PF3D7_1219700.1	573	574	128	7.02479
PF3D7_1219800.1	162	163	200	38.6525
PF3D7_1219900.1	1233	1234	1189.81	30.3738
PF3D7_1220000.1	1308	1309	331	7.96569
PF3D7_1220100.1	2916	2917	2876.34	31.0627
PF3D7_1220200.1	1724	1725	763.098	13.9356
PF3D7_1220300.1	8577	8578	3450.13	12.6702
PF3D7_1220400.1	2973	2974	2105.91	22.3066
PF3D7_1220500.1	1534	1535	439.426	9.01805
PF3D7_1220600.1	1017	1018	835	25.8389
PF3D7_1220700.1	2658	2659	299	3.54232
PF3D7_1220900.1	2768	2769	3421.78	38.9282
PF3D7_1221000.1	9156	9157	13181.8	45.3479
PF3D7_1221100.1	1522	1523	1806.39	37.3634
PF3D7_1221200.1	610	611	334	17.2203
PF3D7_1221300.1	2929	2930	6145.71	66.0753
PF3D7_1221400.1	2383	2384	1307.85	17.2817
PF3D7_1221500.1	3160	3161	160	1.59452
PF3D7_1221600.1	1945	1946	102.74	1.66315
PF3D7_1221700.1	2923	2924	727.684	7.83972
PF3D7_1221800.1	3528	3529	3027.87	27.0284
PF3D7_1221900.1	4511	4512	23779.4	166.023
PF3D7_1222000.1	1710	1711	2483	45.7153
PF3D7_1222100.1	1970	1971	931.464	14.8873
PF3D7_1222200.1	145	146	147	31.7175
PF3D7_1222300.1	3567	3568	14800.9	130.677
PF3D7_1222400.1	9834	9835	2917.34	9.34432
PF3D7_1222500.1	3275	3276	18715.4	179.966
PF3D7_1222600.1	8270	8271	3022.84	11.5131
PF3D7_1222700.1	2281	2282	7013.81	96.8218
PF3D7_1222800.1	2016	2017	1469.87	22.9566
PF3D7_1222900.1	2417	2418	535.02	6.97025
PF3D7_1223000.1	1149	1150	300.522	8.23214
PF3D7_1223100.1	2123	2124	49948.5	740.803
PF3D7_1223200.1	2334	2335	9081.62	122.521
PF3D7_1223300.1	4242	4243	9226.18	68.4989
PF3D7_1223400.1	6854	6855	75168.3	345.432
PF3D7_1223500.1	14014	14015	22721.7	51.072
PF3D7_1223600.1	5836	5837	2221.29	11.9881
PF3D7_1223700.1	1877	1878	11405.3	191.314
PF3D7_1223800.1	1156	1157	16542	450.391
PF3D7_1223900.1	1564	1565	1246.99	25.1005
PF3D7_1224000.1	1872	1873	949.723	15.9733
PF3D7_1224100.1	2248	2249	15849.9	222.01
PF3D7_1224200.1	3034	3035	758.513	7.87298
PF3D7_1224300.1	7668	7669	60074.9	246.768
PF3D7_1224400.1	3262	3263	29246.1	282.349
PF3D7_1224500.1	2886	2887	859.491	9.37842
PF3D7_1224600.1	1466	1467	1507.1	32.3629
PF3D7_1224700.1	5766	5767	10739.4	58.6631
PF3D7_1224800.1	1954	1955	999.288	16.102
PF3D7_1224900.1	898	899	3983.16	139.574
PF3D7_1225000.1	5187	5188	2648.81	16.0837
PF3D7_1225100.1	5255	5256	2804.06	16.8061
PF3D7_1225200.1	4347	4348	1254.51	9.08904
PF3D7_1225300.1	2232	2233	1320.5	18.6288
PF3D7_1225400.1	1163	1164	6797.19	183.955
PF3D7_1225500.1	1977	1978	2483.89	39.5586
PF3D7_1225600.1	3013	3014	6019.64	62.9162
PF3D7_1225700.1	5283	5284	3092.04	18.4339
PF3D7_1225800.1	4760	4761	9651.17	63.8582
PF3D7_1225900.1	3024	3025	861.083	8.96715
PF3D7_1226000.1	3163	3164	3436.14	34.2113
PF3D7_1226100.1	2265	2266	1989.9	27.6634
PF3D7_1226200.1	4729	4730	3768.57	25.0986
PF3D7_1226300.1	2515	2516	3123.3	39.1056
PF3D7_1226400.1	2983	2984	2592	27.3635
PF3D7_1226500.1	4518	4519	2003.82	13.9685
PF3D7_1226600.1	1359	1360	319.014	7.38934
PF3D7_1226700.1	3426	3427	8127.94	74.7139
PF3D7_1226800.1	3053	3054	5841.74	60.2571
PF3D7_1226900.1	1795	1796	11173.7	195.986
PF3D7_1227000.1	1712	1713	5288.8	97.2602
PF3D7_1227100.1	3536	3537	702.719	6.25867
PF3D7_1227200.1	7997	7998	5560.86	21.9026
PF3D7_1227300.1	3489	3490	594	5.36162
PF3D7_1227400.1	4181	4182	1130.59	8.51642
PF3D7_1227500.1	8984	8985	3896.52	13.6614
PF3D7_1227600.1	4726	4727	2782.78	18.545
PF3D7_1227700.1	4226	4227	5800.7	43.2298
PF3D7_1227800.1	3920	3921	12096.4	97.1836
PF3D7_1227900.1	1966	1967	3563.14	57.0641
PF3D7_1228000.1	1276	1277	237.316	5.85426
PF3D7_1228100.1	1344	1345	481.684	11.2817
PF3D7_1228200.1	2762	2763	749.236	8.54225
PF3D7_1228300.1	5621	5622	3863.73	21.6496
PF3D7_1228400.1	5311	5312	2684.1	15.9175
PF3D7_1228500.1	1996	1997	3518.95	55.5098
PF3D7_1228600.1	2611	2612	18209	219.608
PF3D7_1228700.1	4616	4617	4517.72	30.8244
PF3D7_1228800.1	10724	10725	23026.4	67.6338
PF3D7_1228900.1	3037	3038	3920.19	40.6494
PF3D7_1229000.1	5909	5910	2886.63	15.3865
PF3D7_1229100.1	10802	10803	65352.5	190.569
PF3D7_1229200.1	1171	1172	4888.26	131.39
PF3D7_1229300.1	3118	3119	16298	164.609
PF3D7_1229400.1	1393	1394	26431.1	597.293
PF3D7_1229500.1	3119	3120	5802.87	58.5899
PF3D7_1229600.1	4307	4308	7082.7	51.7915
PF3D7_1229700.1	837	838	4631.39	174.101
PF3D7_1229800.1	8647	8648	12545.2	45.6979
PF3D7_1229900.1	2410	2411	2692.36	35.178
PF3D7_1229900.2	2016	2017	4439.66	69.3392
PF3D7_1230000.1	6668	6669	8730.21	41.2381
PF3D7_1230100.1	1723	1724	1756.12	32.0887
PF3D7_1230200.1	3348	3349	2670.3	25.1177
PF3D7_1230300.1	1224	1225	2489.02	64.0069
PF3D7_1230400.1	1151	1152	252.104	6.89386
PF3D7_1230500.1	2356	2357	440.085	5.88183
PF3D7_1230600.1	1987	1988	19313.1	306.035
PF3D7_1230700.1	3687	3688	3278.2	28.0014
PF3D7_1230800.1	2998	2999	7211.33	75.7485
PF3D7_1230900.1	4023	4024	16582.7	129.817
PF3D7_1231000.1	3295	3296	3587.08	34.2838
PF3D7_1231100.1	1805	1806	2731.27	47.6412
PF3D7_1231200.1	1959	1960	7239.43	116.354
PF3D7_1231300.1	3334	3335	2560.29	24.184
PF3D7_1231400.1	6431	6432	22702	111.187
PF3D7_1231500.1	2315	2316	9650.41	131.263
PF3D7_1231600.1	5096	5097	3443.11	21.28
PF3D7_1231700.1	1405	1406	337.073	7.55221
PF3D7_1231800.1	7952	7953	4521.04	17.9078
PF3D7_1231900.1	3912	3913	1536.8	12.3721
PF3D7_1232000.1	2833	2834	691.671	7.68837
PF3D7_1232100.1	3010	3011	2915.1	30.4984
PF3D7_1232200.1	2104	2105	2800	41.9026
PF3D7_1232300.1	1609	1610	210.066	4.11022
PF3D7_1232400.1	1719	1720	20941.2	383.538
PF3D7_1232500.1	3805	3806	74447.8	616.195
PF3D7_1232600.1	1856	1857	653.084	11.0788
PF3D7_1232700.1	3103	3104	2850.72	28.9313
PF3D7_1232800.1	560	561	1088.28	61.11
PF3D7_1232900.1	2433	2434	2119.06	27.4257
PF3D7_1233000.1	3028	3029	1068	11.1073
PF3D7_1233050.1	99	100	37	11.6557
PF3D7_1233100.1	1201	1202	3402.47	89.1712
PF3D7_1233200.1	12963	12964	7136.87	17.3422
PF3D7_1233200.2	9696	9697	18550.8	60.2644
PF3D7_1233300.1	4437	4438	4650.33	33.0089
PF3D7_1233400.1	3321	3322	4455.82	42.2535
PF3D7_1233600.1	19173	19174	52180.9	85.7303
PF3D7_1233700.1	2429	2430	408	5.28919
PF3D7_1233800.1	885	886	5889.47	209.4
PF3D7_1233900.1	3934	3935	1007.01	8.06165
PF3D7_1234000.1	1771	1772	962.025	17.1024
PF3D7_1234100.1	12477	12478	16107.1	40.6638
PF3D7_1234200.1	6201	6202	2944.21	14.9545
PF3D7_1234300.1	1904	1905	10049	166.174
PF3D7_1234400.1	1971	1972	322	5.1438
PF3D7_1234500.1	1856	1857	1813.05	30.7561
PF3D7_1234600.1	3837	3838	1900.76	15.6012
PF3D7_1234700.1	4156	4157	3269.65	24.7774
PF3D7_1234800.1	5722	5723	6010.73	33.0856
PF3D7_1234900.1	1298	1299	49562	1201.92
PF3D7_1235000.1	1356	1357	353	8.19464
PF3D7_1235100.1	823	824	3460.49	132.295
PF3D7_1235200.1	4351	4352	2129	15.4107
PF3D7_1235300.1	7386	7387	22544.4	96.1401
PF3D7_1235400.1	3575	3576	8575	75.5391
PF3D7_1235500.1	2444	2445	4499.01	57.9659
PF3D7_1235600.1	2043	2044	16680.3	257.074
PF3D7_1235700.1	3022	3023	738.193	7.69248
PF3D7_1235800.1	6045	6046	3636	18.9448
PF3D7_1235900.1	4272	4273	7433.17	54.7994
PF3D7_1236000.1	1862	1863	384.065	6.49422
PF3D7_1236100.1	2873	2874	2977.7	32.6384
PF3D7_1236200.1	7938	7939	15655	62.1185
PF3D7_1236300.1	2045	2046	1225.62	18.8706
PF3D7_1236400.1	2513	2514	1389.47	17.4108
PF3D7_1236500.1	810	811	299	11.6141
PF3D7_1236600.1	459	460	38	2.60232
PF3D7_1236650.1	177	178	3058	541.193
PF3D7_1236700.1	2173	2174	853.667	12.3698
PF3D7_1236800.1	1820	1821	6106.55	105.638
PF3D7_1236900.1	3914	3915	7145.73	57.4976
PF3D7_1237000.1	2983	2984	765.254	8.0787
PF3D7_1237100.1	8969	8970	2615.79	9.18641
PF3D7_1237200.1	6522	6523	10706.4	51.7048
PF3D7_1237300.1	924	925	1089.42	37.1012
PF3D7_1237400.1	1638	1639	2387.68	45.8915
PF3D7_1237500.1	6961	6962	3482.08	15.7558
PF3D7_1237600.1	2523	2524	8283.41	103.384
PF3D7_1237700.1	2224	2225	5370.52	76.0363
PF3D7_1237800.1	1227	1228	1220.05	31.2979
PF3D7_1237900.1	4117	4118	128871	985.83
PF3D7_1238000.1	1317	1318	3271.58	78.1948
PF3D7_1238100.1	1599	1600	806.146	15.8719
PF3D7_1238200.1	1050	1051	2158	64.682
PF3D7_1238300.1	3853	3854	7081.43	57.8821
PF3D7_1238400.1	1067	1068	198.786	5.86339
PF3D7_1238500.1	6899	6900	4501.32	20.5507
PF3D7_1238600.1	3234	3235	2528	24.6171
PF3D7_1238700.1	3125	3126	6918.92	69.7244
PF3D7_1238800.1	5934	5935	26666.6	141.541
PF3D7_1238900.1	6365	6366	6718.85	33.2478
PF3D7_1239000.1	4919	4920	7007.07	44.8648
PF3D7_1239100.1	2181	2182	393.797	5.68529
PF3D7_1239200.1	8957	8958	7559.17	26.5826
PF3D7_1239300.1	1738	1739	5320.57	96.3815
PF3D7_1239400.1	540	541	2136	124.377
PF3D7_1239500.1	4007	4008	1644.31	12.9238
PF3D7_1239600.1	1716	1717	1523.34	27.9486
PF3D7_1239700.1	4384	4385	1466.8	10.5375
PF3D7_1239800.1	17753	17754	19897.5	35.3051
PF3D7_1239900.1	3711	3712	1931.02	16.3875
PF3D7_1240000.1	2175	2176	849.398	12.2967
PF3D7_1240100.1	1331	1332	3821.22	90.3717
PF3D7_1240200.1	2553	2554	426	5.25441
PF3D7_1240300.1	7941	7942	702.175	2.78516
PF3D7_1240400.1	7548	7549	1410.17	5.88458
PF3D7_1240500.1	135	136	2	0.463261
PF3D7_1240600.1	7080	7081	2340.47	10.4122
PF3D7_1240700.1	1038	1039	8.78758	0.266433
PF3D7_1240800.1	135	136	1.0625	0.246108
PF3D7_1240900.1	8198	8199	942.167	3.61995
PF3D7_1241000.1	135	136	0	0
PF3D7_1241100.1	2303	2304	8620.14	117.86
PF3D7_1241200.1	7590	7591	4893.47	20.3073
PF3D7_1241300.1	2108	2109	592.088	8.84392
PF3D7_1241400.1	8419	8420	2442.4	9.13774
PF3D7_1241500.1	2391	2392	302.764	3.98729
PF3D7_1241600.1	2031	2032	1179	18.2778
PF3D7_1241700.1	2654	2655	1003.71	11.909
PF3D7_1241800.1	4302	4303	2846.33	20.8377
PF3D7_1241900.1	3583	3584	6058.98	53.2558
PF3D7_1242000.1	2035	2036	205.218	3.1752
PF3D7_1242100.1	416	417	221	16.6952
PF3D7_1242200.1	2186	2187	1118.54	16.1115
PF3D7_1242300.1	1414	1415	1020.06	22.7093
PF3D7_1242400.1	1745	1746	12111.9	218.525
PF3D7_1242500.1	1819	1820	1118	19.3511
PF3D7_1242600.1	2389	2390	662.831	8.73655
PF3D7_1242700.1	1189	1190	4781.66	126.58
PF3D7_1242800.1	2772	2773	6069.79	68.9538
PF3D7_1242900.1	1997	1998	3725.26	58.7349
PF3D7_1243000.1	1583	1584	2862.11	56.9201
PF3D7_1243100.1	1063	1064	370	10.9546
PF3D7_1243200.1	252	253	27	3.36185
PF3D7_1243300.1	240	241	184	24.0511
PF3D7_1243400.1	2352	2353	1125.24	15.0646
PF3D7_1243500.1	1496	1497	1558.51	32.7961
PF3D7_1243600.1	2687	2688	93739	1098.57
PF3D7_1243700.1	4384	4385	10331	74.2174
PF3D7_1243800.1	2346	2347	17.7761	0.238594
PF3D7_1243900.1	6196	6197	11094.8	56.3993
PF3D7_1244000.1	4093	4094	3893.2	29.9567
PF3D7_1244100.1	5192	5193	11726.6	71.1362
PF3D7_1244200.1	4689	4690	2312.19	15.5305
PF3D7_1244300.1	242	243	119923	15546.4
PF3D7_1244400.1	6814	6815	41903.9	193.697
PF3D7_1244500.1	2433	2434	418.816	5.42048
PF3D7_1244600.1	1933	1934	12800	208.492
PF3D7_1244700.1	2436	2437	30944.3	400
PF3D7_1244800.1	2354	2355	2115.26	28.2949
PF3D7_1244900.1	4251	4252	7344.06	54.4099
PF3D7_1245000.1	1563	1564	11814.5	237.965
PF3D7_1245100.1	5292	5293	4430.39	26.3679
PF3D7_1245200.1	5042	5043	482.307	3.0128
PF3D7_1245300.1	965	966	686	22.3708
PF3D7_1245400.1	1481	1482	5897.11	125.35
PF3D7_1245500.1	1462	1463	6772.93	145.837
PF3D7_1245600.1	4818	4819	2804.13	18.3305
PF3D7_1245700.1	916	917	612.704	21.0483
PF3D7_1245800.1	1296	1297	10759	261.317
PF3D7_1245900.1	1652	1653	543	10.3481
PF3D7_1246000.1	1452	1453	1959	42.4721
PF3D7_1246100.1	2411	2412	2067.88	27.0075
PF3D7_1246200.1	3426	3427	68299.6	627.826
PF3D7_1246300.1	3431	3432	5974.38	54.8378
PF3D7_1246400.1	2289	2290	11807.3	162.424
PF3D7_1246500.1	2102	2103	2016.63	30.208
PF3D7_1246600.1	1967	1968	1365.31	21.8546
PF3D7_1246700.1	2098	2099	711.003	10.6707
PF3D7_1246800.1	1625	1626	154.646	2.99608
PF3D7_1246900.1	3268	3269	3632.7	35.0066
PF3D7_1247000.1	1564	1565	7937.99	159.783
PF3D7_1247000.2	1092	1093	3577.42	103.106
PF3D7_1247100.1	1974	1975	1032.53	16.4691
PF3D7_1247200.1	1042	1043	1873.05	56.5718
PF3D7_1247300.1	2971	2972	5116.77	54.2353
PF3D7_1247400.1	3675	3676	1239.33	10.6205
PF3D7_1247500.1	3137	3138	4577	45.9476
PF3D7_1247600.1	1485	1486	324	6.86849
PF3D7_1247700.1	1653	1654	2414.02	45.9769
PF3D7_1247800.1	2384	2385	1938.17	25.6
PF3D7_1247900.1	1743	1744	12330	222.717
PF3D7_1248000.1	1535	1536	747.112	15.3225
PF3D7_1248100.1	1590	1591	8596.64	170.213
PF3D7_1248200.1	1493	1494	5482	115.591
PF3D7_1248300.1	1350	1351	246.84	5.75567
PF3D7_1248400.1	1105	1106	4731	134.751
PF3D7_1248500.1	3025	3026	25223.9	262.59
PF3D7_1248600.1	3384	3385	4289.3	39.9175
PF3D7_1248700.1	7907	7908	176767	704.157
PF3D7_1248800.1	285	286	4136	455.564
PF3D7_1248900.1	2175	2176	7553.21	109.347
PF3D7_1249000.1	2629	2630	626.024	7.49843
PF3D7_1249100.1	2001	2002	1589.11	25.0049
PF3D7_1249200.1	543	544	195	11.292
PF3D7_1249300.1	3879	3880	2014.76	16.3579
PF3D7_1249400.1	945	946	405.799	13.5131
PF3D7_1249500.1	868	869	1163.26	42.1688
PF3D7_1249600.1	3024	3025	729.155	7.59328
PF3D7_1249700.1	4488	4489	545.933	3.83111
PF3D7_1249800.1	9647	9648	8059.15	26.314
PF3D7_1249900.1	2430	2431	1909.68	24.7464
PF3D7_1250000.1	1325	1326	889.942	21.1423
PF3D7_1250100.1	9360	9361	3244	10.9168
PF3D7_1250200.1	5045	5046	27307	170.475
PF3D7_1250300.1	1831	1832	1970.81	33.8887
PF3D7_1250400.1	2566	2567	1359.96	16.6892
PF3D7_1250500.1	1251	1252	3135.88	78.9025
PF3D7_1250600.1	3501	3502	1719.74	15.4697
PF3D7_1250700.1	2767	2768	1395.8	15.8852
PF3D7_1250800.1	5459	5460	6256.51	36.0973
PF3D7_1250900.1	1142	1143	3578	98.6118
PF3D7_1251000.1	561	562	317	17.7688
PF3D7_1251100.1	850	851	8954	331.453
PF3D7_1251200.1	2654	2655	21101.5	250.37
PF3D7_1251300.1	1315	1316	4068.62	97.3926
PF3D7_1251400.1	1919	1920	4746.23	77.8721
PF3D7_1251500.1	2819	2820	4960.22	55.4098
PF3D7_1251600.1	3147	3148	4556.99	45.6014
PF3D7_1251700.1	2296	2297	4530.07	62.1269
PF3D7_1251800.1	2399	2400	3022.31	39.67
PF3D7_1251900.1	73	74	196.941	83.8378
PF3D7_1252000.1	72	73	54	23.3027
PF3D7_1252100.1	7983	7984	41820.1	165.006
PF3D7_1252200.1	1137	1138	2150	59.5156
PF3D7_1252300.1	3012	3013	73681.4	770.359
PF3D7_1252400.1	8670	8671	15855.7	57.6038
PF3D7_1252500.1	2077	2078	2044.11	30.9881
PF3D7_1252600.1	5012	5013	4040.44	25.3902
PF3D7_1252700.1	4067	4068	983.109	7.613
PF3D7_1252800.1	3820	3821	13102.5	108.022
PF3D7_1252900.1	1842	1843	3057.96	52.2686
PF3D7_1253000.1	3636	3637	3822.11	33.1051
PF3D7_1253100.1	1814	1815	8026.54	139.312
PF3D7_1253200.1	1626	1627	717.742	13.8968
PF3D7_1253300.1	618	619	31.5127	1.60372
PF3D7_1253400.1	2961	2962	391.295	4.16154
PF3D7_1253500.1	633	634	0	0
PF3D7_1253600.1	852	853	3	0.110792
PF3D7_1253700.1	1128	1129	32	0.892876
PF3D7_1253800.1	855	856	13.0909	0.48176
PF3D7_1253900.1	828	829	7.8104	0.296793
PF3D7_1254000.1	1041	1042	16.6375	0.502984
PF3D7_1254100.1	888	889	0	0
PF3D7_1254200.1	1056	1057	1.08073	0.0322091
PF3D7_1254300.1	909	910	0	0
PF3D7_1254400.1	1140	1141	6.19382	0.171005
PF3D7_1254500.1	921	922	4	0.136667
PF3D7_1254600.1	909	910	7.31836	0.253342
PF3D7_1254700.1	981	982	3.02005	0.0968809
PF3D7_1254800.1	954	955	2.70392	0.0891919
PF3D7_1254900.1	213	214	0.75	0.110403
PF3D7_1255000.1	1038	1039	0	0
PF3D7_1255100.1	1053	1054	34.5903	1.03383
PF3D7_1255200.1	6807	6808	712.797	3.29823
PF3D7_1300100.1	6489	6490	1107.45	5.37543
PF3D7_1300200.1	1047	1048	4.07519	0.122496
PF3D7_1300300.1	11288	11289	335.985	0.937559
PF3D7_1300400.1	1032	1033	4.81722	0.146903
PF3D7_1300500.1	996	997	2	0.0631931
PF3D7_1300600.1	1038	1039	54.4729	1.65158
PF3D7_1300700.1	1110	1111	20.5748	0.583387
PF3D7_1300800.1	1368	1369	13.0286	0.299798
PF3D7_1300900.1	927	928	0	0
PF3D7_1301000.1	1110	1111	0	0
PF3D7_1301100.1	834	835	2.58466	0.0975107
PF3D7_1301200.1	2543	2544	636.856	7.88604
PF3D7_1301300.1	744	745	118	4.98954
PF3D7_1301400.1	2407	2408	2382.77	31.1717
PF3D7_1301500.1	1897	1898	262	4.34851
PF3D7_1301600.1	5448	5449	36152.4	209.004
PF3D7_1301700.1	2679	2680	15764.7	185.305
PF3D7_1301800.1	6495	6496	5641	27.3555
PF3D7_1301900.1	749	750	400.002	16.801
PF3D7_1302000.1	2943	2944	21374.1	228.71
PF3D7_1302050.1	243	244	186	24.0136
PF3D7_1302100.1	2484	2485	737431	9348.24
PF3D7_1302200.1	1070	1071	1875.51	55.1652
PF3D7_1302300.1	2592	2593	1746.3	21.2154
PF3D7_1302400.1	492	493	810	51.7575
PF3D7_1302500.1	9581	9582	10758.5	35.3696
PF3D7_1302600.1	1309	1310	10110	243.117
PF3D7_1302700.1	5549	5550	10602.4	60.1791
PF3D7_1302800.1	2159	2160	55006.5	802.223
PF3D7_1302900.1	3237	3238	1310.71	12.7516
PF3D7_1303000.1	450	451	5542	387.102
PF3D7_1303100.1	1170	1171	576.709	15.5144
PF3D7_1303200.1	1679	1680	666.524	12.498
PF3D7_1303200.2	519	520	0	0
PF3D7_1303300.1	2177	2178	808.669	11.6963
PF3D7_1303400.1	4543	4544	9713.96	67.343
PF3D7_1303500.1	8523	8524	15041	55.5865
PF3D7_1303600.1	1263	1264	1061.21	26.4477
PF3D7_1303700.1	3585	3586	16905.5	148.509
PF3D7_1303800.1	29429	29430	21491.4	23.0043
PF3D7_1303900.1	612	613	810.215	41.6365
PF3D7_1304000.1	4408	4409	1669.27	11.9267
PF3D7_1304100.1	3960	3961	3370.89	26.8087
PF3D7_1304200.1	1407	1408	2098.77	46.9565
PF3D7_1304200.2	2222	2223	3289.42	46.6138
PF3D7_1304300.1	1008	1009	1936	60.4434
PF3D7_1304400.1	2078	2079	6319	95.7478
PF3D7_1304500.1	1386	1387	2433.26	55.2646
PF3D7_1304600.1	4445	4446	1226.25	8.68848
PF3D7_1304700.1	1039	1040	473.034	14.3283
PF3D7_1304800.1	118	119	39	10.3241
PF3D7_1304900.1	1696	1697	796.889	14.7928
PF3D7_1305000.1	5358	5359	3269.66	19.22
PF3D7_1305100.1	2280	2281	2667.34	36.8373
PF3D7_1305200.1	1256	1257	1817.51	45.5488
PF3D7_1305300.1	11329	11330	7868.27	21.8768
PF3D7_1305400.1	2088	2089	4236.11	63.8799
PF3D7_1305500.1	2927	2928	361.239	3.8865
PF3D7_1305600.1	1754	1755	2718.17	48.7905
PF3D7_1305700.1	591	592	1211	64.4403
PF3D7_1305800.1	840	841	187	7.00456
PF3D7_1305900.1	2629	2630	1497	17.9309
PF3D7_1306000.1	4578	4579	1088.24	7.4867
PF3D7_1306100.1	688	689	286	13.0762
PF3D7_1306200.1	2971	2972	818	8.67041
PF3D7_1306300.1	2878	2879	1891.07	20.6919
PF3D7_1306400.1	3055	3056	3753.31	38.6898
PF3D7_1306500.1	14804	14805	8650	18.4053
PF3D7_1306600.1	1932	1933	1713.06	27.9174
PF3D7_1306700.1	1794	1795	45.009	0.789896
PF3D7_1306800.1	1892	1893	1913.42	31.8415
PF3D7_1306900.1	2013	2014	1576.8	24.6634
PF3D7_1307000.1	1770	1771	2897.4	51.5377
PF3D7_1307100.1	4187	4188	4527.67	34.0568
PF3D7_1307200.1	1894	1895	6092.39	101.278
PF3D7_1307300.1	2267	2268	7602.61	105.598
PF3D7_1307400.1	1164	1165	2938	79.444
PF3D7_1307500.1	1551	1552	3694.3	74.9851
PF3D7_1307600.1	3310	3311	14378.8	136.804
PF3D7_1307700.1	4801	4802	3448.41	22.622
PF3D7_1307800.1	2368	2369	1226.79	16.3132
PF3D7_1307900.1	3788	3789	2107.91	17.5252
PF3D7_1308000.1	3877	3878	6717.73	54.5694
PF3D7_1308100.1	1196	1197	134.013	3.52686
PF3D7_1308200.1	10187	10188	41017.9	126.829
PF3D7_1308300.1	2089	2090	7761.04	116.979
PF3D7_1308400.1	20445	20446	10533.5	16.2293
PF3D7_1308500.1	2167	2168	1605.56	23.3293
PF3D7_1308600.1	4536	4537	1026.77	7.12917
PF3D7_1308700.1	3227	3228	4218.64	41.1694
PF3D7_1308800.1	2225	2226	1513.96	21.4252
PF3D7_1308900.1	4642	4643	18155.3	123.18
PF3D7_1309000.1	2293	2294	1766.73	24.2611
PF3D7_1309100.1	1670	1671	9597.92	180.94
PF3D7_1309120.1	307	308	302	30.8881
PF3D7_1309200.1	3123	3124	4957.85	49.994
PF3D7_1309300.1	3028	3029	18587	193.306
PF3D7_1309400.1	4535	4536	4802.12	33.35
PF3D7_1309500.1	1656	1657	3164.22	60.156
PF3D7_1309600.1	1432	1433	2378.34	52.2833
PF3D7_1309700.1	5121	5122	2420.02	14.8838
PF3D7_1309800.1	2064	2065	3746.53	57.1536
PF3D7_1309900.1	1006	1007	1674	52.3674
PF3D7_1310000.1	1074	1075	3210.16	94.0705
PF3D7_1310100.1	3018	3019	4272	44.5762
PF3D7_1310200.1	1355	1356	3370.5	78.3015
PF3D7_1310300.1	1812	1813	3491.11	60.6597
PF3D7_1310400.1	5377	5378	4440.41	26.0098
PF3D7_1310500.1	1719	1720	3983.94	72.9658
PF3D7_1310600.1	1781	1782	1079	19.0743
PF3D7_1310700.1	2071	2072	48556.4	738.231
PF3D7_1310800.1	5019	5020	1588.34	9.96725
PF3D7_1310900.1	1351	1352	3526.29	82.1631
PF3D7_1311000.1	637	638	76.2174	3.76329
PF3D7_1311100.1	1540	1541	5058	103.398
PF3D7_1311200.1	2534	2535	2297.88	28.5551
PF3D7_1311300.1	1120	1121	1617.01	45.4404
PF3D7_1311400.1	2605	2606	3886.1	46.9758
PF3D7_1311500.1	2425	2426	3924.5	50.9599
PF3D7_1311600.1	3622	3623	4150.87	36.0916
PF3D7_1311700.1	2573	2574	816.581	9.99368
PF3D7_1311800.1	5203	5204	25183.7	152.447
PF3D7_1311900.1	3715	3716	5516.04	46.7613
PF3D7_1312000.1	1832	1833	525.247	9.02684
PF3D7_1312100.1	4460	4461	2613	18.4519
PF3D7_1312200.1	1094	1095	273.559	7.86994
PF3D7_1312300.1	1173	1174	885	23.7471
PF3D7_1312400.1	3464	3465	267	2.42741
PF3D7_1312450.1	192	193	332	54.1896
PF3D7_1312500.1	2592	2593	5324.06	64.6808
PF3D7_1312600.1	2830	2831	1952.1	21.7218
PF3D7_1312700.1	2830	2831	3497.22	38.9151
PF3D7_1312800.1	7677	7678	38223.4	156.825
PF3D7_1312900.1	4691	4692	11131.8	74.7384
PF3D7_1313000.1	1444	1445	583.023	12.7102
PF3D7_1313100.1	8757	8758	1799.12	6.4713
PF3D7_1313200.1	2605	2606	713	8.61887
PF3D7_1313300.1	1010	1011	6344.79	197.698
PF3D7_1313400.1	3215	3216	1226.82	12.0172
PF3D7_1313500.1	5374	5375	2125	12.4542
PF3D7_1313600.1	6888	6889	5433.92	24.848
PF3D7_1313700.1	1039	1040	2370	71.7877
PF3D7_1313800.1	11614	11615	24775.9	67.1962
PF3D7_1313900.1	1529	1530	912.367	18.7851
PF3D7_1314000.1	4167	4168	1154.18	8.72326
PF3D7_1314100.1	3600	3601	514.015	4.49664
PF3D7_1314200.1	7804	7805	4796.89	19.3607
PF3D7_1314300.1	1909	1910	234.003	3.85943
PF3D7_1314400.1	369	370	770	65.5577
PF3D7_1314500.1	1458	1459	1218.3	26.3048
PF3D7_1314600.1	1783	1784	560	9.88845
PF3D7_1314700.1	2388	2389	6215.17	81.9543
PF3D7_1314800.1	534	535	782	46.0456
PF3D7_1314900.1	2075	2076	1546.26	23.4634
PF3D7_1315000.1	2174	2175	1826.55	26.455
PF3D7_1315100.1	1104	1105	311	8.86611
PF3D7_1315200.1	3599	3600	725	6.34411
PF3D7_1315300.1	1935	1936	5950	96.8159
PF3D7_1315400.1	3398	3399	4346.04	40.2789
PF3D7_1315500.1	1483	1484	704.037	14.945
PF3D7_1315600.1	1213	1214	1876.3	48.6876
PF3D7_1315700.1	2348	2349	754.741	10.1216
PF3D7_1315800.1	2195	2196	3254.56	46.6869
PF3D7_1315900.1	4789	4790	4703.67	30.934
PF3D7_1316000.1	1437	1438	3301.28	72.3201
PF3D7_1316100.1	5368	5369	10731.6	62.9658
PF3D7_1316200.1	1718	1719	3799	69.6191
PF3D7_1316300.1	315	316	797	79.4523
PF3D7_1316400.1	687	688	1267	58.0127
PF3D7_1316500.1	4251	4252	3061.4	22.681
PF3D7_1316600.1	4173	4174	5537.4	41.7915
PF3D7_1316700.1	1872	1873	873.584	14.6927
PF3D7_1316800.1	1696	1697	5340.42	99.1353
PF3D7_1316900.1	7166	7167	3390.63	14.9031
PF3D7_1317000.1	2758	2759	1924.49	21.9734
PF3D7_1317100.1	4255	4256	3072.31	22.7404
PF3D7_1317200.1	8828	8829	1290.19	4.60339
PF3D7_1317300.1	1918	1919	7834.41	128.607
PF3D7_1317400.1	1354	1355	1946.59	45.2553
PF3D7_1317500.1	396	397	402.493	31.9377
PF3D7_1317600.1	3145	3146	1467.14	14.6909
PF3D7_1317700.1	1817	1818	771.734	13.3724
PF3D7_1317800.1	1387	1388	15376.4	348.979
PF3D7_1317900.1	3443	3444	5522.38	50.5124
PF3D7_1318000.1	1214	1215	3800.42	98.5349
PF3D7_1318100.1	1175	1176	4054	108.595
PF3D7_1318200.1	1203	1204	70	1.8315
PF3D7_1318300.1	7226	7227	2262.65	9.86267
PF3D7_1318400.1	5098	5099	3892.2	24.0461
PF3D7_1318500.1	1062	1063	612	18.1365
PF3D7_1318600.1	1798	1799	578	10.1212
PF3D7_1318700.1	2441	2442	15623.3	201.541
PF3D7_1318800.1	5464	5465	7358.16	42.4145
PF3D7_1318900.1	3583	3584	1012.08	8.89576
PF3D7_1319000.1	4446	4447	2006.13	14.2111
PF3D7_1319100.1	3086	3087	158894	1621.46
PF3D7_1319200.1	3253	3254	2707.94	26.2154
PF3D7_1319300.1	3430	3431	8844.5	81.2059
PF3D7_1319400.1	5212	5213	11031.6	66.663
PF3D7_1319500.1	575	576	172	9.40678
PF3D7_1319600.1	7349	7350	27150.1	116.364
PF3D7_1319700.1	3121	3122	1967.54	19.853
PF3D7_1319800.1	1242	1243	2290.95	58.0603
PF3D7_1319900.1	4470	4471	1178	8.29995
PF3D7_1320000.1	5276	5277	15628.1	93.2942
PF3D7_1320100.1	1827	1828	546.138	9.41155
PF3D7_1320200.1	2212	2213	12267.2	174.622
PF3D7_1320300.1	2227	2228	501	7.08366
PF3D7_1320400.1	1618	1619	1305.38	25.3994
PF3D7_1320500.1	1417	1418	719.695	15.9885
PF3D7_1320600.1	2263	2264	5967.37	83.0313
PF3D7_1320700.1	5192	5193	10598.1	64.2904
PF3D7_1320800.1	2090	2091	3065.17	46.1781
PF3D7_1320900.1	822	823	1031	39.4633
PF3D7_1321000.1	2049	2050	2313.16	35.5457
PF3D7_1321100.1	11378	11379	12347.8	34.1838
PF3D7_1321200.1	617	618	1112	56.6828
PF3D7_1321300.1	10637	10638	15646	46.3319
PF3D7_1321400.1	1338	1339	3497.22	82.2767
PF3D7_1321500.1	4479	4480	5027.58	35.3522
PF3D7_1321600.1	2310	2311	2197	29.9478
PF3D7_1321700.1	4714	4715	25918.6	173.167
PF3D7_1321800.1	2586	2587	11706.2	142.546
PF3D7_1321900.1	2816	2817	9232.45	103.244
PF3D7_1322000.1	3898	3899	4772.19	38.5566
PF3D7_1322100.1	8409	8410	29384.7	110.068
PF3D7_1322200.1	10627	10628	34046.3	100.915
PF3D7_1322300.1	4786	4787	3635	23.9208
PF3D7_1322400.1	1620	1621	6446.98	125.288
PF3D7_1322500.1	2535	2536	3571.18	44.3606
PF3D7_1322600.1	2259	2260	263.098	3.66728
PF3D7_1322700.1	1193	1194	1785	47.0944
PF3D7_1322800.1	1060	1061	2302.54	68.3639
PF3D7_1322900.1	792	793	3225	128.112
PF3D7_1323000.1	693	694	1566	71.0832
PF3D7_1323100.1	1591	1592	77778.6	1539.05
PF3D7_1323200.1	1096	1097	3126.56	89.7832
PF3D7_1323300.1	1885	1886	1210.66	20.2215
PF3D7_1323400.1	1884	1885	4051	67.6996
PF3D7_1323500.1	3942	3943	6361.54	50.8242
PF3D7_1323600.1	1563	1564	4853.75	97.7633
PF3D7_1323700.1	2282	2283	3243.47	44.7548
PF3D7_1323800.1	4675	4676	1572.46	10.5935
PF3D7_1323900.1	1439	1440	2783.19	60.8857
PF3D7_1324000.1	5350	5351	5203.59	30.6339
PF3D7_1324100.1	2630	2631	1167.46	13.9784
PF3D7_1324200.1	2143	2144	8244.75	121.14
PF3D7_1324300.1	17425	17426	12406.1	22.4271
PF3D7_1324400.1	1352	1353	13223.2	307.875
PF3D7_1324500.1	4002	4003	3840.71	30.2246
PF3D7_1324600.1	5788	5789	4152.98	22.5991
PF3D7_1324700.1	1852	1853	307.009	5.21928
PF3D7_1324800.1	2237	2238	4983.94	70.1533
PF3D7_1324900.1	2677	2678	2321.52	27.3084
PF3D7_1325000.1	970	971	60.7647	1.97137
PF3D7_1325100.1	3147	3148	22492.1	225.076
PF3D7_1325200.1	1884	1885	892.207	14.9104
PF3D7_1325300.1	405	406	1816	140.904
PF3D7_1325400.1	11485	11486	5906.46	16.1992
PF3D7_1325500.1	2259	2260	302.04	4.21009
PF3D7_1325600.1	791	792	629.737	25.0478
PF3D7_1325700.1	2235	2236	978.433	13.7846
PF3D7_1325800.1	4924	4925	1534.08	9.8124
PF3D7_1325900.1	8599	8600	13929	51.0218
PF3D7_1326000.1	1308	1309	575.204	13.8426
PF3D7_1326100.1	2968	2969	812.823	8.62424
PF3D7_1326200.1	1897	1898	779.889	12.9441
PF3D7_1326300.1	2416	2417	1270.14	16.5543
PF3D7_1326400.1	2688	2689	1249	14.6321
PF3D7_1326500.1	6821	6822	956.362	4.41617
PF3D7_1326600.1	14628	14629	8162.11	17.5761
PF3D7_1326700.1	1845	1846	4417.9	75.3909
PF3D7_1326800.1	1799	1800	360.031	6.30089
PF3D7_1326900.1	4062	4063	10713.9	83.0683
PF3D7_1327000.1	4817	4818	6833.66	44.6809
PF3D7_1327100.1	1035	1036	1043	31.7146
PF3D7_1327200.1	1136	1137	642	17.7873
PF3D7_1327300.1	7291	7292	46912.9	202.666
PF3D7_1327400.1	1990	1991	4442.88	70.2957
PF3D7_1327500.1	3564	3565	2360.45	20.8579
PF3D7_1327600.1	1713	1714	4335.63	79.685
PF3D7_1327700.1	2370	2371	4469.54	59.3836
PF3D7_1327800.1	2577	2578	874	10.6798
PF3D7_1327900.1	417	418	303	22.835
PF3D7_1328000.1	7939	7940	1578.69	6.26341
PF3D7_1328100.1	2657	2658	5640.4	66.8483
PF3D7_1328200.1	9064	9065	2115.72	7.35233
PF3D7_1328300.1	3909	3910	19777.9	159.345
PF3D7_1328400.1	3289	3290	706.621	6.7659
PF3D7_1328500.1	5574	5575	6517.8	36.8291
PF3D7_1328600.1	1092	1093	7762	223.712
PF3D7_1328700.1	222	223	578	81.6503
PF3D7_1328800.1	2248	2249	3941.48	55.2083
PF3D7_1328900.1	2623	2624	2129.08	25.5601
PF3D7_1329000.1	8212	8213	7951.78	30.4998
PF3D7_1329100.1	8163	8164	10855.4	41.8869
PF3D7_1329200.1	1990	1991	3810.43	60.2889
PF3D7_1329300.1	3150	3151	2220.7	22.2012
PF3D7_1329400.1	3614	3615	7707.47	67.1643
PF3D7_1329500.1	7984	7985	48206	190.178
PF3D7_1329600.1	1969	1970	18445.2	294.952
PF3D7_1329700.1	2970	2971	2445.5	25.9298
PF3D7_1329800.1	4608	4609	1541.93	10.5389
PF3D7_1329900.1	2284	2285	2293.58	31.62
PF3D7_1330000.1	1121	1122	959.191	26.9307
PF3D7_1330000.2	588	589	518.41	27.7264
PF3D7_1330100.1	561	562	3399	190.524
PF3D7_1330200.1	928	929	185.308	6.28369
PF3D7_1330300.1	1355	1356	1063.74	24.7122
PF3D7_1330400.1	2386	2387	1039.95	13.7245
PF3D7_1330500.1	3110	3111	5358.35	54.2583
PF3D7_1330600.1	2006	2007	3814.54	59.8729
PF3D7_1330700.1	2547	2548	4953.59	61.2429
PF3D7_1330800.1	3197	3198	50357.1	496.041
PF3D7_1330900.1	80	81	36	14.0008
PF3D7_1331000.1	2286	2287	3503.4	48.2568
PF3D7_1331100.1	4357	4358	8870.68	64.1216
PF3D7_1331200.1	2361	2362	3460.9	46.1577
PF3D7_1331300.1	1396	1397	638.743	14.4034
PF3D7_1331400.1	1446	1447	2302	50.1155
PF3D7_1331500.1	2941	2942	1290.91	13.8225
PF3D7_1331600.1	1213	1214	2144.45	55.6459
PF3D7_1331700.1	4318	4319	4069.52	29.6821
PF3D7_1331800.1	2095	2096	2835.5	42.6161
PF3D7_1331900.1	90	91	16	5.53877
PF3D7_1332000.1	2012	2013	3260.81	51.0289
PF3D7_1332100.1	1569	1570	845	16.9548
PF3D7_1332200.1	3139	3140	20530.3	205.968
PF3D7_1332300.1	1472	1473	2636.23	56.3787
PF3D7_1332400.1	3711	3712	5519.53	46.8413
PF3D7_1332500.1	1089	1090	3748.08	108.322
PF3D7_1332600.1	3360	3361	28714.2	269.131
PF3D7_1332700.1	2942	2943	3511.66	37.5886
PF3D7_1332800.1	2494	2495	460.327	5.81207
PF3D7_1332900.1	4999	5000	3970.81	25.0175
PF3D7_1333000.1	1608	1609	542.606	10.6234
PF3D7_1333100.1	3129	3130	1175.7	11.8328
PF3D7_1333200.1	7028	7029	5172.09	23.1797
PF3D7_1333300.1	1985	1986	387.776	6.15087
PF3D7_1333400.1	1182	1183	11500.3	306.239
PF3D7_1333500.1	1393	1394	722	16.3158
PF3D7_1333600.1	4807	4808	2938.28	19.2515
PF3D7_1333700.1	2680	2681	19205.1	225.66
PF3D7_1333800.1	3143	3144	1169.39	11.7169
PF3D7_1333900.1	4268	4269	1838.69	13.5681
PF3D7_1334000.1	1942	1943	2609.13	42.3017
PF3D7_1334100.1	4192	4193	2029.21	15.2454
PF3D7_1334200.1	2472	2473	823.001	10.4836
PF3D7_1334300.1	2067	2068	1078	16.4211
PF3D7_1334400.1	930	931	262	8.86516
PF3D7_1334500.1	3137	3138	991.452	9.95299
PF3D7_1334600.1	1855	1856	4778.76	81.1096
PF3D7_1334700.1	1679	1680	5536.16	103.809
PF3D7_1334800.1	1735	1736	358.672	6.50853
PF3D7_1334900.1	141	142	31	6.87715
PF3D7_1335000.1	1711	1712	1901.19	34.983
PF3D7_1335100.1	3340	3341	96597.5	910.803
PF3D7_1335200.1	3255	3256	2180.51	21.0964
PF3D7_1335300.1	10899	10900	131207	379.197
PF3D7_1335400.1	10719	10720	52788.6	155.125
PF3D7_1335500.1	1482	1483	227	4.82192
PF3D7_1335600.1	1683	1684	2637.05	49.33
PF3D7_1335700.1	5179	5180	8487	51.613
PF3D7_1335800.1	2216	2217	1731.8	24.6075
PF3D7_1335900.1	1725	1726	264	4.81835
PF3D7_1336000.1	1835	1836	2475.03	42.4661
PF3D7_1336100.1	800	801	165.334	6.50226
PF3D7_1336200.1	2441	2442	4050.01	52.245
PF3D7_1336300.1	1075	1076	513	15.019
PF3D7_1336400.1	3628	3629	8367.44	72.6341
PF3D7_1336500.1	98	99	2	0.636399
PF3D7_1336600.1	1267	1268	1679.77	41.7317
PF3D7_1336700.1	2149	2150	1710.95	25.0688
PF3D7_1336800.1	2115	2116	8752.6	130.304
PF3D7_1336900.1	2335	2336	6060	81.7212
PF3D7_1337000.1	3521	3522	771.613	6.90153
PF3D7_1337100.1	1553	1554	1202	24.3662
PF3D7_1337200.1	3618	3619	2104	18.3144
PF3D7_1337300.1	3551	3552	1327.51	11.7734
PF3D7_1337400.1	2544	2545	36677.2	453.987
PF3D7_1337500.1	12921	12922	27552.5	67.1687
PF3D7_1337600.1	82	83	9	3.41585
PF3D7_1337700.1	2849	2850	4667.13	51.587
PF3D7_1337800.1	3905	3906	78793.2	635.465
PF3D7_1337900.1	1733	1734	827.055	15.0252
PF3D7_1338000.1	2612	2613	7822.77	94.3097
PF3D7_1338100.1	3489	3490	2050.9	18.512
PF3D7_1338200.1	2796	2797	4994.34	56.2498
PF3D7_1338300.1	2903	2904	12264.8	133.045
PF3D7_1338400.1	1983	1984	5574.29	88.5081
PF3D7_1338500.1	2166	2167	939.056	13.6511
PF3D7_1338600.1	4550	4551	19815.7	137.163
PF3D7_1338700.1	2684	2685	1268.45	14.882
PF3D7_1338800.1	2150	2151	11966.1	175.246
PF3D7_1338900.1	3211	3212	6381.41	62.5858
PF3D7_1339000.1	582	583	4957	267.846
PF3D7_1339100.1	72	73	560	241.657
PF3D7_1339200.1	72	73	70	30.2072
PF3D7_1339300.1	5614	5615	4476.49	25.1144
PF3D7_1339400.1	1323	1324	823.825	19.6012
PF3D7_1339500.1	910	911	264.976	9.16268
PF3D7_1339600.1	2198	2199	717.147	10.2735
PF3D7_1339700.1	6491	6492	8898.44	43.1788
PF3D7_1339800.1	1246	1247	89.0121	2.24863
PF3D7_1339900.1	3457	3458	703.349	6.40738
PF3D7_1340000.1	1857	1858	1820.01	30.8576
PF3D7_1340100.1	1884	1885	1018.18	17.0156
PF3D7_1340200.1	767	768	394.911	16.1984
PF3D7_1340300.1	3641	3642	6880.59	59.5142
PF3D7_1340400.1	1158	1159	39	1.06003
PF3D7_1340500.1	3651	3652	1387	11.9641
PF3D7_1340600.1	2959	2960	3564.14	37.9313
PF3D7_1340700.1	1238	1239	1945.67	49.469
PF3D7_1340800.1	2081	2082	1715.35	25.9542
PF3D7_1340900.1	2638	2639	23475.5	280.228
PF3D7_1341000.1	74	75	5	2.10012
PF3D7_1341100.1	108	109	17590	5083.63
PF3D7_1341200.1	2059	2060	9340.3	142.833
PF3D7_1341300.1	1921	1922	6878.77	112.744
PF3D7_1341400.1	80	81	88	34.2241
PF3D7_1341500.1	2248	2249	289.003	4.04807
PF3D7_1341600.1	2565	2566	751.021	9.21999
PF3D7_1341700.1	538	539	87.1871	5.09564
PF3D7_1341800.1	2634	2635	353.308	4.22385
PF3D7_1341900.1	2154	2155	8820.6	128.939
PF3D7_1342000.1	2471	2472	36027.3	459.111
PF3D7_1342100.1	4733	4734	4210.68	28.0194
PF3D7_1342200.1	3291	3292	2058.18	19.6951
PF3D7_1342300.1	1554	1555	3019.12	61.1626
PF3D7_1342400.1	2893	2894	1228.59	13.3734
PF3D7_1342500.1	1596	1597	2990	58.9795
PF3D7_1342600.1	3677	3678	75816.3	649.361
PF3D7_1342700.1	786	787	4133	165.434
PF3D7_1342800.1	3200	3201	475.706	4.68153
PF3D7_1342900.1	12114	12115	25902.6	67.3527
PF3D7_1343000.1	3387	3388	12025.8	111.816
PF3D7_1343100.1	2905	2906	1978.93	21.4521
PF3D7_1343200.1	3716	3717	5987.35	50.7431
PF3D7_1343300.1	5176	5177	7442.64	45.288
PF3D7_1343400.1	4685	4686	21929	147.418
PF3D7_1343500.1	1980	1981	564.328	8.97391
PF3D7_1343600.1	2353	2354	2690.34	36.0027
PF3D7_1343700.1	3278	3279	49812.9	478.559
PF3D7_1343800.1	23875	23876	20480.9	27.0223
PF3D7_1343900.1	3012	3013	1072.19	11.21
PF3D7_1344000.1	3719	3720	1293.34	10.9522
PF3D7_1344100.1	4513	4514	5827.84	40.6706
PF3D7_1344200.1	4499	4500	4465.79	31.2623
PF3D7_1344300.1	7807	7808	200742	809.903
PF3D7_1344400.1	2369	2370	3012.56	40.0426
PF3D7_1344500.1	1103	1104	7691.64	219.475
PF3D7_1344600.1	1538	1539	2658.04	54.4073
PF3D7_1344700.1	4027	4028	7138	55.8241
PF3D7_1344800.1	2602	2603	4642.05	56.1786
PF3D7_1344900.1	6539	6540	6341.98	30.548
PF3D7_1345000.1	1509	1510	1001.69	20.8974
PF3D7_1345100.1	911	912	1597.16	55.1682
PF3D7_1345200.1	2742	2743	3014.07	34.6149
PF3D7_1345300.1	1028	1029	1004.03	30.7374
PF3D7_1345400.1	4425	4426	4038.5	28.7437
PF3D7_1345500.1	2614	2615	996.731	12.0072
PF3D7_1345600.1	2366	2367	802.145	10.6755
PF3D7_1345700.1	2951	2952	764.776	8.16118
PF3D7_1345800.1	4732	4733	3870.66	25.7622
PF3D7_1345900.1	1352	1353	731.388	17.0288
PF3D7_1346000.1	2088	2089	686	10.3448
PF3D7_1346100.1	2146	2147	3647.53	53.5183
PF3D7_1346200.1	2372	2373	366.587	4.86648
PF3D7_1346300.1	2713	2714	212955	2471.79
PF3D7_1346400.1	18585	18586	45351.1	76.8664
PF3D7_1346500.1	2267	2268	1033.25	14.3515
PF3D7_1346600.1	1362	1363	1158.13	26.7668
PF3D7_1346700.1	2636	2637	7906.37	94.45
PF3D7_1346800.1	2144	2145	2125.71	31.2184
PF3D7_1346900.1	1813	1814	548.152	9.51917
PF3D7_1347000.1	1092	1093	825.857	23.8023
PF3D7_1347100.1	2538	2539	5166.09	64.0965
PF3D7_1347200.1	2215	2216	9109.84	129.502
PF3D7_1347300.1	1147	1148	2270.85	62.3135
PF3D7_1347400.1	1339	1340	3583.57	84.2453
PF3D7_1347500.1	6152	6153	45431.1	232.596
PF3D7_1347600.1	834	835	2670.23	100.739
PF3D7_1347700.1	4223	4224	27592.2	205.777
PF3D7_1347800.1	771	772	182.461	7.4454
PF3D7_1347900.1	6464	6465	430.542	2.09789
PF3D7_1348000.1	4251	4252	1555	11.5205
PF3D7_1348100.1	1038	1039	3364	101.994
PF3D7_1348200.1	1135	1136	20598.8	571.212
PF3D7_1348300.1	4967	4968	2657.67	16.8521
PF3D7_1348400.1	12179	12180	17259.7	44.6397
PF3D7_1348500.1	2047	2048	1143.38	17.5871
PF3D7_1348600.1	1668	1669	1724.83	32.5556
PF3D7_1348700.1	2148	2149	1424	20.8741
PF3D7_1348800.1	5505	5506	1390	7.95268
PF3D7_1348900.1	760	761	2250	93.1393
PF3D7_1349000.1	1428	1429	1390	30.642
PF3D7_1349100.1	1085	1086	2517.15	73.0153
PF3D7_1349200.1	3029	3030	9375.84	97.4771
PF3D7_1349300.1	6317	6318	4014.28	20.0153
PF3D7_1349400.1	1915	1916	1880.65	30.9205
PF3D7_1349500.1	10895	10896	40563.1	117.273
PF3D7_1349600.1	2009	2010	1315.32	20.6143
PF3D7_1349700.1	1041	1042	1165.53	35.2364
PF3D7_1349800.1	2108	2109	2306.04	34.445
PF3D7_1349900.1	611	612	170	8.75049
PF3D7_1350000.1	1372	1373	4880.2	111.97
PF3D7_1350100.1	2814	2815	6176.6	69.1203
PF3D7_1350200.1	703	704	407	18.212
PF3D7_1350300.1	1532	1533	1690.4	34.7363
PF3D7_1350400.1	2804	2805	135.337	1.51991
PF3D7_1350500.1	4520	4521	3250.62	22.6499
PF3D7_1350600.1	786	787	282	11.2878
PF3D7_1350700.1	2232	2233	515.029	7.26571
PF3D7_1350800.1	741	742	2297	97.5196
PF3D7_1350900.1	3732	3733	1191.38	10.0537
PF3D7_1351000.1	7918	7919	11167.9	44.4259
PF3D7_1351100.1	1718	1719	6682.16	122.455
PF3D7_1351200.1	5840	5841	2216.57	11.9545
PF3D7_1351300.1	1089	1090	71	2.05195
PF3D7_1351400.1	1429	1430	5392.02	118.782
PF3D7_1351500.1	145	146	3	0.647297
PF3D7_1351600.1	1915	1916	19701.4	323.918
PF3D7_1351700.1	5557	5558	15053.5	85.3207
PF3D7_1351800.1	1472	1473	20030.8	428.381
PF3D7_1351800.2	708	709	46835.6	2080.97
PF3D7_1351900.1	1404	1405	2211.34	49.5808
PF3D7_1352000.1	6310	6311	12565.2	62.7202
PF3D7_1352100.1	4359	4360	1315.9	9.50758
PF3D7_1352200.1	2768	2769	5621.85	63.9575
PF3D7_1352300.1	2630	2631	2017.04	24.1507
PF3D7_1352400.1	5736	5737	10598.3	58.1952
PF3D7_1352500.1	2038	2039	11623.5	179.578
PF3D7_1352600.1	1269	1270	823	20.4141
PF3D7_1352700.1	8668	8669	3927.22	14.2709
PF3D7_1352800.1	3396	3397	832.813	7.72301
PF3D7_1352900.1	2889	2890	30802.4	335.754
PF3D7_1353000.1	2406	2407	10159	132.957
PF3D7_1353100.1	2123	2124	7805.35	115.764
PF3D7_1353200.1	2498	2499	127794	1610.95
PF3D7_1353300.1	6716	6717	8470.52	39.7255
PF3D7_1353400.1	4309	4310	1780.76	13.0156
PF3D7_1353500.1	1665	1666	278.58	5.26757
PF3D7_1353600.1	2352	2353	10640	142.447
PF3D7_1353700.1	1142	1143	47.1817	1.30036
PF3D7_1353800.1	1440	1441	373.07	8.15569
PF3D7_1353900.1	1697	1698	1509.08	27.9969
PF3D7_1354000.1	1788	1789	1516.99	26.7121
PF3D7_1354100.1	1763	1764	263.085	4.69822
PF3D7_1354200.1	3588	3589	760.718	6.67706
PF3D7_1354300.1	4366	4367	13112.4	94.5873
PF3D7_1354400.1	2250	2251	2030.51	28.4162
PF3D7_1354500.1	2406	2407	1926.6	25.2145
PF3D7_1354600.1	1289	1290	8539.4	208.532
PF3D7_1354700.1	1224	1225	1829	47.0341
PF3D7_1354800.1	3272	3273	3272.91	31.5009
PF3D7_1354900.1	2837	2838	2091.04	23.2106
PF3D7_1355100.1	4311	4312	1791.37	13.0871
PF3D7_1355200.1	3664	3665	9880.68	84.9274
PF3D7_1355300.1	2453	2454	2332.8	29.946
PF3D7_1355400.1	73	74	34	14.4738
PF3D7_1355500.1	3654	3655	3720.22	32.0639
PF3D7_1355600.1	3321	3322	4555.1	43.195
PF3D7_1355700.1	6605	6606	13780.9	65.7166
PF3D7_1355800.1	2298	2299	1528.81	20.9483
PF3D7_1355900.1	2152	2153	1849	27.0538
PF3D7_1356000.1	4197	4198	4094	30.7214
PF3D7_1356100.1	4308	4309	5302.23	38.7629
PF3D7_1356200.1	1405	1406	171.014	3.8316
PF3D7_1356300.1	1803	1804	3050.79	53.2734
PF3D7_1356400.1	3974	3975	459.556	3.64197
PF3D7_1356500.1	588	589	94	5.02745
PF3D7_1356600.1	2881	2882	1833.24	20.0382
PF3D7_1356700.1	2152	2153	1274.06	18.6415
PF3D7_1356800.1	14568	14569	15530.8	33.5814
PF3D7_1356900.1	2278	2279	6406.79	88.5586
PF3D7_1357000.1	3743	3744	15208.4	127.962
PF3D7_1357100.1	4288	4289	3058.51	22.4641
PF3D7_1357200.1	2415	2416	2863.52	37.3369
PF3D7_1357300.1	366	367	75	6.43769
PF3D7_1357400.1	5320	5321	2177.58	12.8919
PF3D7_1357500.1	3498	3499	1064	9.57928
PF3D7_1357600.1	746	747	8044.47	339.244
PF3D7_1357700.1	4915	4916	4386.73	28.1102
PF3D7_1357800.1	3337	3338	7104.88	67.051
PF3D7_1357900.1	1676	1677	951.828	17.8797
PF3D7_1358000.1	7554	7555	6331.95	26.4021
PF3D7_1358100.1	3089	3090	11274.5	114.94
PF3D7_1358200.1	5620	5621	9058.36	50.7658
PF3D7_1358300.1	1906	1907	1320.61	21.8152
PF3D7_1358400.1	1266	1267	3382.63	84.1033
PF3D7_1358500.1	2674	2675	499.431	5.88148
PF3D7_1358600.1	3018	3019	2750	28.6949
PF3D7_1358700.1	2255	2256	10503.4	146.664
PF3D7_1358800.1	1609	1610	7589.28	148.494
PF3D7_1358900.1	1934	1935	2644.45	43.0515
PF3D7_1359000.1	11163	11164	10042.7	28.3378
PF3D7_1359100.1	2722	2723	3057.44	35.3708
PF3D7_1359200.1	1492	1493	2740.6	57.8257
PF3D7_1359300.1	4210	4211	10598.7	79.2868
PF3D7_1359400.1	3547	3548	9922.74	88.1015
PF3D7_1359500.1	810	811	6877	267.124
PF3D7_1359600.1	10667	10668	13836.4	40.8579
PF3D7_1359700.1	13187	13188	5749.58	13.7339
PF3D7_1359800.1	612	613	4640	238.447
PF3D7_1359900.1	7535	7536	22331	93.3476
PF3D7_1360000.1	534	535	34325	2021.12
PF3D7_1360100.1	1419	1420	270.037	5.9906
PF3D7_1360200.1	1187	1188	2168	57.4881
PF3D7_1360300.1	1929	1930	740.337	12.0839
PF3D7_1360400.1	1196	1197	1366	35.9494
PF3D7_1360500.1	9540	9541	3793.23	12.5242
PF3D7_1360700.1	5320	5321	3439.32	20.3617
PF3D7_1360800.1	4612	4613	9789.53	66.8518
PF3D7_1360900.1	2703	2704	697.06	8.12079
PF3D7_1361000.1	2542	2543	1464.59	18.1429
PF3D7_1361100.1	3785	3786	56205.4	467.663
PF3D7_1361200.1	6034	6035	6863.32	35.8255
PF3D7_1361300.1	1339	1340	10764.2	253.054
PF3D7_1361400.1	839	840	4268.49	160.077
PF3D7_1361500.1	1907	1908	3110.36	51.3531
PF3D7_1361500.2	336	337	546.644	51.0987
PF3D7_1361600.1	414	415	45	3.41585
PF3D7_1361700.1	1965	1966	696.358	11.1579
PF3D7_1361800.1	8468	8469	294555	1095.64
PF3D7_1361900.1	2326	2327	3461.3	46.8574
PF3D7_1362000.1	1746	1747	917.182	16.5386
PF3D7_1362100.1	940	941	845	28.288
PF3D7_1362200.1	2649	2650	1635.59	19.4431
PF3D7_1362300.1	1575	1576	803.22	16.0551
PF3D7_1362400.1	7249	7250	4531.27	19.6887
PF3D7_1362500.1	3014	3015	2277.79	23.7992
PF3D7_1362600.1	1182	1183	17839.1	475.033
PF3D7_1362700.1	8543	8544	12591.4	46.4245
PF3D7_1362800.1	6947	6948	2976.7	13.4962
PF3D7_1362900.1	4911	4912	1674	10.7357
PF3D7_1363000.1	3716	3717	3571.51	30.2688
PF3D7_1363100.1	3770	3771	2699.17	22.548
PF3D7_1363200.1	2338	2339	2187.23	29.4578
PF3D7_1363300.1	1296	1297	1901.72	46.1894
PF3D7_1363400.1	4205	4206	1723.57	12.909
PF3D7_1363500.1	3252	3253	2080.84	20.1506
PF3D7_1363600.1	793	794	1642	65.146
PF3D7_1363700.1	3329	3330	1728.83	16.3547
PF3D7_1363800.1	2046	2047	899	13.8349
PF3D7_1364000.1	3974	3975	2915.08	23.1019
PF3D7_1364100.1	3078	3079	8295.91	84.8768
PF3D7_1364200.1	6642	6643	6016.14	28.5291
PF3D7_1364300.1	3968	3969	19160.5	152.076
PF3D7_1364400.1	11263	11264	4451.17	12.4485
PF3D7_1364500.1	2065	2066	739.381	11.2739
PF3D7_1364600.1	3377	3378	1193	11.1254
PF3D7_1364700.1	1299	1300	1034	25.056
PF3D7_1364800.1	1553	1554	5407.8	109.624
PF3D7_1364900.1	1775	1776	934.859	16.582
PF3D7_1365000.1	1997	1998	2065.8	32.5707
PF3D7_1365100.1	853	854	225.579	8.32101
PF3D7_1365200.1	1125	1126	605.033	16.9268
PF3D7_1365300.1	3931	3932	1431.05	11.465
PF3D7_1365400.1	2842	2843	1184.34	13.123
PF3D7_1365500.1	1805	1806	4650.77	81.1226
PF3D7_1365600.1	1869	1870	24669.9	415.586
PF3D7_1365700.1	3232	3233	3380.78	32.9417
PF3D7_1365800.1	1582	1583	30014.4	597.287
PF3D7_1365900.1	1717	1718	23017.1	422.049
PF3D7_1366000.1	2019	2020	622.602	9.70944
PF3D7_1366100.1	1098	1099	398.252	11.4155
PF3D7_1366200.1	1125	1126	907.473	25.3881
PF3D7_1366300.1	13790	13791	24064.6	54.9689
PF3D7_1366400.1	6219	6220	2581.48	13.0742
PF3D7_1366500.1	2277	2278	1024.84	14.1722
PF3D7_1366600.1	3646	3647	14146.7	122.195
PF3D7_1366700.1	2870	2871	1780.87	19.5404
PF3D7_1366800.1	2289	2290	3340.67	45.9551
PF3D7_1366900.1	4647	4648	12730.6	86.2812
PF3D7_1367000.1	2092	2093	81.7863	1.23097
PF3D7_1367100.1	2270	2271	1713	23.7616
PF3D7_1367200.1	1104	1105	2333	66.5101
PF3D7_1367300.1	1008	1009	605	18.8886
PF3D7_1367400.1	4152	4153	3132.25	23.7591
PF3D7_1367500.1	2112	2113	2164.73	32.273
PF3D7_1367600.1	1465	1466	587.383	12.6218
PF3D7_1367700.1	4907	4908	12043.8	77.3024
PF3D7_1367800.1	3549	3550	560	4.96929
PF3D7_1367900.1	1944	1945	49	0.793618
PF3D7_1368000.1	705	706	109.023	4.86461
PF3D7_1368100.1	1509	1510	4458.31	93.0097
PF3D7_1368200.1	3646	3647	1413.85	12.2124
PF3D7_1368300.1	823	824	326.831	12.4949
PF3D7_1368400.1	2548	2549	2739.07	33.8508
PF3D7_1368500.1	3001	3002	1169.72	12.2746
PF3D7_1368600.1	1378	1379	1204.45	27.5144
PF3D7_1368700.1	2723	2724	2162.2	25.0048
PF3D7_1368800.1	5983	5984	11773.9	61.9817
PF3D7_1368900.1	3362	3363	2328.31	21.8097
PF3D7_1369000.1	3178	3179	2773.93	27.4878
PF3D7_1369100.1	2559	2560	1213.72	14.9352
PF3D7_1369200.1	7518	7519	5006.96	20.9773
PF3D7_1369300.1	2540	2541	5358.42	66.4304
PF3D7_1369400.1	9750	9751	4926.68	15.9162
PF3D7_1369500.1	4247	4248	3419.45	25.3575
PF3D7_1369600.1	3224	3225	5315.63	51.923
PF3D7_1369700.1	1381	1382	1772	40.3916
PF3D7_1369800.1	74	75	88	36.9621
PF3D7_1369900.1	72	73	13	5.6099
PF3D7_1370000.1	74	75	58	24.3614
PF3D7_1370100.1	72	73	307	132.48
PF3D7_1370200.1	71	72	209	91.4426
PF3D7_1370300.1	2545	2546	93634	1158.54
PF3D7_1370500.1	615	616	30.5831	1.564
PF3D7_1370800.1	1026	1027	4886.64	149.891
PF3D7_1370900.1	597	598	475	25.0223
PF3D7_1371000.1	2151	2152	366.263	5.36149
PF3D7_1371200.1	160	161	0	0
PF3D7_1371300.1	4215	4216	17554	131.163
PF3D7_1371500.1	1904	1905	580.935	9.60655
PF3D7_1371600.1	8127	8128	7186	27.8509
PF3D7_1371700.1	2840	2841	745.357	8.26472
PF3D7_1371800.1	2489	2490	930.144	11.7675
PF3D7_1371900.1	1120	1121	6	0.168609
PF3D7_1372000.1	2700	2701	2673.15	31.177
PF3D7_1372100.1	3649	3650	2529.48	21.831
PF3D7_1372200.1	2149	2150	18079.6	264.902
PF3D7_1372300.1	4250	4251	2125.74	15.7527
PF3D7_1372400.1	3114	3115	197.132	1.99359
PF3D7_1372500.1	906	907	53.1014	1.84431
PF3D7_1372600.1	819	820	64	2.45867
PF3D7_1372700.1	1047	1048	7.61242	0.228821
PF3D7_1372800.1	903	904	8.41054	0.293083
PF3D7_1372900.1	1332	1333	406.406	9.60429
PF3D7_1373000.1	1011	1012	1.10328	0.0343431
PF3D7_1373100.1	1026	1027	16	0.490777
PF3D7_1373200.1	213	214	0.75	0.110403
PF3D7_1373300.1	1065	1066	4.3013	0.127109
PF3D7_1373400.1	1134	1135	2.74097	0.0760752
PF3D7_1373500.1	6672	6673	2890.51	13.6455
PF3D7_1400100.1	2934	2935	8257.2	88.6257
PF3D7_1400200.1	1095	1096	3.57339	0.102708
PF3D7_1400300.1	1029	1030	20.3393	0.622061
PF3D7_1400400.1	1014	1015	24.0596	0.746718
PF3D7_1400500.1	1020	1021	44	1.35757
PF3D7_1400600.1	1104	1105	26.6749	0.760458
PF3D7_1400700.1	882	883	21.77	0.776664
PF3D7_1400800.1	951	952	114.294	3.78199
PF3D7_1400900.1	834	835	0	0
PF3D7_1401000.1	924	925	46.1662	1.57224
PF3D7_1401050.1	1356	1357	131.535	3.05348
PF3D7_1401100.1	3471	3472	6586.75	59.7622
PF3D7_1401200.1	2265	2266	1168.3	16.2416
PF3D7_1401300.1	2372	2373	19652.8	260.892
PF3D7_1401400.1	2202	2203	4.34483e+06	62128.8
PF3D7_1401500.1	2631	2632	1291.02	15.4519
PF3D7_1401600.1	3412	3413	18369.5	169.549
PF3D7_1401700.1	813	814	131	5.0697
PF3D7_1401800.1	4723	4724	3248.62	21.6633
PF3D7_1401900.1	2051	2052	8419.38	129.252
PF3D7_1402000.1	1992	1993	1570.39	24.8219
PF3D7_1402100.1	3109	3110	629	6.37126
PF3D7_1402200.1	1646	1647	3469.01	66.3509
PF3D7_1402300.1	3485	3486	794.618	7.18068
PF3D7_1402400.1	2125	2126	565.466	8.37873
PF3D7_1402500.1	2030	2031	3486.47	54.0769
PF3D7_1402550.1	86	87	11	3.98298
PF3D7_1402600.1	83	84	14	5.2503
PF3D7_1402700.1	3060	3061	8789.74	90.4582
PF3D7_1402800.1	5209	5210	9497.31	57.4246
PF3D7_1402900.1	2959	2960	1358	14.4525
PF3D7_1403000.1	1445	1446	2058.16	44.8379
PF3D7_1403100.1	6939	6940	16166.1	73.3803
PF3D7_1403200.1	1221	1222	4562.46	117.615
PF3D7_1403300.1	3486	3487	1954.05	17.653
PF3D7_1403400.1	1944	1945	4474	72.4622
PF3D7_1403500.1	947	948	3192.48	106.085
PF3D7_1403600.1	1274	1275	663.328	16.389
PF3D7_1403700.1	2271	2272	782.438	10.8487
PF3D7_1403800.1	4629	4630	2308.22	15.7048
PF3D7_1403900.1	1884	1885	456.548	7.62974
PF3D7_1404000.1	581	582	2878	155.777
PF3D7_1404100.1	1448	1449	891.711	19.3861
PF3D7_1404200.1	1172	1173	877	23.5525
PF3D7_1404300.1	609	610	3514	181.471
PF3D7_1404400.1	1326	1327	410.418	9.74295
PF3D7_1404500.1	2098	2099	1225.05	18.3855
PF3D7_1404600.1	2793	2794	4930.66	55.5922
PF3D7_1404600.2	2010	2011	0	0
PF3D7_1404600.3	2412	2413	1740.44	22.7215
PF3D7_1404700.1	1615	1616	1021.9	19.9205
PF3D7_1404800.1	4880	4881	76935.3	496.537
PF3D7_1404900.1	3427	3428	31952.7	293.631
PF3D7_1405000.1	2701	2702	3187.95	37.1673
PF3D7_1405100.1	4072	4073	4914.19	38.0078
PF3D7_1405200.1	1303	1304	330.058	7.97347
PF3D7_1405300.1	3499	3500	9565.44	86.0938
PF3D7_1405400.1	5003	5004	1417.63	8.92443
PF3D7_1405500.1	2241	2242	1824.59	25.6369
PF3D7_1405600.1	1619	1620	1629.22	31.6811
PF3D7_1405700.1	3497	3498	2770.77	24.9525
PF3D7_1405800.1	3852	3853	21321.4	174.322
PF3D7_1405900.1	4289	4290	14974	109.955
PF3D7_1406000.1	740	741	340.28	14.4662
PF3D7_1406100.1	4777	4778	1673.31	11.0323
PF3D7_1406200.1	9723	9724	29418.3	95.3033
PF3D7_1406300.1	2627	2628	2991	35.8531
PF3D7_1406400.1	2269	2270	1216.43	16.8809
PF3D7_1406500.1	4584	4585	1027.61	7.0603
PF3D7_1406600.1	5447	5448	3663.23	21.1818
PF3D7_1406700.1	1943	1944	227.025	3.67885
PF3D7_1406800.1	3069	3070	3597.35	36.913
PF3D7_1406900.1	1909	1910	509.447	8.40235
PF3D7_1407000.1	3819	3820	1065	8.78256
PF3D7_1407100.1	2261	2262	12925.2	180.003
PF3D7_1407200.1	1934	1935	1601.45	26.0716
PF3D7_1407300.1	3327	3328	17324	163.983
PF3D7_1407400.1	2230	2231	6517.51	92.0274
PF3D7_1407500.1	1495	1496	736.552	15.5098
PF3D7_1407600.1	6344	6345	7937.15	39.4065
PF3D7_1407700.1	1221	1222	5980	154.158
PF3D7_1407800.1	3979	3980	50226.8	397.546
PF3D7_1407900.1	4162	4163	36980.1	279.831
PF3D7_1408000.1	3018	3019	9390.84	97.9888
PF3D7_1408100.1	2419	2420	6331.89	82.4239
PF3D7_1408200.1	5463	5464	19371.6	111.684
PF3D7_1408300.1	453	454	1129	78.3381
PF3D7_1408400.1	4508	4509	3796.61	26.5247
PF3D7_1408500.1	1608	1609	766.377	15.0045
PF3D7_1408600.1	1424	1425	3190.02	70.5202
PF3D7_1408700.1	22620	22621	24293.9	33.8314
PF3D7_1408800.1	1864	1865	609.855	10.3011
PF3D7_1408900.1	1732	1733	120.486	2.19014
PF3D7_1409000.1	3056	3057	810.588	8.35295
PF3D7_1409100.1	4758	4759	5630.77	37.2724
PF3D7_1409200.1	2059	2060	5252.19	80.3172
PF3D7_1409200.2	561	562	0	0
PF3D7_1409300.1	2022	2023	6590.04	102.619
PF3D7_1409400.1	1980	1981	25056	398.439
PF3D7_1409500.1	3755	3756	3167.39	26.5651
PF3D7_1409600.1	3237	3238	20734.1	201.718
PF3D7_1409700.1	3251	3252	1088.65	10.5456
PF3D7_1409800.1	3906	3907	1004.31	8.09764
PF3D7_1409900.1	4425	4426	31710.1	225.695
PF3D7_1410000.1	1835	1836	7526	129.13
PF3D7_1410100.1	1622	1623	4577	88.8377
PF3D7_1410200.1	4463	4464	3839.57	27.0953
PF3D7_1410300.1	14512	14513	21927.2	47.5949
PF3D7_1410400.1	4040	4041	38736.5	301.972
PF3D7_1410500.1	1250	1251	979	24.6525
PF3D7_1410600.1	3518	3519	7785.29	69.6932
PF3D7_1410700.1	2251	2252	518.76	7.25659
PF3D7_1410800.1	1951	1952	1425.18	22.9998
PF3D7_1410900.1	3444	3445	2828.93	25.8683
PF3D7_1411000.1	6500	6501	13500.8	65.4208
PF3D7_1411000.2	6096	6097	338969	1751.37
PF3D7_1411100.1	3363	3364	1275.21	11.9416
PF3D7_1411200.1	4252	4253	22332.9	165.419
PF3D7_1411300.1	3132	3133	348.499	3.5041
PF3D7_1411400.1	7017	7018	2409.36	10.8149
PF3D7_1411500.1	3557	3558	11150.3	98.7227
PF3D7_1411600.1	2056	2057	696	10.6588
PF3D7_1411700.1	2394	2395	595.698	7.83529
PF3D7_1411800.1	2560	2561	2127.39	26.1682
PF3D7_1411900.1	2340	2341	10687.4	143.816
PF3D7_1412000.1	1937	1938	1120.19	18.2084
PF3D7_1412100.1	3465	3466	3267.8	29.7004
PF3D7_1412200.1	2623	2624	1384.78	16.6246
PF3D7_1412300.1	1312	1313	4156.12	99.7145
PF3D7_1412400.1	10538	10539	16396.8	49.0111
PF3D7_1412500.1	2228	2229	2479.83	35.0467
PF3D7_1412600.1	1981	1982	7161.17	113.819
PF3D7_1412700.1	5142	5143	1005.53	6.15906
PF3D7_1412800.1	3062	3063	3398.44	34.9517
PF3D7_1412900.1	4072	4073	7419.03	57.381
PF3D7_1412900.2	276	277	7.09025	0.806337
PF3D7_1413000.1	1416	1417	386	8.58129
PF3D7_1413100.1	1722	1723	1849	33.8054
PF3D7_1413200.1	2050	2051	5118.29	78.613
PF3D7_1413300.1	561	562	293.344	16.4428
PF3D7_1413400.1	2257	2258	1154.51	16.1068
PF3D7_1413500.1	1802	1803	1278.61	22.3397
PF3D7_1413600.1	1572	1573	1059.59	21.2199
PF3D7_1413700.1	4638	4639	10648.5	72.3101
PF3D7_1413800.1	2804	2805	2293.55	25.7579
PF3D7_1413900.1	2509	2510	696.263	8.73845
PF3D7_1414000.1	1841	1842	18620.8	318.451
PF3D7_1414100.1	5326	5327	2593.65	15.3378
PF3D7_1414200.1	3821	3822	2545.02	20.9766
PF3D7_1414300.1	1350	1351	38045.8	887.129
PF3D7_1414400.1	2765	2766	4806.05	54.7358
PF3D7_1414500.1	11824	11825	11850.6	31.57
PF3D7_1414600.1	2138	2139	49514.5	729.217
PF3D7_1414700.1	5372	5373	26694.2	156.508
PF3D7_1414800.1	1657	1658	147.022	2.79341
PF3D7_1414900.1	3579	3580	480.049	4.22413
PF3D7_1415000.1	1160	1161	2835.04	76.9241
PF3D7_1415100.1	2595	2596	5534.5	67.1597
PF3D7_1415200.1	1151	1152	1719.35	47.0161
PF3D7_1415300.1	2893	2894	7264.43	79.0747
PF3D7_1415400.1	5748	5749	2486.34	13.624
PF3D7_1415500.1	4348	4349	518.891	3.75856
PF3D7_1415600.1	4875	4876	925.179	5.97719
PF3D7_1415700.1	2811	2812	1078.95	12.0871
PF3D7_1415800.1	2308	2309	667.459	9.10617
PF3D7_1415900.1	1155	1156	2473.43	67.4026
PF3D7_1416000.1	663	664	30	1.42327
PF3D7_1416100.1	3739	3740	33959.7	286.04
PF3D7_1416200.1	9853	9854	25706	82.1784
PF3D7_1416300.1	2104	2105	1153.02	17.2551
PF3D7_1416400.1	2138	2139	17815.4	262.374
PF3D7_1416500.1	1924	1925	13508.3	221.057
PF3D7_1416600.1	10368	10369	3032.02	9.21149
PF3D7_1416700.1	1083	1084	1659.17	48.2167
PF3D7_1416800.1	2726	2727	1070.87	12.3705
PF3D7_1416900.1	1117	1118	646.165	18.2069
PF3D7_1417000.1	1149	1150	1141	31.2552
PF3D7_1417100.1	2363	2364	827.522	11.0272
PF3D7_1417200.1	14912	14913	47422.4	100.174
PF3D7_1417300.1	4608	4609	1891.18	12.9259
PF3D7_1417400.1	10704	10705	8245.02	24.2627
PF3D7_1417500.1	2855	2856	34021.7	375.261
PF3D7_1417600.1	15995	15996	26332.6	51.8583
PF3D7_1417700.1	2876	2877	2173.92	23.8034
PF3D7_1417800.1	4015	4016	4718.89	37.0153
PF3D7_1417900.1	1318	1319	695.353	16.6072
PF3D7_1418000.1	1779	1780	967.273	17.1184
PF3D7_1418100.1	10794	10795	396.049	1.15574
PF3D7_1418200.1	911	912	431	14.8873
PF3D7_1418300.1	813	814	107.06	4.14322
PF3D7_1418400.1	72	73	104	44.8792
PF3D7_1418500.1	119	120	6504.33	1707.48
PF3D7_1418600.1	119	120	6504.33	1707.48
PF3D7_1418700.1	119	120	6504.33	1707.48
PF3D7_1418800.1	303	304	18653	1932.9
PF3D7_1418900.1	3481	3482	7639.81	69.1176
PF3D7_1419000.1	4808	4809	2154.06	14.1104
PF3D7_1419100.1	4007	4008	17513.2	137.649
PF3D7_1419200.1	2992	2993	342.926	3.60935
PF3D7_1419300.1	2713	2714	512.336	5.94676
PF3D7_1419400.1	8147	8148	5358.87	20.7184
PF3D7_1419500.1	1330	1331	1325.01	31.36
PF3D7_1419600.1	1541	1542	11411	233.117
PF3D7_1419700.1	2636	2637	10183.6	121.654
PF3D7_1419800.1	2531	2532	582.786	7.2507
PF3D7_1419800.2	1641	1642	901.579	17.2968
PF3D7_1419900.1	2068	2069	1881.11	28.6411
PF3D7_1420000.1	2043	2044	4260	65.6544
PF3D7_1420100.1	5421	5422	697.965	4.05517
PF3D7_1420200.1	4560	4561	4841	33.4357
PF3D7_1420300.1	1594	1595	3948.8	77.9901
PF3D7_1420400.1	3518	3519	9120.97	81.6501
PF3D7_1420500.1	3531	3532	937.515	8.36166
PF3D7_1420600.1	2421	2422	3527.94	45.8862
PF3D7_1420700.1	5852	5853	155057	834.543
PF3D7_1420800.1	774	775	555	22.5593
PF3D7_1420900.1	1848	1849	3301.25	56.244
PF3D7_1421000.1	579	580	9449	513.207
PF3D7_1421100.1	4780	4781	6836.39	45.0446
PF3D7_1421150.1	149	150	799	167.799
PF3D7_1421200.1	1311	1312	1132.61	27.1945
PF3D7_1421300.1	3051	3052	2501.01	25.8146
PF3D7_1421400.1	1536	1537	19570.8	401.116
PF3D7_1421500.1	505	506	673	41.8986
PF3D7_1421600.1	2644	2645	2609.94	31.0843
PF3D7_1421700.1	189	190	0	0
PF3D7_1421800.1	1453	1454	11605.7	251.444
PF3D7_1421900.1	1082	1083	2156	62.7127
PF3D7_1422000.1	523	524	899.707	54.0885
PF3D7_1422100.1	2039	2040	2689.98	41.5388
PF3D7_1422200.1	1381	1382	1056.18	24.075
PF3D7_1422300.1	2290	2291	2508.78	34.4963
PF3D7_1422400.1	5930	5931	7006.21	37.2126
PF3D7_1422500.1	2024	2025	21035.9	327.244
PF3D7_1422600.1	2061	2062	3168	48.3985
PF3D7_1422700.1	4392	4393	1383.12	9.91822
PF3D7_1422800.1	2042	2043	5200.28	80.185
PF3D7_1422900.1	2035	2036	1110	17.1743
PF3D7_1423000.1	2269	2270	3343.61	46.4007
PF3D7_1423100.1	4246	4247	5935.06	44.0228
PF3D7_1423200.1	2298	2299	710.706	9.73836
PF3D7_1423300.1	3291	3292	20244.8	193.727
PF3D7_1423400.1	4749	4750	5190	34.4198
PF3D7_1423500.1	5788	5789	3133.25	17.0501
PF3D7_1423600.1	3387	3388	4405.05	40.9583
PF3D7_1423700.1	7269	7270	33747.2	146.231
PF3D7_1423800.1	5238	5239	5454.8	32.7994
PF3D7_1423900.1	86	87	40	14.4836
PF3D7_1424000.1	79	80	2	0.787544
PF3D7_1424100.1	3032	3033	10562.9	109.71
PF3D7_1424200.1	69	70	14	6.30035
PF3D7_1424300.1	96	97	1367	443.948
PF3D7_1424400.1	3181	3182	9756.23	96.5866
PF3D7_1424500.1	142	143	3010	663.079
PF3D7_1424600.1	70	71	9	3.99318
PF3D7_1424700.1	84	85	97	35.9491
PF3D7_1424800.1	118	119	13	3.44137
PF3D7_1424900.1	75	76	3	1.24349
PF3D7_1425000.1	172	173	323.417	58.8913
PF3D7_1425100.1	127	128	0	0
PF3D7_1425200.1	2502	2503	880.165	11.0774
PF3D7_1425300.1	1399	1400	4771.02	107.354
PF3D7_1425400.1	4094	4095	5811.86	44.7091
PF3D7_1425500.1	889	890	163.261	5.77868
PF3D7_1425600.1	6332	6333	2306.8	11.4746
PF3D7_1425700.1	2148	2149	1404.63	20.5902
PF3D7_1425800.1	4142	4143	3922.13	29.8223
PF3D7_1425900.1	1695	1696	4551.27	84.5361
PF3D7_1426000.1	1730	1731	7444.02	135.471
PF3D7_1426100.1	1919	1920	2480.01	40.69
PF3D7_1426200.1	2249	2250	3224.56	45.1464
PF3D7_1426300.1	2564	2565	459.838	5.64745
PF3D7_1426400.1	518	519	617	37.4501
PF3D7_1426500.1	2344	2345	9113.36	122.425
PF3D7_1426600.1	4592	4593	2926.16	20.0695
PF3D7_1426700.1	6312	6313	11064.4	55.2114
PF3D7_1426800.1	7092	7093	10343.4	45.9378
PF3D7_1426900.1	1060	1061	10193.7	302.657
PF3D7_1427000.1	4756	4757	2362.88	15.6475
PF3D7_1427100.1	4864	4865	39444	255.407
PF3D7_1427200.1	1789	1790	3284.13	57.7966
PF3D7_1427300.1	4434	4435	1643	11.6702
PF3D7_1427400.1	2394	2395	385.931	5.07621
PF3D7_1427400.2	1575	1576	271.069	5.41824
PF3D7_1427500.1	3594	3595	1522.24	13.3389
PF3D7_1427600.1	2508	2509	798.91	10.0307
PF3D7_1427700.1	766	767	48.139	1.97714
PF3D7_1427800.1	1652	1653	1220.43	23.2581
PF3D7_1427900.1	3656	3657	1234.48	10.6339
PF3D7_1428000.1	2783	2784	1105.13	12.5049
PF3D7_1428100.1	2636	2637	639.138	7.63518
PF3D7_1428200.1	4097	4098	10875.1	83.5983
PF3D7_1428300.1	2345	2346	2741.8	36.8165
PF3D7_1428400.1	6785	6786	8372.35	38.8659
PF3D7_1428500.1	7281	7282	27925	120.803
PF3D7_1428600.1	1489	1490	2621	55.4135
PF3D7_1428700.1	3005	3006	756.644	7.92935
PF3D7_1428800.1	2287	2288	3746.2	51.5786
PF3D7_1428800.2	1107	1108	119.167	3.38805
PF3D7_1428900.1	5493	5494	2121.85	12.1664
PF3D7_1429000.1	714	715	622	27.4043
PF3D7_1429100.1	2798	2799	1307.89	14.7199
PF3D7_1429200.1	4793	4794	1597.34	10.4962
PF3D7_1429300.1	1863	1864	10919	184.532
PF3D7_1429400.1	9064	9065	6554.65	22.7781
PF3D7_1429500.1	2553	2554	1041.69	12.8485
PF3D7_1429600.1	946	947	12616.4	419.683
PF3D7_1429700.1	1786	1787	5980.08	105.419
PF3D7_1429800.1	5158	5159	7623.01	46.5475
PF3D7_1429900.1	5707	5708	1077.18	5.94483
PF3D7_1430000.1	2101	2102	3976.15	59.5889
PF3D7_1430100.1	1864	1865	4002.66	67.609
PF3D7_1430200.1	3133	3134	41613.4	418.282
PF3D7_1430300.1	8092	8093	6352.39	24.7265
PF3D7_1430400.1	3837	3838	281.045	2.30678
PF3D7_1430500.1	1329	1330	114	2.70015
PF3D7_1430600.1	2636	2637	2308	27.5715
PF3D7_1430700.1	2119	2120	347.014	5.15639
PF3D7_1430800.1	2102	2103	4310.74	64.5725
PF3D7_1430900.1	839	840	1719	64.4661
PF3D7_1431000.1	1835	1836	1175.57	20.1703
PF3D7_1431100.1	2995	2996	12624	132.736
PF3D7_1431200.1	5629	5630	6209.69	34.7453
PF3D7_1431300.1	4139	4140	8115.98	61.7555
PF3D7_1431400.1	4791	4792	4005.22	26.3296
PF3D7_1431500.1	3752	3753	5606.08	47.0561
PF3D7_1431600.1	2982	2983	1071.81	11.3188
PF3D7_1431700.1	1308	1309	5067.76	121.958
PF3D7_1431800.1	3022	3023	2452.51	25.5568
PF3D7_1431900.1	3264	3265	1032.4	9.96092
PF3D7_1432000.1	2188	2189	1443.52	20.7735
PF3D7_1432100.1	1163	1164	1390	37.6181
PF3D7_1432200.1	5318	5319	5552.55	32.885
PF3D7_1432300.1	4946	4947	4334.01	27.5983
PF3D7_1432400.1	4916	4917	2064	13.2234
PF3D7_1432500.1	1883	1884	6519.68	109.013
PF3D7_1432600.1	3762	3763	3730	31.2255
PF3D7_1432700.1	2001	2002	9677.23	152.273
PF3D7_1432800.1	3077	3078	1866.38	19.1015
PF3D7_1432900.1	1828	1829	850.508	14.6487
PF3D7_1433000.1	951	952	2088.89	69.1216
PF3D7_1433100.1	3601	3602	1856.01	16.232
PF3D7_1433200.1	4132	4133	1823.48	13.8986
PF3D7_1433300.1	1771	1772	977.91	17.3848
PF3D7_1433400.1	18510	18511	13910.4	23.6725
PF3D7_1433500.1	6923	6924	45011.7	204.788
PF3D7_1433600.1	911	912	295.184	10.1961
PF3D7_1433700.1	7996	7997	4105.11	16.1708
PF3D7_1433800.1	8992	8993	6018.17	21.0812
PF3D7_1433900.1	6431	6432	5578.38	27.321
PF3D7_1434000.1	1163	1164	1114.68	30.167
PF3D7_1434100.1	2060	2061	651.225	9.95378
PF3D7_1434200.1	3103	3104	2240.19	22.7351
PF3D7_1434300.1	4668	4669	4719.06	31.8395
PF3D7_1434400.1	1936	1937	2095.8	34.0844
PF3D7_1434500.1	25337	25338	28997.8	36.0519
PF3D7_1434600.1	3850	3851	3897.35	31.8809
PF3D7_1434700.1	2132	2133	1099.84	16.2433
PF3D7_1434800.1	2204	2205	357.59	5.10872
PF3D7_1434900.1	984	985	609	19.4767
PF3D7_1435000.1	1970	1971	362.151	5.78813
PF3D7_1435100.1	1527	1528	203.007	4.18526
PF3D7_1435200.1	2334	2335	7151.06	96.4758
PF3D7_1435300.1	10680	10681	16467	48.5665
PF3D7_1435400.1	1707	1708	4206.1	77.5758
PF3D7_1435500.1	2014	2015	3262.71	51.008
PF3D7_1435600.1	6252	6253	9392.79	47.3196
PF3D7_1435700.1	4709	4710	7904.94	52.8704
PF3D7_1435700.2	2667	2668	72.0024	0.850151
PF3D7_1435800.1	1972	1973	292.102	4.66383
PF3D7_1435900.1	1425	1426	133	2.9381
PF3D7_1436000.1	4130	4131	6610.21	50.4075
PF3D7_1436100.1	6817	6818	21168.1	97.8048
PF3D7_1436200.1	7475	7476	5377.88	22.6609
PF3D7_1436300.1	7350	7351	94529.8	405.095
PF3D7_1436400.1	4425	4426	1389.21	9.8876
PF3D7_1436500.1	1720	1721	650.476	11.9065
PF3D7_1436600.1	3134	3135	16334	164.131
PF3D7_1436700.1	3522	3523	311.01	2.78097
PF3D7_1436800.1	1145	1146	278.114	7.64491
PF3D7_1436900.1	1578	1579	565.116	11.2743
PF3D7_1437000.1	2374	2375	2630.37	34.8889
PF3D7_1437100.1	1242	1243	2339.22	59.2836
PF3D7_1437200.1	4522	4523	8150.87	56.7692
PF3D7_1437300.1	1998	1999	4846.38	76.3729
PF3D7_1437400.1	2799	2800	3962.37	44.5792
PF3D7_1437500.1	816	817	111	4.27992
PF3D7_1437600.1	2099	2100	464	6.96039
PF3D7_1437700.1	3424	3425	6332.36	58.2425
PF3D7_1437800.1	2347	2348	251.782	3.37802
PF3D7_1437900.1	3965	3966	23683.1	188.114
PF3D7_1438000.1	3864	3865	9479.85	77.2657
PF3D7_1438100.1	2254	2255	1611.74	22.5156
PF3D7_1438200.1	90	91	29	10.039
PF3D7_1438300.1	74	75	24	10.0806
PF3D7_1438400.1	7241	7242	5449.16	23.7031
PF3D7_1438500.1	3995	3996	31256.6	246.406
PF3D7_1438600.1	2287	2288	1336.45	18.4005
PF3D7_1438700.1	1603	1604	4408	86.571
PF3D7_1438800.1	3313	3314	29038.9	276.034
PF3D7_1438900.1	1608	1609	2313.24	45.2897
PF3D7_1439000.1	1843	1844	325.419	5.55926
PF3D7_1439100.1	8630	8631	3264.45	11.9147
PF3D7_1439200.1	3681	3682	11413	97.6452
PF3D7_1439300.1	6858	6859	12232.3	56.1802
PF3D7_1439400.1	2363	2364	173.901	2.31733
PF3D7_1439500.1	5234	5235	8183.91	49.2469
PF3D7_1439600.1	1328	1329	1857.5	44.029
PF3D7_1439700.1	2942	2943	3228.98	34.5628
PF3D7_1439800.1	2018	2019	2244.68	35.023
PF3D7_1439900.1	2043	2044	3134.61	48.31
PF3D7_1440000.1	7156	7157	7219.81	31.7782
PF3D7_1440100.1	4155	4156	15612.9	118.343
PF3D7_1440200.1	5527	5528	3592.7	20.4733
PF3D7_1440300.1	2116	2117	966.263	14.3784
PF3D7_1440400.1	5015	5016	1661.92	10.4373
PF3D7_1440500.1	2502	2503	1909.93	24.0376
PF3D7_1440600.1	1813	1814	3479.33	60.4218
PF3D7_1440700.1	4157	4158	1630.42	12.3524
PF3D7_1440800.1	2705	2706	683.341	7.95508
PF3D7_1440900.1	1286	1287	1639.5	40.1298
PF3D7_1441000.1	3126	3127	3462.03	34.8769
PF3D7_1441100.1	4631	4632	10168.7	69.156
PF3D7_1441200.1	3159	3160	10361.2	103.29
PF3D7_1441300.1	8958	8959	12719.3	44.7238
PF3D7_1441400.1	2552	2553	721.125	8.89805
PF3D7_1441500.1	2281	2282	1289.55	17.8015
PF3D7_1441600.1	2194	2195	309.019	4.43491
PF3D7_1441700.1	1680	1681	472.02	8.84561
PF3D7_1441800.1	1363	1364	2725.58	62.9477
PF3D7_1441900.1	951	952	82.7825	2.73928
PF3D7_1442000.1	947	948	295.926	9.83354
PF3D7_1442100.1	1021	1022	2171	66.9181
PF3D7_1442200.1	3689	3690	1719.65	14.6808
PF3D7_1442300.1	2450	2451	4008.18	51.5156
PF3D7_1442400.1	7383	7384	16410.3	70.01
PF3D7_1442500.1	2944	2945	701.305	7.50164
PF3D7_1442600.1	10632	10633	3250	9.62859
PF3D7_1442700.1	7951	7952	3983	15.7786
PF3D7_1442800.1	1209	1210	622	16.1935
PF3D7_1442900.1	11706	11707	38615.6	103.909
PF3D7_1443000.1	4962	4963	897.544	5.697
PF3D7_1443100.1	3085	3086	4856.52	49.5752
PF3D7_1443200.1	2605	2606	556.421	6.72611
PF3D7_1443300.1	923	924	1053.08	35.9025
PF3D7_1443400.1	3317	3318	4251.35	40.3632
PF3D7_1443500.1	4254	4255	1841.45	13.6331
PF3D7_1443600.1	5697	5698	2028	11.2119
PF3D7_1443700.1	1885	1886	177.247	2.96054
PF3D7_1443800.1	2314	2315	1145.8	15.5917
PF3D7_1443900.1	3401	3402	18055.4	167.189
PF3D7_1444000.1	684	685	426	19.5909
PF3D7_1444100.1	22005	22006	7988.17	11.4351
PF3D7_1444200.1	1299	1300	796	19.2888
PF3D7_1444300.1	1269	1270	7794	193.327
PF3D7_1444400.1	2561	2562	2352.73	28.9287
PF3D7_1444500.1	6328	6329	10984.5	54.6738
PF3D7_1444600.1	366	367	1607	137.938
PF3D7_1444700.1	1269	1270	454.006	11.2614
PF3D7_1444800.1	3155	3156	51168.7	510.743
PF3D7_1444900.1	982	983	607.476	19.4675
PF3D7_1445000.1	1224	1225	3308	85.0676
PF3D7_1445100.1	3911	3912	11830	95.2623
PF3D7_1445200.1	4084	4085	5727.36	44.1669
PF3D7_1445300.1	2439	2440	195.267	2.521
PF3D7_1445400.1	3706	3707	13497.1	114.697
PF3D7_1445500.1	2739	2740	3142.48	36.1291
PF3D7_1445600.1	3957	3958	17719.4	141.029
PF3D7_1445700.1	1956	1957	6083.28	97.9223
PF3D7_1445800.1	3624	3625	362	3.14583
PF3D7_1445900.1	3255	3256	17319.6	167.567
PF3D7_1446000.1	117	118	102379	27331.5
PF3D7_1446100.1	2013	2014	359808	5627.9
PF3D7_1446200.1	3501	3502	10677.7	96.0499
PF3D7_1446300.1	4334	4335	21034.2	152.852
PF3D7_1446400.1	3025	3026	6629.44	69.0149
PF3D7_1446500.1	10395	10396	52585.8	159.345
PF3D7_1446600.1	1533	1534	1716.1	35.2414
PF3D7_1446700.1	2012	2013	4450.65	69.649
PF3D7_1446800.1	1865	1866	831.419	14.036
PF3D7_1446900.1	4030	4031	7583.88	59.2671
PF3D7_1447000.1	2513	2514	3965.59	49.691
PF3D7_1447100.1	1173	1174	3195.83	85.7533
PF3D7_1447200.1	2239	2240	7233	101.72
PF3D7_1447300.1	1229	1230	727.699	18.6373
PF3D7_1447400.1	1110	1111	14672.3	416.025
PF3D7_1447500.1	435	436	1281	92.5545
PF3D7_1447600.1	366	367	1516	130.127
PF3D7_1447700.1	1663	1664	305.065	5.77529
PF3D7_1447800.1	6592	6593	2815.42	13.4523
PF3D7_1447900.1	5674	5675	1701.47	9.44479
PF3D7_1448000.1	5196	5197	4960.97	30.0711
PF3D7_1448100.1	1141	1142	336.58	9.28447
PF3D7_1448200.1	3621	3622	1329	11.5588
PF3D7_1448300.1	8169	8170	5518.78	21.2792
PF3D7_1448400.1	2934	2935	10257	110.09
PF3D7_1448500.1	12043	12044	7529.52	19.6939
PF3D7_1448600.1	1301	1302	6499.01	157.243
PF3D7_1448700.1	1911	1912	866.114	14.2699
PF3D7_1448800.1	819	820	1630	62.6194
PF3D7_1448900.1	842	843	5985	223.651
PF3D7_1449000.1	747	748	14362	604.851
PF3D7_1449100.1	4141	4142	3579.74	27.2255
PF3D7_1449200.1	1309	1310	99925.9	2402.93
PF3D7_1449300.1	3068	3069	13014.9	133.592
PF3D7_1449400.1	4332	4333	2915.83	21.1987
PF3D7_1449500.1	5472	5473	5248.54	30.2098
PF3D7_1449600.1	2058	2059	461.03	7.05355
PF3D7_1449700.1	5388	5389	8875.4	51.8817
PF3D7_1449800.1	1665	1666	429.052	8.11279
PF3D7_1449900.1	1447	1448	6136.26	133.497
PF3D7_1450000.1	2116	2117	28580.7	425.292
PF3D7_1450100.1	2360	2361	4904.58	65.4396
PF3D7_1450200.1	934	935	260.492	8.77643
PF3D7_1450300.1	3245	3246	1221.64	11.8558
PF3D7_1450400.1	7205	7206	4791.22	20.9453
PF3D7_1450500.1	4962	4963	2777	17.6265
PF3D7_1450600.1	1764	1765	2810	50.153
PF3D7_1450700.1	2464	2465	8962.18	114.533
PF3D7_1450800.1	1794	1795	193.004	3.38718
PF3D7_1450900.1	1931	1932	1464.99	23.887
PF3D7_1451000.1	2945	2946	3348.13	35.8018
PF3D7_1451100.1	4492	4493	16643.5	116.693
PF3D7_1451200.1	7856	7857	111427	446.752
PF3D7_1451300.1	1304	1305	7990	192.873
PF3D7_1451400.1	5328	5329	516.734	3.05462
PF3D7_1451500.1	1294	1295	237.114	5.76796
PF3D7_1451600.1	2598	2599	2486	30.1321
PF3D7_1451700.1	1728	1729	2668.96	48.6275
PF3D7_1451800.1	3335	3336	7398	69.8591
PF3D7_1451900.1	4415	4416	1923.44	13.721
PF3D7_1452000.1	7915	7916	18593.5	73.9928
PF3D7_1452100.1	1374	1375	1079.12	24.7231
PF3D7_1452200.1	1829	1830	419.353	7.21878
PF3D7_1452300.1	1573	1574	38.4243	0.769017
PF3D7_1452400.1	4394	4395	3850.37	27.598
PF3D7_1452500.1	2060	2061	3642.34	55.6721
PF3D7_1452600.1	10949	10950	7367.31	21.1948
PF3D7_1452700.1	1468	1469	1436	30.7941
PF3D7_1452800.1	1374	1375	1139.61	26.1089
PF3D7_1452900.1	1105	1106	9312.39	265.241
PF3D7_1453000.1	3415	3416	2199	20.2788
PF3D7_1453100.1	1893	1894	2187	36.3751
PF3D7_1453200.1	4596	4597	4628	31.7142
PF3D7_1453300.1	231	232	75	10.1838
PF3D7_1453400.1	6370	6371	16032.2	79.2722
PF3D7_1453500.1	3531	3532	1406	12.5401
PF3D7_1453600.1	5721	5722	3171.05	17.4578
PF3D7_1453700.1	2762	2763	32765	373.564
PF3D7_1453800.1	4283	4284	7585.09	55.7759
PF3D7_1453900.1	4694	4695	3962.04	26.5838
PF3D7_1454000.1	2378	2379	766.107	10.1445
PF3D7_1454100.1	980	981	1646.2	52.8627
PF3D7_1454200.1	4802	4803	2688	17.63
PF3D7_1454300.1	3402	3403	2015.9	18.6613
PF3D7_1454400.1	4129	4130	12098.2	92.2793
PF3D7_1454500.1	1653	1654	771.696	14.6976
PF3D7_1454600.1	1258	1259	1905.35	47.6742
PF3D7_1454700.1	2567	2568	1832.16	22.4752
PF3D7_1454800.1	495	496	154	9.78079
PF3D7_1454900.1	835	836	14837.8	559.11
PF3D7_1455000.1	2437	2438	4642	59.98
PF3D7_1455100.1	1071	1072	208801	6135.82
PF3D7_1455200.1	3345	3346	4493.17	42.3021
PF3D7_1455300.1	3953	3954	37384	297.841
PF3D7_1455400.1	1638	1639	1069.84	20.5624
PF3D7_1455500.1	4100	4101	1192.86	9.16297
PF3D7_1455600.1	6364	6365	2192.48	10.8511
PF3D7_1455700.1	4351	4352	7156.06	51.7988
PF3D7_1455800.1	4854	4855	5875	38.1201
PF3D7_1455900.1	1618	1619	3621	70.4558
PF3D7_1456000.1	4601	4602	2163.41	14.809
PF3D7_1456100.1	1735	1736	305.158	5.53745
PF3D7_1456200.1	3568	3569	319.834	2.82302
PF3D7_1456300.1	2092	2093	454.096	6.83461
PF3D7_1456400.1	3048	3049	479	4.94895
PF3D7_1456500.1	7998	7999	4506.36	17.747
PF3D7_1456600.1	846	847	99	3.68203
PF3D7_1456700.1	3526	3527	3248.82	29.0172
PF3D7_1456800.1	3447	3448	52462.9	479.314
PF3D7_1456900.1	2376	2377	763.448	10.1178
PF3D7_1457000.1	2165	2166	10597.2	154.122
PF3D7_1457100.1	3377	3378	1498.21	13.9717
PF3D7_1457200.1	886	887	1033	36.687
PF3D7_1457300.1	3695	3696	19130.2	163.05
PF3D7_1457400.1	11143	11144	17608.5	49.7755
PF3D7_1457500.1	2356	2357	2392.2	31.9722
PF3D7_1457600.1	1906	1907	700.108	11.5651
PF3D7_1457700.1	5635	5636	10977.8	61.3592
PF3D7_1457800.1	2336	2337	2304.69	31.0663
PF3D7_1457900.1	11473	11474	6559.52	18.0091
PF3D7_1458000.1	2837	2838	9746.35	108.184
PF3D7_1458100.1	654	655	404.786	19.4679
PF3D7_1458200.1	771	772	70.2791	2.86777
PF3D7_1458300.1	5554	5555	2667.81	15.1288
PF3D7_1458400.1	1964	1965	72.0084	1.1544
PF3D7_1458500.1	5200	5201	3030.23	18.3537
PF3D7_1458600.1	4560	4561	3123.5	21.5733
PF3D7_1458700.1	3796	3797	2325.24	19.2914
PF3D7_1458800.1	4149	4150	3252.71	24.6906
PF3D7_1458900.1	1115	1116	195.334	5.51376
PF3D7_1459000.1	3219	3220	4451.34	43.5482
PF3D7_1459100.1	2950	2951	1382.43	14.7574
PF3D7_1459200.1	4011	4012	9169.26	71.996
PF3D7_1459300.1	1891	1892	1091.59	18.1749
PF3D7_1459400.1	2463	2464	1265.73	16.1821
PF3D7_1459500.1	2922	2923	954	10.2815
PF3D7_1459600.1	3763	3764	3870.81	32.3957
PF3D7_1459700.1	1815	1816	1010.55	17.5298
PF3D7_1459800.1	1274	1275	13654.9	337.375
PF3D7_1459900.1	1376	1377	195.917	4.48202
PF3D7_1460000.1	1282	1283	82.2179	2.01871
PF3D7_1460100.1	1562	1563	1196	24.105
PF3D7_1460200.1	1257	1258	1306.02	32.7041
PF3D7_1460300.1	775	776	5158.06	209.392
PF3D7_1460400.1	1270	1271	3504	86.8467
PF3D7_1460500.1	7927	7928	4944.38	19.6464
PF3D7_1460600.1	1679	1680	34926.5	654.909
PF3D7_1460700.1	943	944	12725	424.64
PF3D7_1460800.1	1923	1924	2078	34.0232
PF3D7_1460900.1	1499	1500	725.72	15.241
PF3D7_1460900.2	825	826	1710.4	65.2308
PF3D7_1461000.1	2495	2496	4510	56.9203
PF3D7_1461100.1	3123	3124	5003.68	50.456
PF3D7_1461200.1	1432	1433	1148.08	25.2383
PF3D7_1461300.1	1562	1563	4289.97	86.463
PF3D7_1461400.1	1398	1399	13553.4	305.187
PF3D7_1461500.1	615	616	287	14.677
PF3D7_1461600.1	2885	2886	8785.1	95.8926
PF3D7_1461700.1	1319	1320	10503.7	250.67
PF3D7_1461800.1	10686	10687	44074.7	129.918
PF3D7_1461900.1	4389	4390	7011.45	50.3128
PF3D7_1462000.1	366	367	23.1393	1.98618
PF3D7_1462100.1	4231	4232	560.23	4.17019
PF3D7_1462200.1	803	804	2683.77	105.154
PF3D7_1462300.1	5486	5487	7283.87	41.8179
PF3D7_1462400.1	12725	12726	16222.4	40.1567
PF3D7_1462500.1	2289	2290	869	11.9542
PF3D7_1462600.1	1572	1573	277	5.54736
PF3D7_1462700.1	1865	1866	5865	99.0128
PF3D7_1462800.1	2689	2690	12322.5	144.306
PF3D7_1462900.1	2923	2924	803.007	8.65121
PF3D7_1463000.1	1608	1609	2635.44	51.5979
PF3D7_1463100.1	1215	1216	432.493	11.2042
PF3D7_1463200.1	2032	2033	382.067	5.92021
PF3D7_1463300.1	2108	2109	230	3.43547
PF3D7_1463400.1	1976	1977	1560.34	24.8627
PF3D7_1463500.1	2390	2391	792.042	10.4353
PF3D7_1463600.1	353	354	28	2.49167
PF3D7_1463700.1	1544	1545	2809.26	57.2794
PF3D7_1463800.1	748	749	847	35.6235
PF3D7_1463900.1	4770	4771	38803.9	256.213
PF3D7_1464000.1	2911	2912	23025.6	249.089
PF3D7_1464100.1	3601	3602	2230.57	19.5078
PF3D7_1464200.1	1375	1376	447.843	10.2528
PF3D7_1464300.1	2757	2758	293.793	3.35569
PF3D7_1464400.1	1675	1676	2203.13	41.4096
PF3D7_1464500.1	12044	12045	6208.03	16.2361
PF3D7_1464600.1	6208	6209	52056.5	264.112
PF3D7_1464700.1	2384	2385	24898.5	328.867
PF3D7_1464800.1	360	361	66	5.75933
PF3D7_1464900.1	3448	3449	1751.49	15.9974
PF3D7_1465000.1	1634	1635	1724.37	33.2236
PF3D7_1465100.1	3301	3302	721.161	6.88003
PF3D7_1465200.1	2064	2065	3171.18	48.3766
PF3D7_1465300.1	3594	3595	2819.08	24.7026
PF3D7_1465400.1	1605	1606	1349.86	26.4775
PF3D7_1465500.1	4386	4387	1203	8.63841
PF3D7_1465600.1	1458	1459	2726	58.858
PF3D7_1465700.1	1158	1159	9054	246.089
PF3D7_1465800.1	19458	19459	5646	9.14019
PF3D7_1465900.1	1430	1431	9167	201.801
PF3D7_1466000.1	942	943	494	16.5025
PF3D7_1466100.1	3760	3761	576.071	4.82511
PF3D7_1466200.1	11963	11964	25735.7	67.7633
PF3D7_1466300.1	4335	4336	11668	84.77
PF3D7_1466400.1	5511	5512	8617.03	49.2474
PF3D7_1466500.1	995	996	4375	138.374
PF3D7_1466600.1	843	844	15544	580.17
PF3D7_1466700.1	1152	1153	377	10.3002
PF3D7_1466800.1	4066	4067	93470	723.991
PF3D7_1466900.1	5568	5569	7413.06	41.9329
PF3D7_1467000.1	2706	2707	2124.48	24.7229
PF3D7_1467100.1	3947	3948	531.614	4.24184
PF3D7_1467200.1	1946	1947	8910	144.161
PF3D7_1467300.1	2351	2352	1028.79	13.7792
PF3D7_1467400.1	2053	2054	861.433	13.2116
PF3D7_1467500.1	2323	2324	1429.59	19.378
PF3D7_1467600.1	8460	8461	7955.12	29.6183
PF3D7_1467700.1	1005	1006	1390	43.5263
PF3D7_1467800.1	358	359	20	1.75497
PF3D7_1467900.1	6453	6454	33211.7	162.105
PF3D7_1468000.1	5901	5902	3441	18.3662
PF3D7_1468100.1	12210	12211	39452.5	101.779
PF3D7_1468200.1	1454	1455	16918.6	366.299
PF3D7_1468300.1	750	751	58	2.43289
PF3D7_1468400.1	3061	3062	73698.6	758.209
PF3D7_1468500.1	1398	1399	567.698	12.7831
PF3D7_1468600.1	6027	6028	4454.63	23.2795
PF3D7_1468700.1	1973	1974	21870.2	349.012
PF3D7_1468800.1	3637	3638	5081.52	44.0014
PF3D7_1468900.1	3235	3236	1264.09	12.3056
PF3D7_1469000.1	1542	1543	364.04	7.43221
PF3D7_1469100.1	1457	1458	5835.23	126.077
PF3D7_1469200.1	1871	1872	4039.01	67.968
PF3D7_1469300.1	1696	1697	2552.12	47.3756
PF3D7_1469400.1	2930	2931	4610.07	49.548
PF3D7_1469500.1	2583	2584	920.082	11.2168
PF3D7_1469600.1	11778	11779	4983.23	13.3271
PF3D7_1469700.1	1676	1677	738.909	13.8801
PF3D7_1469800.1	849	850	3032.35	112.382
PF3D7_1469900.1	1405	1406	6639.74	148.765
PF3D7_1470000.1	508	509	945	58.4856
PF3D7_1470100.1	8297	8298	1297.8	4.92685
PF3D7_1470200.1	1465	1466	2983.93	64.1193
PF3D7_1470300.1	1565	1566	2632.2	52.9495
PF3D7_1470400.1	1333	1334	2185.31	51.6051
PF3D7_1470500.1	4096	4097	11356	87.3163
PF3D7_1470600.1	2137	2138	378.669	5.5794
PF3D7_1470700.1	2838	2839	1143.04	12.6832
PF3D7_1470800.1	3631	3632	8295.25	71.948
PF3D7_1470900.1	1872	1873	1790.69	30.1174
PF3D7_1470950.1	276	277	1386	157.623
PF3D7_1471000.1	2124	2125	4291.42	63.6176
PF3D7_1471100.1	2929	2930	36274.9	390.008
PF3D7_1471200.1	3690	3691	13590.9	115.995
PF3D7_1471300.1	2283	2284	1042.14	14.3736
PF3D7_1471400.1	3118	3119	2835.96	28.643
PF3D7_1471500.1	1332	1333	7707	182.134
PF3D7_1471600.1	3953	3954	887.016	7.06692
PF3D7_1471700.1	1725	1726	564	10.2937
PF3D7_1471800.1	1192	1193	2108.96	55.688
PF3D7_1471900.1	6832	6833	3796.14	17.5011
PF3D7_1472000.1	1219	1220	1075.75	27.777
PF3D7_1472100.1	3167	3168	2326.03	23.1294
PF3D7_1472200.1	9360	9361	59383.7	199.839
PF3D7_1472300.1	1773	1774	1789	31.7681
PF3D7_1472400.1	4074	4075	6270.61	48.4749
PF3D7_1472500.1	966	967	1467	47.7902
PF3D7_1472600.1	1784	1785	5023	88.6462
PF3D7_1472700.1	2712	2713	14540.4	168.834
PF3D7_1472800.1	1690	1691	13594.9	253.26
PF3D7_1472900.1	2366	2367	9548.15	127.074
PF3D7_1473000.1	378	379	147	12.2184
PF3D7_1473100.1	2854	2855	3281.04	36.2026
PF3D7_1473200.1	3869	3870	7667.49	62.4133
PF3D7_1473300.1	2841	2842	1368.53	15.1693
PF3D7_1473400.1	4001	4002	5198.03	40.9164
PF3D7_1473500.1	3245	3246	1620.49	15.7265
PF3D7_1473600.1	1847	1848	361.096	6.15539
PF3D7_1473700.1	6598	6599	10972.6	52.38
PF3D7_1473900.1	3794	3795	5318.68	44.1496
PF3D7_1474000.1	9505	9506	25589.6	84.801
PF3D7_1474100.1	1615	1616	1621.71	31.6131
PF3D7_1474200.1	14298	14299	10492.4	23.1155
PF3D7_1474300.1	3032	3033	8870.08	92.1277
PF3D7_1474400.1	8934	8935	28178.9	99.3492
PF3D7_1474500.1	3763	3764	4755.45	39.7995
PF3D7_1474600.1	2460	2461	10406	133.201
PF3D7_1474700.1	2262	2263	2033	28.3001
PF3D7_1474800.1	1803	1804	10773.2	188.123
PF3D7_1474900.1	4233	4234	2187.19	16.2731
PF3D7_1475000.1	399	400	550	43.3149
PF3D7_1475100.1	5273	5274	2022	12.0775
PF3D7_1475200.1	2886	2887	2383	26.0023
PF3D7_1475300.1	2124	2125	366.224	5.42904
PF3D7_1475400.1	17721	17722	3158.19	5.61384
PF3D7_1475500.1	5472	5473	2630	15.1379
PF3D7_1475600.1	3603	3604	7080.28	61.8871
PF3D7_1475700.1	1560	1561	1117	22.5416
PF3D7_1475800.1	930	931	454	15.3618
PF3D7_1475900.1	2412	2413	562	7.33692
PF3D7_1476000.1	825	826	547.008	20.8617
PF3D7_1476100.1	534	535	70	4.12173
PF3D7_1476200.1	2978	2979	1812.59	19.1674
PF3D7_1476300.1	4452	4453	5555.42	39.3006
PF3D7_1476400.1	1872	1873	52787	887.818
PF3D7_1476500.1	3710	3711	6232.53	52.9064
PF3D7_1476600.1	5544	5545	8370.03	47.5511
PF3D7_1476700.1	1485	1486	5990.19	126.986
PF3D7_1476800.1	1400	1401	1479.25	33.2611
PF3D7_1476900.1	837	838	83	3.1201
PF3D7_1477000.1	3039	3040	2285.64	23.6848
PF3D7_1477100.1	1002	1003	4	0.12563
PF3D7_1477200.1	885	886	21	0.746656
PF3D7_1477300.1	2672	2673	1008.63	11.8868
PF3D7_1477400.1	1603	1604	374.114	7.34741
PF3D7_1477500.1	3687	3688	2708.98	23.1393
PF3D7_1477600.1	6871	6872	2294.75	10.5193
PF3D7_1477700.1	2151	2152	13794.9	201.934
PF3D7_1477800.1	1189	1190	6102.85	161.555
PF3D7_1477900.1	2445	2446	363	4.67504
PF3D7_1478000.1	1550	1551	16018.3	325.341
PF3D7_1478100.1	1366	1367	6949.45	160.146
PF3D7_1478200.1	675	676	71	3.30862
PF3D7_1478300.1	576	577	5	0.272979
PF3D7_1478400.1	1236	1237	353	8.98959
PF3D7_1478500.1	795	796	10	0.395751
PF3D7_1478600.1	5749	5750	13180.6	72.2108
PF3D7_1478700.1	1122	1123	30	0.841543
PF3D7_1478800.1	1541	1542	299	6.10832
PF3D7_1478900.1	3988	3989	1571.21	12.4081
PF3D7_1479000.1	3225	3226	3050.27	29.7858
PF3D7_1479100.1	633	634	51	2.53405
PF3D7_1479200.1	855	856	202.909	7.46728
PF3D7_1479300.1	834	835	2.58466	0.0975107
PF3D7_1479400.1	1080	1081	0	0
PF3D7_1479500.1	900	901	1.59584	0.0557955
PF3D7_1479600.1	1053	1054	3	0.0896635
PF3D7_1479700.1	1047	1048	1.00335	0.0301598
PF3D7_1479800.1	1035	1036	9.40775	0.286062
PF3D7_1479900.1	915	916	1.86299	0.0640692
PF3D7_1480000.1	1023	1024	11.818	0.363563
PF3D7_1480100.1	549	550	0	0
PF3D7_API00100.1	627	628	0	0
PF3D7_API00200.1	72	73	0	0
PF3D7_API00300.1	71	72	1	0.437525
PF3D7_API00450.1	85	86	9	3.2967
PF3D7_API00600.1	87	88	0	0
PF3D7_API00700.1	84	85	11	4.0767
PF3D7_API00800.1	92	93	37	12.533
PF3D7_API00900.1	76	77	9	3.68203
PF3D7_API01000.1	73	74	1	0.4257
PF3D7_API01100.1	70	71	1	0.443687
PF3D7_API01200.1	72	73	12	5.17837
PF3D7_API01300.1	573	574	4	0.219525
PF3D7_API01400.1	228	229	1	0.137562
PF3D7_API01500.1	738	739	609	25.9602
PF3D7_API01600.1	273	274	16	1.83952
PF3D7_API01700.1	645	646	148	7.21712
PF3D7_API01800.1	390	391	137	11.0377
PF3D7_API01900.1	225	226	14	1.95144
PF3D7_API02000.1	357	358	19	1.67188
PF3D7_API02100.1	387	388	0	0
PF3D7_API02200.1	507	508	23	1.42626
PF3D7_API02300.1	720	721	43	1.87875
PF3D7_API02400.1	276	277	66	7.50584
PF3D7_API02500.1	111	112	3	0.843797
PF3D7_API02600.1	399	400	376	29.6117
PF3D7_API02700.1	369	370	158	13.4521
PF3D7_API02800.1	429	430	66	4.83516
PF3D7_API02900.1	1233	1234	6762	172.622
PF3D7_API03000.1	237	238	2	0.264721
PF3D7_API03100.1	72	73	0	0
PF3D7_API03200.1	72	73	0	0
PF3D7_API03300.1	70	71	0	0
PF3D7_API03400.1	71	72	6	2.62515
PF3D7_API03500.1	390	391	90	7.25105
PF3D7_API03600.1	2304	2305	6921	94.5873
PF3D7_API03700.1	72	73	25	10.7883
PF3D7_API03800.1	240	241	329	43.0045
PF3D7_API03900.1	87	88	24	8.59139
PF3D7_API04000.1	366	367	0	0
PF3D7_API04100.1	684	685	6	0.275928
PF3D7_API04200.1	2880	2881	11	0.120278
PF3D7_API04300.1	1728	1729	20	0.364393
PF3D7_API04400.1	3075	3076	261	2.67294
PF3D7_API04500.1	306	307	1	0.102612
PF3D7_API04600.1	156	157	1	0.200648
PF3D7_API04700.1	1413	1414	92	2.04962
PF3D7_API04800.1	73	74	5	2.1285
PF3D7_API04900.1	2696	2697	27394	319.97
PF3D7_API05000.1	74	75	0	0
PF3D7_API05100.1	72	73	0	0
PF3D7_API05200.1	72	73	0	0
PF3D7_API05300.1	72	73	0	0
PF3D7_API05400.1	79	80	2	0.787544
PF3D7_API05500.1	72	73	0	0
PF3D7_API05600.1	71	72	25	10.9381
PF3D7_API05700.1	1426	1427	12877.7	284.281
PF3D7_API05800.1	72	73	5	2.15766
PF3D7_API05900.1	1423	1424	179.325	3.96703
PF3D7_API06000.1	71	72	0	0
PF3D7_API06100.1	72	73	0	0
PF3D7_API06200.1	79	80	2	0.787544
PF3D7_API06300.1	72	73	0	0
PF3D7_API06400.1	68	69	2	0.913095
PF3D7_API06500.1	71	72	0	0
PF3D7_API06600.1	75	76	5	2.07248
PF3D7_API06700.1	2692	2693	0.00963727	0.000112733
PF3D7_API06800.1	73	74	5	2.1285
PF3D7_MIT00100.1	31	32	332	326.831
PF3D7_MIT00200.1	38	39	368	297.247
PF3D7_MIT00300.1	54	55	262	150.063
PF3D7_MIT00400.1	40	41	359	275.833
PF3D7_MIT00500.1	33	34	324	300.193
PF3D7_MIT00600.1	22	23	0	0
PF3D7_MIT00700.1	37	38	1210	1003.08
PF3D7_MIT00800.1	20	21	0	0
PF3D7_MIT00900.1	107	108	2855	832.755
PF3D7_MIT01000.1	116	117	6337	1706.21
PF3D7_MIT01100.1	88	89	2721	963.105
PF3D7_MIT01200.1	31	32	153	150.618
PF3D7_MIT01300.1	100	101	3027	944.117
PF3D7_MIT01400.1	750	751	37577	1576.22
PF3D7_MIT01500.1	64	65	4101	1987.52
PF3D7_MIT01600.1	43	44	663	474.674
PF3D7_MIT01700.1	66	67	958	450.428
PF3D7_MIT01800.1	43	44	265	189.727
PF3D7_MIT01900.1	23	24	0	0
PF3D7_MIT02000.1	81	82	631	242.41
PF3D7_MIT02100.1	1527	1528	86434.5	1781.96
PF3D7_MIT02200.1	81	82	160.499	61.6587
PF3D7_MIT02300.1	1131	1132	45334	1261.57
PF3D7_MIT02400.1	54	55	0	0
PF3D7_MIT02500.1	33	34	0	0
PF3D7_MIT02600.1	75	76	4677	1938.6
PF3D7_MIT02700.1	84	85	38947	14434.1
PF3D7_MIT02800.1	58	59	905	483.205
PF3D7_MIT02900.1	52	53	1838	1092.46
PF3D7_MIT03000.1	25	26	0	0
PF3D7_MIT03100.1	30	31	0	0
PF3D7_MIT03200.1	176	177	5284	940.426
PF3D7_MIT03300.1	82	83	2619	994.014
PF3D7_MIT03400.1	57	58	3456	1877.07
PF3D7_MIT03500.1	38	39	1080	872.357
PF3D7_MIT03600.1	68	69	1080	493.071
PF3D7_MIT03700.1	61	62	860	436.96
PF3D7_MIT03800.1	39	40	1557	1226.21
PF3D7_MIT03900.1	30	31	0	0
PF3D7_MIT04000.1	195	196	94282	15153.3
PF3D7_MIT04100.1	83	84	5938	2226.88
PF3D7_MIT04200.1	94	95	7196	2386.18
