target_id	length	eff_length	est_counts	tpm
PF3D7_0100100.1	6492	6493	108.46	0.807187
PF3D7_0100200.1	996	997	164.402	7.96818
PF3D7_0100300.1	3984	3985	1	0.0121261
PF3D7_0100400.1	1119	1120	167.075	7.20846
PF3D7_0100500.1	112	113	49.7627	21.2801
PF3D7_0100600.1	1080	1081	80.2747	3.5884
PF3D7_0100700.1	204	205	13.9253	3.28246
PF3D7_0100800.1	1035	1036	12.022	0.560746
PF3D7_0100900.1	1053	1054	88.8011	4.07123
PF3D7_0101000.1	1077	1078	17.5575	0.787032
PF3D7_0101100.1	930	931	1760.76	91.3903
PF3D7_0101200.1	693	694	0	0
PF3D7_0101300.1	1232	1233	1349.57	52.8908
PF3D7_0101400.1	828	829	3.26097e-08	1.90082e-09
PF3D7_0101500.1	1647	1648	0	0
PF3D7_0101600.1	1110	1111	120.119	5.22451
PF3D7_0101700.1	1359	1360	11.4097	0.4054
PF3D7_0101800.1	870	871	3.13701	0.174039
PF3D7_0101900.1	1032	1033	1	0.0467787
PF3D7_0102000.1	759	760	0	0
PF3D7_0102100.1	846	847	2112.98	120.548
PF3D7_0102200.1	5820	5821	146907	1219.53
PF3D7_0102300.1	1583	1584	750.931	22.9083
PF3D7_0102400.1	1152	1153	66	2.76607
PF3D7_0102500.1	8166	8167	19753.7	116.878
PF3D7_0102600.1	3407	3408	5993.73	84.9856
PF3D7_0102700.1	1683	1684	2044.58	58.6692
PF3D7_0102800.1	2539	2540	146.448	2.78611
PF3D7_0102900.1	2986	2987	1379.17	22.3117
PF3D7_0103000.1	1766	1767	1706	46.6542
PF3D7_0103100.1	6217	6218	3551.6	27.6008
PF3D7_0103200.1	2303	2304	14108.3	295.897
PF3D7_0103300.1	3571	3572	2540.26	34.3648
PF3D7_0103400.1	5765	5766	55389.6	464.197
PF3D7_0103500.1	6183	6184	1070.12	8.36205
PF3D7_0103600.1	5107	5108	3947.48	37.3437
PF3D7_0103700.1	1624	1625	2530	75.2342
PF3D7_0103800.1	1623	1624	849.429	25.2749
PF3D7_0103900.1	2586	2587	1094.21	20.4386
PF3D7_0104000.1	492	493	1221	119.679
PF3D7_0104100.1	4311	4312	3108.4	34.8342
PF3D7_0104200.1	2616	2617	37733.9	696.749
PF3D7_0104300.1	12443	12444	28275.2	109.798
PF3D7_0104400.1	2897	2898	1908.55	31.8238
PF3D7_0104500.1	1245	1246	17746	688.225
PF3D7_0104600.1	4462	4463	1118	12.105
PF3D7_0104700.1	2136	2137	340	7.68816
PF3D7_0104800.1	2474	2475	1531.02	29.8919
PF3D7_0104900.1	308	309	18	2.8149
PF3D7_0105000.1	330	331	1293	188.764
PF3D7_0105100.1	1202	1203	1094	43.944
PF3D7_0105200.1	2416	2417	7342.77	146.802
PF3D7_0105300.1	1199	1200	5188.04	208.915
PF3D7_0105400.1	1202	1203	15602.7	626.731
PF3D7_0105400.2	402	403	256.933	30.808
PF3D7_0105500.1	1035	1036	1671	77.9408
PF3D7_0105600.1	4083	4084	6101.51	72.1938
PF3D7_0105700.1	10811	10812	7928.3	35.4342
PF3D7_0105800.1	4343	4344	2659.78	29.5872
PF3D7_0105900.1	2683	2684	18661.3	335.976
PF3D7_0106000.1	3512	3513	3708.67	51.0139
PF3D7_0106100.1	1904	1905	2319.9	58.8467
PF3D7_0106200.1	1338	1339	4901	176.869
PF3D7_0106300.1	5469	5470	6280.09	55.4787
PF3D7_0106400.1	926	927	5008	261.056
PF3D7_0106500.1	4654	4655	2716.72	28.2015
PF3D7_0106600.1	900	901	128	6.86489
PF3D7_0106700.1	5281	5282	3022.65	27.6527
PF3D7_0106800.1	1104	1105	2487.09	108.762
PF3D7_0106900.1	2954	2955	6387.37	104.451
PF3D7_0107000.1	1058	1059	2788	127.217
PF3D7_0107100.1	1783	1784	1194.89	32.3655
PF3D7_0107200.1	1303	1304	513	19.0103
PF3D7_0107300.1	1581	1582	214.004	6.53677
PF3D7_0107400.1	1728	1729	1960.64	54.7963
PF3D7_0107500.1	8009	8010	52507.2	316.763
PF3D7_0107600.1	5702	5703	675.203	5.7211
PF3D7_0107700.1	1341	1342	9955.55	358.477
PF3D7_0107800.1	4424	4425	2511.88	27.4305
PF3D7_0107900.1	1043	1044	1137.43	52.647
PF3D7_0108000.1	1354	1355	7033.95	250.847
PF3D7_0108100.1	2238	2239	9988	215.562
PF3D7_0108300.1	9996	9997	15257	73.7476
PF3D7_0108400.1	1800	1801	6775.68	181.797
PF3D7_0108400.2	525	526	1106.23	101.627
PF3D7_0108500.1	3323	3324	9859.31	143.329
PF3D7_0108600.1	2145	2146	53173.7	1197.33
PF3D7_0108700.1	4759	4760	4026.55	40.8765
PF3D7_0108800.1	2103	2104	8237.33	189.186
PF3D7_0108900.1	600	601	3239.75	260.486
PF3D7_0109000.1	2138	2139	10382.9	234.562
PF3D7_0109100.1	3975	3976	2528.17	30.7262
PF3D7_0109200.1	1657	1658	505.682	14.7381
PF3D7_0109300.1	1689	1690	2873.28	82.1559
PF3D7_0109400.1	1672	1673	11420.7	329.871
PF3D7_0109500.1	1298	1299	563.064	20.9458
PF3D7_0109600.1	532	533	987	89.4825
PF3D7_0109700.1	1328	1329	1739.25	63.2391
PF3D7_0109800.1	2315	2316	2342	48.8649
PF3D7_0109850.1	1983	1984	15345	373.743
PF3D7_0109950.1	750	751	2425.1	156.041
PF3D7_0110000.1	1368	1369	1743.98	61.5584
PF3D7_0110100.1	3299	3300	2004.6	29.3537
PF3D7_0110200.1	1298	1299	6915.17	257.242
PF3D7_0110300.1	275	276	0	0
PF3D7_0110400.1	1317	1318	5159.75	189.174
PF3D7_0110500.1	7101	7102	4372.05	29.7477
PF3D7_0110600.1	6149	6150	9880.5	77.634
PF3D7_0110700.1	3926	3927	2637.54	32.4554
PF3D7_0110800.1	2382	2383	650.212	13.185
PF3D7_0110900.1	1216	1217	4988.82	198.087
PF3D7_0111000.1	7049	7050	2707.89	18.5605
PF3D7_0111200.1	618	619	2524	197.037
PF3D7_0111300.1	5291	5292	3614.85	33.008
PF3D7_0111400.1	3190	3191	11280.6	170.826
PF3D7_0111500.1	2150	2151	4323.89	97.1364
PF3D7_0111600.1	1094	1095	283.001	12.4888
PF3D7_0111700.1	1207	1208	182.203	7.28849
PF3D7_0111800.1	4284	4285	1426.16	16.083
PF3D7_0111900.1	323	324	480	71.5887
PF3D7_0112000.1	1421	1422	5153	175.109
PF3D7_0112100.1	492	493	30	2.94051
PF3D7_0112200.1	8128	8129	51958.1	308.862
PF3D7_0112300.1	2149	2150	145.293	3.26554
PF3D7_0112500.1	142	143	3	1.01376
PF3D7_0112700.1	4104	4105	13189.9	155.266
PF3D7_0112800.1	1790	1791	246.848	6.66013
PF3D7_0112900.1	4119	4120	1823.71	21.3898
PF3D7_0113000.1	3449	3450	62833.1	880.072
PF3D7_0113100.1	5242	5243	476.432	4.39106
PF3D7_0113200.1	2777	2778	2477.21	43.0903
PF3D7_0113300.1	2939	2940	508.118	8.35152
PF3D7_0113400.1	1981	1982	933.212	22.7523
PF3D7_0113600.1	5682	5683	512.966	4.36174
PF3D7_0113700.1	2777	2778	11359.7	197.598
PF3D7_0113800.1	9491	9492	4764.11	24.2534
PF3D7_0113900.1	1189	1190	385	15.6337
PF3D7_0114000.1	5628	5629	9554.36	82.0198
PF3D7_0114100.1	1331	1332	410.032	14.8752
PF3D7_0114200.1	1044	1045	158	7.30616
PF3D7_0114300.1	960	961	237	11.9172
PF3D7_0114400.1	1380	1381	15	0.524863
PF3D7_0114500.1	1072	1073	270.317	12.1737
PF3D7_0114600.1	939	940	21	1.07954
PF3D7_0114700.1	972	973	7	0.347643
PF3D7_0114750.1	177	178	0	0
PF3D7_0114800.1	633	634	11	0.838401
PF3D7_0114900.1	636	637	82	6.22046
PF3D7_0115000.1	5778	5779	63.7968	0.533451
PF3D7_0115050.1	146	147	12.8508	4.22438
PF3D7_0115100.1	882	883	212.17	11.6111
PF3D7_0115150.1	606	607	7	0.55726
PF3D7_0115200.1	1107	1108	0	0
PF3D7_0115300.1	1011	1012	2	0.0954988
PF3D7_0115400.1	906	907	37.8787	2.01807
PF3D7_0115500.1	1299	1300	0	0
PF3D7_0115600.1	1140	1141	165.801	7.02183
PF3D7_0115700.1	6612	6613	52.0025	0.379992
PF3D7_0200100.1	5136	5137	61.7542	0.580905
PF3D7_0200200.1	1005	1006	24.5897	1.18114
PF3D7_0200300.1	1323	1324	1.128	0.0411688
PF3D7_0200400.1	915	916	0	0
PF3D7_0200500.1	1113	1114	0	0
PF3D7_0200600.1	1128	1129	20	0.856021
PF3D7_0200700.1	993	994	12.2028	0.593226
PF3D7_0200800.1	1212	1213	0	0
PF3D7_0200900.1	894	895	5.05272	0.272804
PF3D7_0201000.1	939	940	1.05917	0.0544486
PF3D7_0201100.1	213	214	0	0
PF3D7_0201200.1	1071	1072	2.00078	0.0901889
PF3D7_0201300.1	918	919	19	0.999048
PF3D7_0201400.1	471	472	16	1.63805
PF3D7_0201500.1	4369	4370	8803.28	97.3444
PF3D7_0201600.1	2624	2625	1951.63	35.9267
PF3D7_0201700.1	3915	3916	1196.54	14.765
PF3D7_0201800.1	2366	2367	5308	108.363
PF3D7_0201900.1	9758	9759	7463.23	36.9547
PF3D7_0202000.1	4079	4080	67546.8	800.006
PF3D7_0202100.1	3334	3335	8011.07	116.076
PF3D7_0202200.1	2984	2985	612.62	9.91735
PF3D7_0202300.1	1216	1217	384.315	15.2597
PF3D7_0202400.1	6256	6257	22237.1	171.736
PF3D7_0202500.1	1887	1888	74222.5	1899.69
PF3D7_0202600.1	4798	4799	1135.12	11.4298
PF3D7_0202600.2	4023	4024	854.559	10.262
PF3D7_0202700.1	2837	2838	730.161	12.4324
PF3D7_0202800.1	3628	3629	3544.75	47.2005
PF3D7_0202900.1	1244	1245	641.77	24.9091
PF3D7_0203000.1	7247	7248	8067.82	53.7881
PF3D7_0203100.1	8383	8384	12405.4	71.5002
PF3D7_0203200.1	1955	1956	418.115	10.3294
PF3D7_0203300.1	1058	1059	3242.22	147.943
PF3D7_0203400.1	1814	1815	17101.2	455.301
PF3D7_0203500.1	72	73	26	17.2107
PF3D7_0203600.1	2648	2649	1487.42	27.1332
PF3D7_0203700.1	2053	2054	4588.92	107.959
PF3D7_0203800.1	2199	2200	1447.21	31.7875
PF3D7_0203900.1	2368	2369	1374	28.0266
PF3D7_0204000.1	2809	2810	6175.09	106.19
PF3D7_0204100.1	8129	8130	11282.9	67.0621
PF3D7_0204200.1	943	944	48103	2462.34
PF3D7_0204300.1	2880	2881	1440.66	24.1639
PF3D7_0204400.1	390	391	0	0
PF3D7_0204500.1	1261	1262	16816	643.89
PF3D7_0204600.1	4566	4567	2118.69	22.4174
PF3D7_0204700.1	2642	2643	62891	1149.85
PF3D7_0204800.1	1881	1882	1457.67	37.4273
PF3D7_0204900.1	1354	1355	7885	281.197
PF3D7_0205000.1	2043	2044	1814.19	42.8894
PF3D7_0205100.1	2613	2614	722.107	13.3489
PF3D7_0205200.1	591	592	132	10.7746
PF3D7_0205300.1	1851	1852	577	15.0551
PF3D7_0205400.1	2395	2396	4741.52	95.6267
PF3D7_0205500.1	942	943	76.4897	3.91958
PF3D7_0205600.1	2828	2829	819.006	13.9895
PF3D7_0205700.1	987	988	8360.2	408.892
PF3D7_0205700.2	669	670	299.252	21.583
PF3D7_0205800.1	892	893	7064	382.25
PF3D7_0205900.1	3985	3986	39673.3	480.961
PF3D7_0206000.1	5459	5460	3583.46	31.7145
PF3D7_0206100.1	3277	3278	5154.46	75.9841
PF3D7_0206200.1	2642	2643	4695.53	85.849
PF3D7_0206300.1	9201	9202	9428.64	49.5125
PF3D7_0206500.1	5277	5278	2067.48	18.9287
PF3D7_0206600.1	2239	2240	2680.19	57.8183
PF3D7_0206700.1	3338	3339	858.494	12.4242
PF3D7_0206800.1	3342	3343	16202	234.197
PF3D7_0206900.1	1631	1632	66822.1	1978.56
PF3D7_0206900.2	1515	1516	645.417	20.5726
PF3D7_0207000.1	2390	2391	17237.3	348.368
PF3D7_0207100.1	6221	6222	21961.3	170.559
PF3D7_0207200.1	1519	1520	6595.76	209.686
PF3D7_0207300.1	2040	2041	70	1.65731
PF3D7_0207400.1	3582	3583	6783.86	91.4909
PF3D7_0207500.1	3869	3870	25237.5	315.125
PF3D7_0207600.1	3527	3528	62696.9	858.747
PF3D7_0207700.1	3301	3302	3049.08	44.621
PF3D7_0207800.1	3455	3456	5401.85	75.5295
PF3D7_0207900.1	3734	3735	1195.47	15.4666
PF3D7_0208000.1	3661	3662	12671.4	167.207
PF3D7_0208100.1	6090	6091	28855.6	228.924
PF3D7_0208200.1	1580	1581	1747	53.3961
PF3D7_0208300.1	5914	5915	3635.5	29.7001
PF3D7_0208400.1	9059	9060	8533.84	45.5161
PF3D7_0208500.1	2015	2016	4515.42	108.232
PF3D7_0208600.1	2108	2109	11146	255.381
PF3D7_0208700.1	995	996	12887.1	625.238
PF3D7_0208800.1	2003	2004	10967	264.447
PF3D7_0208900.1	7527	7528	316	2.02841
PF3D7_0209000.1	10806	10807	1101.21	4.92396
PF3D7_0209100.1	3035	3036	1240.52	19.7447
PF3D7_0209200.1	1469	1470	1944	63.9039
PF3D7_0209300.1	1151	1152	4597	192.828
PF3D7_0209400.1	2057	2058	1700.15	39.9199
PF3D7_0209500.1	1650	1651	2601.01	76.1278
PF3D7_0209600.1	4208	4209	3804.63	43.6799
PF3D7_0209700.1	2678	2679	1929.01	34.7945
PF3D7_0209800.1	2911	2912	2502.47	41.5265
PF3D7_0209900.1	539	540	160.186	14.3344
PF3D7_0210000.1	1217	1218	3833.22	152.077
PF3D7_0210100.1	1251	1252	15073	581.759
PF3D7_0210100.2	108	109	1.01546	0.45018
PF3D7_0210200.1	8821	8822	9823.27	53.8068
PF3D7_0210300.1	2325	2326	513.465	10.6672
PF3D7_0210400.1	1061	1062	3299.36	150.125
PF3D7_0210500.1	4451	4452	5181	56.235
PF3D7_0210600.1	1811	1812	314333	8382.63
PF3D7_0210700.1	1189	1190	1430	58.0681
PF3D7_0210800.1	2367	2368	575.665	11.7472
PF3D7_0210900.1	2190	2191	827	18.2394
PF3D7_0211000.1	785	786	115	7.07007
PF3D7_0211100.1	3842	3843	815.249	10.2511
PF3D7_0211200.1	1636	1637	725.044	21.4025
PF3D7_0211300.1	1133	1134	1584	67.4979
PF3D7_0211400.1	1378	1379	798	27.9632
PF3D7_0211500.1	4206	4207	3436.02	39.4668
PF3D7_0211600.1	837	838	4876	281.169
PF3D7_0211700.1	4760	4761	2571.08	26.0955
PF3D7_0211800.1	2510	2511	5475.6	105.374
PF3D7_0211900.1	2321	2322	22349.1	465.101
PF3D7_0212000.1	1775	1776	32687.7	889.386
PF3D7_0212100.1	6381	6382	8729	66.0931
PF3D7_0212200.1	1907	1908	364.401	9.22889
PF3D7_0212300.1	3059	3060	7616.12	120.271
PF3D7_0212400.1	13149	13150	9146.63	33.6112
PF3D7_0212500.1	12856	12857	14935.3	56.1336
PF3D7_0212600.1	1751	1752	49069	1353.38
PF3D7_0212700.1	1598	1599	783.448	23.6761
PF3D7_0212800.1	5537	5538	2795.28	24.3905
PF3D7_0212900.1	2657	2658	1327.32	24.1307
PF3D7_0213000.1	2287	2288	2952.07	62.3475
PF3D7_0213100.1	2165	2166	12618.8	281.52
PF3D7_0213200.1	1077	1078	7790.24	349.205
PF3D7_0213300.1	798	799	464.31	28.0808
PF3D7_0213400.1	2440	2441	1806.19	35.7555
PF3D7_0213500.1	1807	1808	1134	30.3084
PF3D7_0213600.1	7257	7258	2688	17.8962
PF3D7_0213700.1	1293	1294	177.569	6.63103
PF3D7_0213800.1	2010	2011	273	6.55992
PF3D7_0213900.1	4524	4525	808.599	8.63501
PF3D7_0214000.1	2705	2706	9018.83	161.054
PF3D7_0214100.1	5277	5278	3620.4	33.1463
PF3D7_0214200.1	1363	1364	43.0133	1.52383
PF3D7_0214300.1	9270	9271	2152.2	11.2177
PF3D7_0214400.1	2497	2498	1271.36	24.5937
PF3D7_0214500.1	1643	1644	1128.08	33.1578
PF3D7_0214600.1	6526	6527	36774.6	272.259
PF3D7_0214700.1	1338	1339	8147.3	294.023
PF3D7_0214800.1	6448	6449	9070.4	67.9645
PF3D7_0214900.1	4488	4489	15126.4	162.83
PF3D7_0215000.1	5880	5881	7974.53	65.5243
PF3D7_0215100.1	2039	2040	1851.84	43.8654
PF3D7_0215200.1	2629	2630	615.905	11.3164
PF3D7_0215300.1	4591	4592	4618.13	48.5973
PF3D7_0215400.1	4979	4980	8638.51	83.8219
PF3D7_0215500.1	3565	3566	1443.4	19.5593
PF3D7_0215600.1	2096	2097	4003.07	92.2451
PF3D7_0215700.1	4959	4960	1922.73	18.732
PF3D7_0215800.1	3222	3223	4594.58	68.8864
PF3D7_0215900.1	783	784	372	22.9285
PF3D7_0216000.1	6965	6966	1887.14	13.0909
PF3D7_0216100.1	3728	3729	759.841	9.84642
PF3D7_0216200.1	1141	1142	2808.92	118.856
PF3D7_0216300.1	4886	4887	1307.18	12.9253
PF3D7_0216400.1	2643	2644	5031.26	91.9525
PF3D7_0216500.1	6691	6692	23519.5	169.833
PF3D7_0216600.1	3908	3909	1293.19	15.9862
PF3D7_0216700.1	5126	5127	19202.7	180.987
PF3D7_0216700.2	4134	4135	3066.18	35.832
PF3D7_0216800.1	3717	3718	5893.63	76.5988
PF3D7_0216900.1	1650	1651	356	10.4196
PF3D7_0217000.1	3236	3237	738.08	11.0182
PF3D7_0217100.1	2463	2464	33029.1	647.746
PF3D7_0217200.1	6134	6135	652.173	5.13685
PF3D7_0217300.1	615	616	179.455	14.0774
PF3D7_0217400.1	1808	1809	2308	61.6518
PF3D7_0217500.1	3702	3703	29701	387.584
PF3D7_0217600.1	6404	6405	5606.07	42.2948
PF3D7_0217700.1	1643	1644	588.433	17.2959
PF3D7_0217800.1	1005	1006	15060.6	723.425
PF3D7_0217900.1	3160	3161	31087.7	475.239
PF3D7_0218000.1	1704	1705	4384.19	124.255
PF3D7_0218100.1	1514	1515	40321	1286.08
PF3D7_0218200.1	4072	4073	1733.71	20.5688
PF3D7_0218300.1	1549	1550	12628.5	393.703
PF3D7_0218400.1	2024	2025	3336	79.6066
PF3D7_0218500.1	2328	2329	2784.82	57.7798
PF3D7_0218600.1	8372	8373	6172.74	35.6242
PF3D7_0218700.1	2425	2426	2320.12	46.2135
PF3D7_0218800.1	626	627	4123.27	317.777
PF3D7_0218900.1	160	161	5	1.50069
PF3D7_0219000.1	82	83	215	125.172
PF3D7_0219100.1	1933	1934	2846.08	71.1115
PF3D7_0219200.1	1224	1225	1327.03	52.3469
PF3D7_0219300.1	1021	1022	267.683	12.6567
PF3D7_0219400.1	1476	1477	6051.16	197.973
PF3D7_0219500.1	1840	1841	11447.9	300.483
PF3D7_0219600.1	3629	3630	1656.19	22.0471
PF3D7_0219700.1	1429	1430	2869	96.9489
PF3D7_0219800.1	4046	4047	1880.27	22.451
PF3D7_0219900.1	1818	1819	1201.45	31.9169
PF3D7_0220000.1	6846	6847	37431.7	264.172
PF3D7_0220100.1	4200	4201	2050.35	23.5843
PF3D7_0220200.1	3378	3379	5031.73	71.9577
PF3D7_0220300.1	2773	2774	2400.11	41.8093
PF3D7_0220400.1	2010	2011	188	4.51746
PF3D7_0220500.1	2072	2073	1707.8	39.8094
PF3D7_0220600.1	2774	2775	3069.27	53.4466
PF3D7_0220700.1	1783	1784	19702.9	533.683
PF3D7_0220800.1	5124	5125	18556	174.96
PF3D7_0220900.1	609	610	30	2.37651
PF3D7_0221000.1	909	910	0	0
PF3D7_0221100.1	783	784	167	10.2932
PF3D7_0221200.1	2557	2558	543	10.2576
PF3D7_0221300.1	1104	1105	30	1.31192
PF3D7_0221400.1	924	925	23	1.20153
PF3D7_0221500.1	678	679	178.08	12.6734
PF3D7_0221600.1	621	622	5	0.388444
PF3D7_0221650.1	663	664	8	0.582197
PF3D7_0221700.1	2760	2761	164.769	2.88376
PF3D7_0221800.1	1961	1962	104.085	2.56353
PF3D7_0221900.1	1257	1258	2.2873	0.0878601
PF3D7_0222000.1	849	850	4.73217	0.269023
PF3D7_0222100.1	1236	1237	959.259	37.4726
PF3D7_0222200.1	693	694	0	0
PF3D7_0222300.1	861	862	0	0
PF3D7_0222400.1	1080	1081	34.6974	1.55103
PF3D7_0222500.1	951	952	0	0
PF3D7_0222600.1	1107	1108	0	0
PF3D7_0222700.1	1047	1048	0	0
PF3D7_0222800.1	915	916	0	0
PF3D7_0222900.1	1356	1357	1.6843	0.0599776
PF3D7_0223100.1	993	994	4.06717	0.197721
PF3D7_0223200.1	1038	1039	0	0
PF3D7_0223300.1	1296	1297	2.33535	0.0870083
PF3D7_0223400.1	984	985	48.6595	2.38715
PF3D7_0223500.1	6534	6535	430.381	3.18241
PF3D7_0300100.1	6630	6631	218.047	1.58899
PF3D7_0300200.1	981	982	107.509	5.29029
PF3D7_0300300.1	1377	1378	0	0
PF3D7_0300400.1	891	892	1.51971	0.0823276
PF3D7_0300500.1	1080	1081	17.5727	0.785528
PF3D7_0300600.1	213	214	2.26867	0.512278
PF3D7_0300700.1	1107	1108	5	0.218061
PF3D7_0300800.1	966	967	11.5467	0.577006
PF3D7_0300900.1	788	789	49	3.00101
PF3D7_0301000.1	2460	2461	37.399	0.734339
PF3D7_0301100.1	771	772	24	1.50225
PF3D7_0301200.1	2764	2765	775.104	13.5461
PF3D7_0301300.1	2161	2162	634	14.1704
PF3D7_0301400.1	1295	1296	8402	313.275
PF3D7_0301500.1	3315	3316	616.017	8.97689
PF3D7_0301600.1	2939	2940	3273.39	53.802
PF3D7_0301700.1	3514	3515	15928.5	218.977
PF3D7_0301800.1	2448	2449	2064.98	40.745
PF3D7_0301900.1	2068	2069	665.041	15.5323
PF3D7_0302000.1	2571	2572	580	10.897
PF3D7_0302100.1	6706	6707	5999.32	43.2237
PF3D7_0302200.1	4800	4801	83157.8	836.989
PF3D7_0302300.1	4173	4174	133	1.53974
PF3D7_0302400.1	1171	1172	889	36.6541
PF3D7_0302500.1	5711	5712	506033	4280.94
PF3D7_0302600.1	4821	4822	4313.98	43.2313
PF3D7_0302700.1	993	994	934.612	45.4353
PF3D7_0302800.1	2625	2626	213.196	3.92314
PF3D7_0302900.1	6002	6003	4104.5	33.04
PF3D7_0303000.1	2426	2427	648	12.9019
PF3D7_0303100.1	6601	6602	4927.62	36.067
PF3D7_0303200.1	4918	4919	63129.5	620.16
PF3D7_0303300.1	2101	2102	1916.49	44.0576
PF3D7_0303400.1	3451	3452	1487	20.8156
PF3D7_0303500.1	7158	7159	4801.02	32.4063
PF3D7_0303600.1	1135	1136	111.063	4.72432
PF3D7_0303700.1	1905	1906	2071.11	52.5084
PF3D7_0303800.1	2994	2995	934.358	15.0753
PF3D7_0303900.1	757	758	109.011	6.94943
PF3D7_0304000.1	2586	2587	783	14.6256
PF3D7_0304100.1	3078	3079	10412.1	163.409
PF3D7_0304200.1	2349	2350	31482	647.356
PF3D7_0304300.1	5052	5053	1042.02	9.96497
PF3D7_0304400.1	1700	1701	11603.3	329.63
PF3D7_0304500.1	1326	1327	7187.25	261.722
PF3D7_0304600.1	2034	2035	1391	33.0302
PF3D7_0304700.1	1419	1420	700	23.8209
PF3D7_0304800.1	4734	4735	13790.9	140.742
PF3D7_0304900.1	1299	1300	2190.45	81.4214
PF3D7_0305000.1	1737	1738	10753	298.969
PF3D7_0305100.1	11937	11938	5264.86	21.311
PF3D7_0305200.1	4991	4992	7623.8	73.7981
PF3D7_0305300.1	4039	4040	9735.3	116.444
PF3D7_0305400.1	1098	1099	1017.09	44.7209
PF3D7_0305500.1	12811	12812	12573.5	47.4228
PF3D7_0305600.1	3382	3383	4033.37	57.6122
PF3D7_0305700.1	1374	1375	8818.98	309.93
PF3D7_0305800.1	3345	3346	701	10.1237
PF3D7_0305900.1	864	865	916.335	51.1902
PF3D7_0306000.1	1105	1106	225	9.8305
PF3D7_0306100.1	3154	3155	1355.47	20.7605
PF3D7_0306200.1	2534	2535	2154.93	41.0775
PF3D7_0306300.1	2556	2557	9289.2	175.548
PF3D7_0306400.1	3391	3392	801.805	11.4225
PF3D7_0306500.1	1735	1736	238.936	6.65088
PF3D7_0306600.1	923	924	488.321	25.5377
PF3D7_0306700.1	1854	1855	2499.59	65.1137
PF3D7_0306800.1	2423	2424	57008.9	1136.47
PF3D7_0306900.1	2195	2196	14697.4	323.412
PF3D7_0307000.1	160	161	25	7.50347
PF3D7_0307100.1	1166	1167	6411.49	265.483
PF3D7_0307200.1	1635	1636	39327	1161.6
PF3D7_0307300.1	1533	1534	819	25.7992
PF3D7_0307400.1	1588	1589	30691	933.331
PF3D7_0307500.1	2075	2076	2885.47	67.1642
PF3D7_0307600.1	2775	2776	2802.37	48.7813
PF3D7_0307700.1	6642	6643	11276.9	82.0305
PF3D7_0307800.1	3717	3718	4577.17	59.4889
PF3D7_0307900.1	12097	12098	5772.18	23.0555
PF3D7_0308000.1	2516	2517	42314.4	812.369
PF3D7_0308100.1	6070	6071	8145.06	64.831
PF3D7_0308200.1	3236	3237	13577.6	202.688
PF3D7_0308300.1	1772	1773	3431.24	93.5169
PF3D7_0308400.1	119	120	125	50.3358
PF3D7_0308500.1	1440	1441	9437.69	316.483
PF3D7_0308600.1	2979	2980	7025.47	113.922
PF3D7_0308700.1	2232	2233	23877.4	516.71
PF3D7_0308800.1	938	939	103.002	5.30065
PF3D7_0308900.1	4826	4827	3550.82	35.5467
PF3D7_0309000.1	2659	2660	259.664	4.71714
PF3D7_0309100.1	844	845	344.362	19.6928
PF3D7_0309200.1	6962	6963	7318.18	50.7873
PF3D7_0309300.1	3836	3837	212.016	2.67009
PF3D7_0309400.1	119	120	1	0.402686
PF3D7_0309500.1	3297	3298	6540.11	95.8258
PF3D7_0309600.1	1767	1768	47646.7	1302.26
PF3D7_0309700.1	1827	1828	1270	33.5719
PF3D7_0309800.1	1699	1700	1786.23	50.7735
PF3D7_0309900.1	5352	5353	6708	60.5542
PF3D7_0310000.1	1236	1237	12006.7	469.033
PF3D7_0310100.1	1689	1690	774	22.1311
PF3D7_0310200.1	14855	14856	28639.7	93.1569
PF3D7_0310300.1	5411	5412	2198.97	19.6341
PF3D7_0310400.1	4085	4086	34961.1	413.461
PF3D7_0310500.1	7935	7936	6689.4	40.7318
PF3D7_0310600.1	1540	1541	1239.01	38.8527
PF3D7_0310700.1	1014	1015	3725.64	177.371
PF3D7_0310800.1	535	536	46.4081	4.18386
PF3D7_0310900.1	2813	2814	525.029	9.01586
PF3D7_0311000.1	618	619	64	4.99617
PF3D7_0311100.1	2704	2705	3502.24	62.5643
PF3D7_0311200.1	5341	5342	9892.06	89.481
PF3D7_0311300.1	5901	5902	8281.78	67.8068
PF3D7_0311400.1	8499	8500	2733.64	15.5407
PF3D7_0311500.1	1482	1483	178.396	5.81288
PF3D7_0311600.1	2918	2919	2607.02	43.1577
PF3D7_0311700.1	1386	1387	1046	36.4421
PF3D7_0311800.1	2404	2405	18342	368.535
PF3D7_0311900.1	2562	2563	149.663	2.82172
PF3D7_0312000.1	676	677	704.881	50.3125
PF3D7_0312100.1	3811	3812	5565.91	70.5557
PF3D7_0312200.1	4076	4077	1220.49	14.4658
PF3D7_0312300.1	1175	1176	11444.7	470.266
PF3D7_0312400.1	4102	4103	12256.5	144.349
PF3D7_0312500.1	2710	2711	582.7	10.3864
PF3D7_0312600.1	77	78	234	144.967
PF3D7_0312700.1	76	77	24	15.0615
PF3D7_0312800.1	1256	1257	119093	4578.23
PF3D7_0312900.1	927	928	1400	72.9001
PF3D7_0313000.1	1330	1331	1226.7	44.5356
PF3D7_0313100.1	3298	3299	10527.3	154.2
PF3D7_0313200.1	933	934	704.825	36.4655
PF3D7_0313300.1	597	598	1542	124.604
PF3D7_0313400.1	2912	2913	1598.01	26.5086
PF3D7_0313500.1	3279	3280	560.633	8.25948
PF3D7_0313600.1	2587	2588	3002.95	56.0702
PF3D7_0313700.1	1701	1702	27029.9	767.421
PF3D7_0313800.1	3322	3323	77760.8	1130.78
PF3D7_0313900.1	3291	3292	960.895	14.1047
PF3D7_0314000.1	1307	1308	3563.27	131.64
PF3D7_0314100.1	1516	1517	890.32	28.3602
PF3D7_0314100.2	213	214	468.94	105.889
PF3D7_0314200.1	4720	4721	1750.28	17.9153
PF3D7_0314300.1	1844	1845	1447.24	37.9047
PF3D7_0314400.1	2581	2582	360.679	6.75015
PF3D7_0314500.1	3654	3655	1959.07	25.9007
PF3D7_0314600.1	2245	2246	1303.06	28.0352
PF3D7_0314700.1	5805	5806	362.454	3.01665
PF3D7_0314800.1	3726	3727	3928.18	50.9307
PF3D7_0314900.1	2401	2402	3166.77	63.7077
PF3D7_0315000.1	1003	1004	3473	167.155
PF3D7_0315100.1	1827	1828	357.253	9.44381
PF3D7_0315200.1	6345	6346	379	2.88594
PF3D7_0315300.1	5304	5305	2549.35	23.2216
PF3D7_0315400.1	1480	1481	4839.47	157.903
PF3D7_0315500.1	1551	1552	1068.12	33.2565
PF3D7_0315600.1	2594	2595	490.003	9.12451
PF3D7_0315700.1	2811	2812	1900	32.6503
PF3D7_0315800.1	1769	1770	113	3.08499
PF3D7_0315900.1	834	835	479	27.7203
PF3D7_0316000.1	2260	2261	7428.9	158.771
PF3D7_0316100.1	2311	2312	3537.27	73.9314
PF3D7_0316200.1	7547	7548	5134.08	32.8684
PF3D7_0316300.1	1480	1481	621.773	20.2873
PF3D7_0316300.2	1296	1297	74155.1	2762.8
PF3D7_0316400.1	3610	3611	2632	35.2214
PF3D7_0316500.1	3397	3398	1342.83	19.0962
PF3D7_0316600.1	3365	3366	11638.4	167.082
PF3D7_0316700.1	2282	2283	2851.73	60.3603
PF3D7_0316800.1	1916	1917	23156.2	583.705
PF3D7_0316900.1	2808	2809	3776.33	64.9631
PF3D7_0317000.1	2065	2066	753.422	17.622
PF3D7_0317100.1	2910	2911	160	2.65599
PF3D7_0317200.1	7170	7171	21183.4	142.746
PF3D7_0317300.1	11642	11643	11815.8	49.0396
PF3D7_0317400.1	1880	1881	1782	45.7791
PF3D7_0317500.1	5699	5700	4208	35.6738
PF3D7_0317600.1	1302	1303	6007	222.772
PF3D7_0317700.1	9410	9411	4785.56	24.5723
PF3D7_0317800.1	1596	1597	1601.48	48.4579
PF3D7_0317900.1	2626	2627	1601.81	29.4644
PF3D7_0318000.1	609	610	350	27.726
PF3D7_0318100.1	1322	1323	7482.18	273.286
PF3D7_0318200.1	9211	9212	4502.54	23.6185
PF3D7_0318300.1	4042	4043	3473.58	41.5167
PF3D7_0318400.1	1776	1777	348	9.46324
PF3D7_0318500.1	15982	15983	8762.5	26.4922
PF3D7_0318600.1	4425	4426	2087.64	22.7925
PF3D7_0318700.1	1067	1068	19267.1	871.753
PF3D7_0318800.1	1631	1632	224.317	6.64187
PF3D7_0318900.1	2466	2467	2387.34	46.762
PF3D7_0319000.1	7351	7352	5667.62	37.2515
PF3D7_0319100.1	1886	1887	2686.19	68.788
PF3D7_0319200.1	3220	3221	3384.55	50.776
PF3D7_0319300.1	1260	1261	442	16.9377
PF3D7_0319400.1	5811	5812	8316.29	69.1436
PF3D7_0319500.1	1962	1963	4459	109.765
PF3D7_0319600.1	1643	1644	2806.37	82.4881
PF3D7_0319700.1	10359	10360	5936.82	27.6912
PF3D7_0319800.1	1434	1435	1584.8	53.3668
PF3D7_0319900.1	1758	1759	3192.89	87.7134
PF3D7_0320000.1	839	840	26154	1504.55
PF3D7_0320100.1	1711	1712	5230.54	147.636
PF3D7_0320200.1	1982	1983	571.9	13.9362
PF3D7_0320300.1	3262	3263	1068.41	15.8223
PF3D7_0320400.1	9258	9259	213	1.11164
PF3D7_0320500.1	2556	2557	4869.98	92.0331
PF3D7_0320600.1	1256	1257	1704.96	65.5433
PF3D7_0320700.1	1243	1244	88582.3	3440.92
PF3D7_0320800.1	2615	2616	3368.73	62.2266
PF3D7_0320900.1	1767	1768	10969.6	299.816
PF3D7_0321000.1	2083	2084	3204.34	74.3001
PF3D7_0321100.1	6515	6516	30789.9	228.336
PF3D7_0321200.1	1973	1974	4057.15	99.3166
PF3D7_0321300.1	3470	3471	1898.66	26.4326
PF3D7_0321400.1	1680	1681	8357.33	240.242
PF3D7_0321500.1	4148	4149	1786.49	20.8068
PF3D7_0321600.1	2947	2948	4013.24	65.7833
PF3D7_0321700.1	7038	7039	8444.79	57.973
PF3D7_0321800.1	9419	9420	8730.03	44.783
PF3D7_0321900.1	5726	5727	4209.78	35.5206
PF3D7_0322000.1	1517	1518	30060.8	956.924
PF3D7_0322100.1	2713	2714	5209.23	92.7496
PF3D7_0322200.1	2262	2263	507.599	10.8389
PF3D7_0322300.1	4559	4560	3852.8	40.8281
PF3D7_0322400.1	3383	3384	7228.87	103.226
PF3D7_0322500.1	1557	1558	2401.01	74.4688
PF3D7_0322600.1	4044	4045	696	8.31455
PF3D7_0322700.1	10286	10287	4157.9	19.5314
PF3D7_0322800.1	546	547	339	29.9475
PF3D7_0322900.1	1697	1698	92368.8	2628.67
PF3D7_0323000.1	1513	1514	5559.5	177.443
PF3D7_0323100.1	6329	6330	3976.39	30.3552
PF3D7_0323200.1	1675	1676	9447.36	272.386
PF3D7_0323300.1	1302	1303	250	9.27137
PF3D7_0323400.1	4147	4148	7163.27	83.4489
PF3D7_0323500.1	1811	1812	17556	468.182
PF3D7_0323600.1	2717	2718	1430.75	25.4368
PF3D7_0323700.1	3345	3346	2932.38	42.3489
PF3D7_0323800.1	6075	6076	1547.94	12.3108
PF3D7_0323900.1	1392	1393	2.44454	0.0847998
PF3D7_0324000.1	849	850	4.73217	0.269023
PF3D7_0324100.1	1253	1254	259.327	9.99305
PF3D7_0324200.1	1174	1175	147.039	6.04704
PF3D7_0324300.1	930	931	1760.76	91.3903
PF3D7_0324400.1	1050	1051	8.53424	0.392383
PF3D7_0324500.1	954	955	0	0
PF3D7_0324600.1	906	907	0	0
PF3D7_0324700.1	1380	1381	0	0
PF3D7_0324800.1	1116	1117	150.443	6.50828
PF3D7_0324900.1	6510	6511	124.109	0.921097
PF3D7_0400100.1	7941	7942	196.522	1.19572
PF3D7_0400200.1	1200	1201	145.296	5.84602
PF3D7_0400300.1	1113	1114	115.911	5.02791
PF3D7_0400400.1	10404	10405	73.4463	0.341096
PF3D7_0400500.1	1149	1150	0	0
PF3D7_0400600.1	79	80	4.2944	2.59394
PF3D7_0400700.1	1143	1144	57.5052	2.42901
PF3D7_0400800.1	870	871	1	0.0554792
PF3D7_0400900.1	990	991	60.4823	2.94919
PF3D7_0401000.1	930	931	0	0
PF3D7_0401100.1	213	214	2.26867	0.512278
PF3D7_0401200.1	1104	1105	8.7439	0.382376
PF3D7_0401300.1	1128	1129	50	2.14005
PF3D7_0401400.1	990	991	544.005	26.5264
PF3D7_0401500.1	933	934	189.932	9.8265
PF3D7_0401600.1	1514	1515	38520.9	1228.66
PF3D7_0401600.2	1041	1042	2167.09	100.498
PF3D7_0401700.1	1332	1333	361	13.0866
PF3D7_0401800.1	2889	2890	2131.02	35.6318
PF3D7_0401900.1	3306	3307	744.269	10.8754
PF3D7_0402000.1	3128	3129	5246.18	81.0188
PF3D7_0402100.1	2632	2633	9381.86	172.182
PF3D7_0402200.1	6660	6661	10599.9	76.8972
PF3D7_0402300.1	10074	10075	36582.9	175.461
PF3D7_0402400.1	2353	2354	18577	381.345
PF3D7_0402500.1	990	991	49	2.3893
PF3D7_0402600.1	906	907	9	0.479494
PF3D7_0402700.1	996	997	44	2.13258
PF3D7_0402800.1	4323	4324	11	0.122929
PF3D7_0402900.1	1076	1077	177.037	7.9432
PF3D7_0403000.1	74	75	5	3.22149
PF3D7_0403100.1	2358	2359	1162.29	23.8086
PF3D7_0403200.1	3269	3270	5613.27	82.95
PF3D7_0403300.1	801	802	1009.3	60.8128
PF3D7_0403400.1	12401	12402	3367.67	13.1216
PF3D7_0403500.1	1717	1718	822.353	23.1304
PF3D7_0403600.1	3435	3436	1674.9	23.5551
PF3D7_0403700.1	3140	3141	15952.8	245.425
PF3D7_0403800.1	6355	6356	5028.3	38.2284
PF3D7_0403900.1	4170	4171	5431.82	62.9293
PF3D7_0404000.1	1234	1235	44114	1726.07
PF3D7_0404100.1	6816	6817	1748	12.3907
PF3D7_0404200.1	1231	1232	476.185	18.6772
PF3D7_0404300.1	2615	2616	22513.9	415.873
PF3D7_0404400.1	1140	1141	328	13.8911
PF3D7_0404500.1	1437	1438	462	15.525
PF3D7_0404600.1	15301	15302	6061.92	19.143
PF3D7_0404700.1	3694	3695	58258.4	761.89
PF3D7_0404800.1	2280	2281	3534.45	74.8763
PF3D7_0404900.1	2348	2349	4361.47	89.7218
PF3D7_0405000.1	2148	2149	5543.84	124.659
PF3D7_0405100.1	5891	5892	1191.62	9.7729
PF3D7_0405200.1	2940	2941	6454.52	106.052
PF3D7_0405300.1	5895	5896	9465.16	77.5745
PF3D7_0405400.1	10492	10493	7181.92	33.0742
PF3D7_0405500.1	675	676	715	51.1102
PF3D7_0405600.1	1738	1739	669.643	18.6077
PF3D7_0405700.1	8072	8073	2121.25	12.6971
PF3D7_0405800.1	562	563	208.753	17.9173
PF3D7_0405900.1	3148	3149	12783.2	196.162
PF3D7_0406000.1	2470	2471	5747.89	112.405
PF3D7_0406100.1	2265	2266	7553.21	161.072
PF3D7_0406200.1	2167	2168	23148.3	515.951
PF3D7_0406400.1	1674	1675	2362.38	68.1527
PF3D7_0406500.1	11445	11446	61486.3	259.581
PF3D7_0406600.1	420	421	523	60.0299
PF3D7_0406700.1	2906	2907	18667.2	310.301
PF3D7_0406800.1	1015	1016	2113.31	100.512
PF3D7_0406900.1	5256	5257	416	3.82387
PF3D7_0407000.1	1525	1526	242	7.66318
PF3D7_0407100.1	2223	2224	3808.08	82.7408
PF3D7_0407200.1	967	968	20714.6	1034.07
PF3D7_0407300.1	1438	1439	1181	39.6586
PF3D7_0407400.1	1215	1216	2171.65	86.2986
PF3D7_0407500.1	1143	1144	119	5.02654
PF3D7_0407600.1	3639	3640	1295.94	17.204
PF3D7_0407700.1	6121	6122	16382.8	129.313
PF3D7_0407800.1	7123	7124	8455.11	57.3514
PF3D7_0407900.1	3179	3180	4001.13	60.8001
PF3D7_0408000.1	668	669	8015	578.929
PF3D7_0408100.1	4881	4882	3938.19	38.9804
PF3D7_0408200.1	2122	2123	744.089	16.9365
PF3D7_0408300.1	1749	1750	749.211	20.6878
PF3D7_0408400.1	2470	2471	913.053	17.8555
PF3D7_0408500.1	2618	2619	3505.91	64.6865
PF3D7_0408600.1	2955	2956	135	2.20687
PF3D7_0408700.1	2529	2530	2396	45.763
PF3D7_0408800.1	948	949	78	3.9717
PF3D7_0408900.1	3001	3002	5098.83	82.0746
PF3D7_0408900.2	2076	2077	7984.84	185.771
PF3D7_0409000.1	8235	8236	1013.07	5.9439
PF3D7_0409100.1	2574	2575	3752.18	70.4133
PF3D7_0409200.1	1966	1967	23845	585.788
PF3D7_0409300.1	4302	4303	847.941	9.52232
PF3D7_0409400.1	2815	2816	928.608	15.9349
PF3D7_0409500.1	1853	1854	4339.77	113.111
PF3D7_0409600.1	4548	4549	1652.42	17.5531
PF3D7_0409700.1	928	929	2693	140.078
PF3D7_0409800.1	4394	4395	5563.6	61.1709
PF3D7_0409900.1	1715	1716	212.312	5.97868
PF3D7_0410000.1	4027	4028	71009.2	851.87
PF3D7_0410100.1	82	83	63	36.6784
PF3D7_0410200.1	73	74	33	21.5492
PF3D7_0410300.1	3552	3553	1959.32	26.6476
PF3D7_0410400.1	1563	1564	255.417	7.89153
PF3D7_0410500.1	642	643	27	2.02909
PF3D7_0410600.1	1718	1719	2708.82	76.1471
PF3D7_0410700.1	4612	4613	24561	257.283
PF3D7_0410800.1	5023	5024	3987.63	38.3542
PF3D7_0410900.1	3873	3874	1773.32	22.1196
PF3D7_0411000.1	5092	5093	741.789	7.03809
PF3D7_0411100.1	683	684	69	4.87463
PF3D7_0411200.1	4249	4250	1516.43	17.2418
PF3D7_0411300.1	2744	2745	425	7.48161
PF3D7_0411400.1	4497	4498	636.689	6.84
PF3D7_0411500.1	72	73	29	19.1966
PF3D7_0411600.1	72	73	223	147.615
PF3D7_0411700.1	417	418	7	0.809226
PF3D7_0411800.1	7141	7142	2301.03	15.5686
PF3D7_0411900.1	7652	7653	6156.45	38.8729
PF3D7_0412000.1	3760	3761	1963.7	25.2302
PF3D7_0412100.1	1923	1924	838.175	21.0513
PF3D7_0412200.1	1312	1313	105	3.86432
PF3D7_0412300.1	2369	2370	216.017	4.40441
PF3D7_0412400.1	7817	7818	109.003	0.67374
PF3D7_0412500.1	135	136	6	2.13187
PF3D7_0412600.1	1023	1024	0	0
PF3D7_0412700.1	8324	8325	130.886	0.759728
PF3D7_0412800.1	135	136	0	0
PF3D7_0412900.1	6939	6940	34.2422	0.238424
PF3D7_0413000.1	135	136	0	0
PF3D7_0413100.1	6981	6982	25.489	0.176409
PF3D7_0413200.1	1131	1132	58	2.47588
PF3D7_0413300.1	1041	1042	30	1.39124
PF3D7_0413400.1	1269	1270	325	12.366
PF3D7_0413500.1	1525	1526	1228.86	38.913
PF3D7_0413600.1	1804	1805	38795	1038.6
PF3D7_0413700.1	2217	2218	6240.63	135.961
PF3D7_0413800.1	1365	1366	399	14.1147
PF3D7_0413900.1	3026	3027	12425.9	198.365
PF3D7_0414000.1	4294	4295	8497.39	95.6028
PF3D7_0414100.1	5237	5238	7077.66	65.2939
PF3D7_0414200.1	1235	1236	409.446	16.0076
PF3D7_0414200.2	453	454	570.575	60.7303
PF3D7_0414300.1	1182	1183	11113	453.936
PF3D7_0414400.1	993	994	227.057	11.0382
PF3D7_0414500.1	2402	2403	249.034	5.00787
PF3D7_0414600.1	1507	1508	2808.04	89.9808
PF3D7_0414700.1	3037	3038	2831.59	45.0392
PF3D7_0414800.1	1787	1788	467.006	12.6213
PF3D7_0414900.1	1397	1398	14017	484.504
PF3D7_0415000.1	1494	1495	1371.09	44.3171
PF3D7_0415100.1	1927	1928	2198.94	55.1129
PF3D7_0415200.1	7684	7685	8936.09	56.1891
PF3D7_0415300.1	4895	4896	6971.26	68.8047
PF3D7_0415400.1	1458	1459	8454.32	280.009
PF3D7_0415500.1	1226	1227	265.716	10.4646
PF3D7_0415600.1	1392	1393	2226.86	77.2485
PF3D7_0415700.1	1915	1916	2560.09	64.5666
PF3D7_0415800.1	3543	3544	9859.17	134.43
PF3D7_0415900.1	2736	2737	11166.6	197.148
PF3D7_0416000.1	3810	3811	12466.5	158.071
PF3D7_0416100.1	3522	3523	11248.1	154.281
PF3D7_0416200.1	1246	1247	17425.1	675.239
PF3D7_0416300.1	5733	5734	4424.22	37.2844
PF3D7_0416400.1	5045	5046	9713.15	93.0167
PF3D7_0416500.1	2014	2015	15650.2	375.313
PF3D7_0416600.1	2501	2502	9753.95	188.383
PF3D7_0416700.1	1436	1437	1834.49	61.6888
PF3D7_0416800.1	1346	1347	4627.84	166.02
PF3D7_0416900.1	8359	8360	10709.1	61.9008
PF3D7_0417000.1	1522	1523	358.066	11.3609
PF3D7_0417100.1	1545	1546	61	1.90664
PF3D7_0417200.1	2169	2170	2190	48.7677
PF3D7_0417300.1	3036	3037	5486.69	87.2999
PF3D7_0417400.1	21885	21886	20144.9	44.4781
PF3D7_0417500.1	1645	1646	6904.1	202.687
PF3D7_0417600.1	2560	2561	720	13.5854
PF3D7_0417700.1	1542	1543	2164	67.7703
PF3D7_0417800.1	3075	3076	3930.78	61.7506
PF3D7_0417900.1	2378	2379	1378.2	27.9942
PF3D7_0418000.1	15607	15608	4198.8	12.9995
PF3D7_0418100.1	5590	5591	1344.67	11.6219
PF3D7_0418200.1	2859	2860	1542.82	26.0673
PF3D7_0418300.1	5993	5994	25361.5	204.459
PF3D7_0418400.1	647	648	1802.5	134.416
PF3D7_0418500.1	914	915	4922.47	259.962
PF3D7_0418600.1	7059	7060	13884.5	95.0326
PF3D7_0418700.1	2461	2462	16986.5	333.398
PF3D7_0418800.1	786	787	281	17.2536
PF3D7_0418900.1	2016	2017	400.64	9.59834
PF3D7_0419000.1	1323	1324	659	24.0517
PF3D7_0419100.1	1772	1773	1690.58	46.076
PF3D7_0419200.1	1175	1176	1.08651	0.0446452
PF3D7_0419300.1	2609	2610	19111.6	353.839
PF3D7_0419400.1	7897	7898	5527.01	33.816
PF3D7_0419500.1	3397	3398	3032.38	43.1229
PF3D7_0419600.1	2021	2022	14286.8	341.43
PF3D7_0419700.1	2522	2523	7686.05	147.209
PF3D7_0419800.1	1760	1761	2648.81	72.6841
PF3D7_0419900.1	17434	17435	15705.6	43.5293
PF3D7_0420000.1	12100	12101	8379.24	33.4604
PF3D7_0420100.1	3136	3137	1878.51	28.9366
PF3D7_0420200.1	2711	2712	564.978	10.0668
PF3D7_0420300.1	12755	12756	17036.7	64.5385
PF3D7_0420400.1	1062	1063	6152	279.661
PF3D7_0420500.1	921	922	414	21.6979
PF3D7_0420600.1	2127	2128	7674.83	174.279
PF3D7_0420700.1	6459	6460	89.8636	0.672202
PF3D7_0420800.1	135	136	0	0
PF3D7_0420900.1	6606	6607	73.3184	0.536237
PF3D7_0421000.1	135	136	0	0
PF3D7_0421100.1	6546	6547	76.5771	0.565203
PF3D7_0421200.1	1041	1042	0	0
PF3D7_0421300.1	6582	6583	67.4245	0.494928
PF3D7_0421400.1	135	136	0	0
PF3D7_0421500.1	1011	1012	257.106	12.2767
PF3D7_0421600.1	1296	1297	51	1.90011
PF3D7_0421700.1	5811	5812	797.502	6.63062
PF3D7_0421800.1	255	256	22	4.1527
PF3D7_0421900.1	216	217	1439	320.442
PF3D7_0422000.1	2450	2451	1870.76	36.8828
PF3D7_0422100.1	2300	2301	12021	252.447
PF3D7_0422200.1	15070	15071	6190.54	19.8488
PF3D7_0422300.1	3770	3771	3741.06	47.9387
PF3D7_0422400.1	1987	1988	84769.6	2060.5
PF3D7_0422500.1	9275	9276	6631.45	34.5459
PF3D7_0422600.1	887	888	36	1.95902
PF3D7_0422700.1	2179	2180	1931.86	42.8221
PF3D7_0422800.1	1413	1414	1676	57.276
PF3D7_0422900.1	1101	1102	7058.31	309.505
PF3D7_0423000.1	1374	1375	2079	73.0634
PF3D7_0423100.1	1232	1233	3032.51	118.847
PF3D7_0423200.1	853	854	667.037	37.7433
PF3D7_0423300.1	2258	2259	7874.79	168.45
PF3D7_0423400.1	1361	1362	6687.68	237.272
PF3D7_0423500.1	2280	2281	69726.4	1477.13
PF3D7_0423600.1	5305	5306	9730.78	88.6194
PF3D7_0423700.1	2211	2212	171579	3748.23
PF3D7_0423800.1	1821	1822	8761.55	232.37
PF3D7_0423900.1	801	802	2036.09	122.679
PF3D7_0424000.1	1959	1960	853.398	21.0399
PF3D7_0424100.1	2253	2254	18592.6	398.598
PF3D7_0424200.1	5581	5582	13217	114.417
PF3D7_0424300.1	4293	4294	1499	16.8689
PF3D7_0424400.1	7985	7986	254.097	1.53751
PF3D7_0424500.1	4085	4086	67775.4	801.534
PF3D7_0424600.1	3804	3805	42961.5	545.599
PF3D7_0424700.1	7078	7079	6646.11	45.3674
PF3D7_0424800.1	1300	1301	1607.52	59.7074
PF3D7_0424900.1	1925	1926	372	9.33329
PF3D7_0425000.1	1137	1138	7	0.297238
PF3D7_0425050.1	447	448	60	6.47175
PF3D7_0425100.1	837	838	655	37.7699
PF3D7_0425200.1	1244	1245	1032	40.0552
PF3D7_0425250.1	546	547	9	0.795066
PF3D7_0425300.1	699	700	10	0.69032
PF3D7_0425400.1	696	697	43	2.98115
PF3D7_0425500.1	915	916	42.7077	2.25299
PF3D7_0425600.1	915	916	18.9719	1.00084
PF3D7_0425700.1	975	976	2.37389	0.117533
PF3D7_0425800.1	10662	10663	81.3227	0.368536
PF3D7_0425900.1	1536	1537	675.077	21.224
PF3D7_0426000.1	6450	6451	56.3151	0.421838
PF3D7_0500100.1	6624	6625	209.943	1.53132
PF3D7_0500200.1	72	73	18.8324	12.4661
PF3D7_0500300.1	1023	1024	2	0.0943796
PF3D7_0500400.1	1125	1126	0	0
PF3D7_0500500.1	930	931	11	0.570941
PF3D7_0500600.1	924	925	27.8392	1.45433
PF3D7_0500700.1	275	276	3	0.525243
PF3D7_0500800.1	6015	6016	159091	1277.87
PF3D7_0500900.1	2210	2211	2131	46.5739
PF3D7_0501000.1	1789	1790	4917.51	132.752
PF3D7_0501100.1	4267	4268	3086	34.9397
PF3D7_0501100.2	1173	1174	0	0
PF3D7_0501200.1	2870	2871	15949	268.442
PF3D7_0501300.1	2875	2876	9532.56	160.166
PF3D7_0501400.1	7480	7481	52693.9	340.368
PF3D7_0501500.1	2194	2195	4720.98	103.931
PF3D7_0501600.1	1753	1754	9359.52	257.853
PF3D7_0501700.1	2382	2383	1776	36.0137
PF3D7_0501800.1	4523	4524	5857.16	62.5623
PF3D7_0501900.1	1982	1983	531.303	12.9469
PF3D7_0502000.1	4661	4662	3452.15	35.7821
PF3D7_0502100.1	2143	2144	1305.85	29.4317
PF3D7_0502200.1	2342	2343	4737.57	97.7083
PF3D7_0502300.1	1620	1621	187.124	5.57821
PF3D7_0502400.1	2639	2640	339.031	6.20561
PF3D7_0502500.1	1785	1786	44	1.19047
PF3D7_0502600.1	3012	3013	604.177	9.68976
PF3D7_0502700.1	1512	1513	2379	75.9808
PF3D7_0502800.1	924	925	1607.26	83.9641
PF3D7_0502900.1	1015	1016	2871.75	136.584
PF3D7_0503000.1	1240	1241	4959.77	193.125
PF3D7_0503100.1	2256	2257	2628.99	56.2867
PF3D7_0503200.1	3617	3618	935.089	12.4891
PF3D7_0503300.1	3226	3227	2115.43	31.6773
PF3D7_0503400.1	1983	1984	117333	2857.76
PF3D7_0503500.1	3518	3519	1225.63	16.8302
PF3D7_0503600.1	3295	3296	5766	84.5348
PF3D7_0503800.1	1099	1100	145213	6379.12
PF3D7_0503900.1	3128	3129	569.694	8.798
PF3D7_0504000.1	8216	8217	4048.07	23.8058
PF3D7_0504100.1	1209	1210	470.374	18.7848
PF3D7_0504200.1	2207	2208	4754.1	104.044
PF3D7_0504300.1	983	984	236.02	11.5905
PF3D7_0504400.1	2533	2534	2477	47.2354
PF3D7_0504500.1	1267	1268	542.094	20.6587
PF3D7_0504600.1	1788	1789	33851	914.344
PF3D7_0504700.1	7850	7851	7764.83	47.792
PF3D7_0504800.1	17435	17436	19431.3	53.8522
PF3D7_0504900.1	877	878	94391.9	5195.03
PF3D7_0505000.1	10398	10399	3205.31	14.8945
PF3D7_0505100.1	10290	10291	12304.5	57.7769
PF3D7_0505200.1	2302	2303	288.089	6.04478
PF3D7_0505300.1	2698	2699	32370.4	579.553
PF3D7_0505400.1	3130	3131	3034.3	46.8299
PF3D7_0505500.1	4705	4706	3528.9	36.2356
PF3D7_0505600.1	1441	1442	1093.58	36.6467
PF3D7_0505700.1	3764	3765	5127.6	65.8109
PF3D7_0505800.1	2222	2223	6997.57	152.109
PF3D7_0505900.1	1327	1328	452.367	16.4604
PF3D7_0506000.1	1219	1220	3986.13	157.885
PF3D7_0506100.1	2409	2410	2876.28	57.6716
PF3D7_0506200.1	1374	1375	137.321	4.82594
PF3D7_0506300.1	1646	1647	8260.35	242.356
PF3D7_0506400.1	351	352	324	44.4785
PF3D7_0506500.1	13082	13083	9038.36	33.3834
PF3D7_0506600.1	715	716	121	8.16621
PF3D7_0506700.1	3147	3148	3583.41	55.0059
PF3D7_0506800.1	3964	3965	20247.5	246.761
PF3D7_0506900.1	3517	3518	20131.1	276.516
PF3D7_0507000.1	1217	1218	1935.68	76.7952
PF3D7_0507100.1	2621	2622	44799.1	825.628
PF3D7_0507200.1	2931	2932	13289.6	219.026
PF3D7_0507300.1	3684	3685	1332.74	17.4766
PF3D7_0507400.1	1491	1492	10982.6	355.699
PF3D7_0507500.1	3031	3032	8373.31	133.449
PF3D7_0507600.1	3089	3090	2395.07	37.4548
PF3D7_0507700.1	2423	2424	8726.26	173.958
PF3D7_0507800.1	6575	6576	6911.01	50.7841
PF3D7_0507900.1	354	355	408	55.5367
PF3D7_0508000.1	2091	2092	4170.61	96.3354
PF3D7_0508100.1	5625	5626	64482.2	553.845
PF3D7_0508200.1	2708	2709	1040.71	18.5638
PF3D7_0508300.1	3801	3802	2808.63	35.697
PF3D7_0508400.1	1101	1102	399	17.496
PF3D7_0508500.1	8442	8443	3335.03	19.0876
PF3D7_0508600.1	1102	1103	882	38.6404
PF3D7_0508700.1	4791	4792	5584.15	56.3104
PF3D7_0508800.1	2889	2890	6875.16	114.956
PF3D7_0508900.1	10153	10154	70528.2	335.64
PF3D7_0509000.1	1875	1876	557.406	14.3578
PF3D7_0509100.1	6212	6213	13991	108.816
PF3D7_0509200.1	1017	1018	543.22	25.7855
PF3D7_0509300.1	1478	1479	2121.12	69.3019
PF3D7_0509400.1	9749	9750	6091.46	30.1902
PF3D7_0509500.1	1648	1649	2594.32	76.0242
PF3D7_0509600.1	2719	2720	4332.03	76.9611
PF3D7_0509700.1	1188	1189	121	4.91758
PF3D7_0509800.1	5995	5996	29280.9	235.978
PF3D7_0509900.1	1709	1710	618.002	17.4639
PF3D7_0510000.1	3423	3424	1362.61	19.2304
PF3D7_0510100.1	9864	9865	8981.52	43.9948
PF3D7_0510200.1	3908	3909	2012.1	24.8732
PF3D7_0510300.1	924	925	12	0.626885
PF3D7_0510400.1	2381	2382	176.049	3.5714
PF3D7_0510500.1	3319	3320	15513.1	225.792
PF3D7_0510600.1	80	81	26	15.5109
PF3D7_0510700.1	1044	1045	23	1.06355
PF3D7_0510800.1	1929	1930	258	6.45967
PF3D7_0510900.1	158	159	2815	855.519
PF3D7_0511000.1	1313	1314	5736	210.942
PF3D7_0511100.1	842	843	635.05	36.4023
PF3D7_0511200.1	3741	3742	28654.9	370.036
PF3D7_0511300.1	4451	4452	3578.15	38.8375
PF3D7_0511400.1	1146	1147	570	24.0137
PF3D7_0511500.1	32487	32488	53692.5	79.8617
PF3D7_0511600.1	1325	1326	7601.6	277.019
PF3D7_0511700.1	1841	1842	2226.31	58.4043
PF3D7_0511800.1	2707	2708	39542.7	705.613
PF3D7_0511900.1	2718	2719	1853.36	32.9382
PF3D7_0512000.1	817	818	8445.24	498.893
PF3D7_0512100.1	605	606	657.145	52.4007
PF3D7_0512200.1	2649	2650	370.001	6.74692
PF3D7_0512300.1	2057	2058	317.445	7.45369
PF3D7_0512400.1	705	706	422	28.8839
PF3D7_0512450.1	1350	1351	265.07	9.48099
PF3D7_0512500.1	3706	3707	3930.54	51.2363
PF3D7_0512600.1	1763	1764	6131.76	167.971
PF3D7_0512700.1	1551	1552	641.62	19.9772
PF3D7_0512800.1	5687	5688	793.903	6.7446
PF3D7_0512900.1	849	850	7027	399.484
PF3D7_0513000.1	1388	1389	4468.36	155.451
PF3D7_0513100.1	1158	1159	2687.36	112.045
PF3D7_0513200.1	9371	9372	3966.24	20.4501
PF3D7_0513300.1	1934	1935	640.136	15.986
PF3D7_0513400.1	1317	1318	1603.25	58.7805
PF3D7_0513500.1	825	826	1426.61	83.4588
PF3D7_0513600.1	4866	4867	5889.51	58.4745
PF3D7_0513700.1	2920	2921	576.034	9.52938
PF3D7_0513800.1	1155	1156	16843.7	704.09
PF3D7_0513900.1	1077	1078	440.016	19.7241
PF3D7_0514000.1	1303	1304	1145	42.4303
PF3D7_0514100.1	4582	4583	2179.02	22.9753
PF3D7_0514200.1	3207	3208	857.793	12.921
PF3D7_0514300.1	3910	3911	7964.14	98.4009
PF3D7_0514400.1	73	74	1	0.653005
PF3D7_0514500.1	1059	1060	436	19.876
PF3D7_0514600.1	1981	1982	603.03	14.7022
PF3D7_0514700.1	4683	4684	273.032	2.81672
PF3D7_0514800.1	2971	2972	1891	30.7462
PF3D7_0514900.1	2004	2005	3886.1	93.6586
PF3D7_0515000.1	3947	3948	2409.25	29.4885
PF3D7_0515100.1	1830	1831	2402.75	63.4115
PF3D7_0515200.1	438	439	3272	360.161
PF3D7_0515300.1	6629	6630	16721.1	121.871
PF3D7_0515400.1	3187	3188	5109.09	77.4414
PF3D7_0515500.1	2883	2884	1145	19.1849
PF3D7_0515600.1	4427	4428	2364.13	25.7995
PF3D7_0515700.1	2833	2834	12207.5	208.149
PF3D7_0515800.1	1584	1585	1932	58.9015
PF3D7_0515900.1	1762	1763	2600.01	71.2641
PF3D7_0516000.1	4567	4568	1980.38	20.9493
PF3D7_0516100.1	7676	7677	3665.12	23.0698
PF3D7_0516200.1	1997	1998	4262.1	103.08
PF3D7_0516300.1	3841	3842	1642.89	20.6633
PF3D7_0516400.1	1677	1678	305.43	8.79564
PF3D7_0516500.1	1329	1330	83	3.01561
PF3D7_0516600.1	7106	7107	8634.14	58.7058
PF3D7_0516700.1	5653	5654	10848.2	92.7151
PF3D7_0516800.1	8693	8694	8418.23	46.7896
PF3D7_0516900.1	1709	1710	95846.4	2708.5
PF3D7_0517000.1	2161	2162	8355.17	186.745
PF3D7_0517100.1	2141	2142	3536.47	79.7808
PF3D7_0517200.1	2236	2237	1560.98	33.7194
PF3D7_0517300.1	4349	4350	4546.64	50.5067
PF3D7_0517400.1	3926	3927	6423.23	79.0388
PF3D7_0517500.1	3084	3085	1248.5	19.556
PF3D7_0517600.1	1715	1716	278.603	7.84544
PF3D7_0517700.1	2836	2837	4744.6	80.8144
PF3D7_0517800.1	717	718	10	0.673014
PF3D7_0517900.1	2183	2184	20880	461.983
PF3D7_0518000.1	1243	1244	2207	85.7295
PF3D7_0518100.1	4752	4753	1857.94	18.8891
PF3D7_0518200.1	1451	1452	1397.01	46.4923
PF3D7_0518300.1	1662	1663	1065.78	30.9686
PF3D7_0518400.1	690	691	35	2.44759
PF3D7_0518500.1	4129	4130	2662.38	31.1507
PF3D7_0518600.1	5230	5231	2314.51	21.3807
PF3D7_0518700.1	6186	6187	378.158	2.95353
PF3D7_0518800.1	612	613	302	23.8065
PF3D7_0518900.1	585	586	432	35.6233
PF3D7_0519000.1	1947	1948	1744.03	43.2628
PF3D7_0519100.1	1133	1134	611.427	26.0543
PF3D7_0519200.1	1305	1306	15473	572.504
PF3D7_0519300.1	2735	2736	1569.54	27.7208
PF3D7_0519400.1	1417	1418	3106.51	105.863
PF3D7_0519500.1	9147	9148	4085.19	21.5792
PF3D7_0519600.1	3604	3605	1054.18	14.1306
PF3D7_0519700.1	1881	1882	11507.4	295.465
PF3D7_0519800.1	4306	4307	12836.7	144.022
PF3D7_0519900.1	3002	3003	1792.25	28.8398
PF3D7_0520000.1	1500	1501	17855.4	574.828
PF3D7_0520100.1	3371	3372	1737.63	24.9011
PF3D7_0520200.1	3156	3157	1049.49	16.064
PF3D7_0520300.1	1191	1192	10817.8	438.542
PF3D7_0520400.1	1880	1881	1219.83	31.337
PF3D7_0520500.1	1352	1353	710	25.3576
PF3D7_0520600.1	1402	1403	1744	60.0672
PF3D7_0520700.1	3454	3455	2537.66	35.4922
PF3D7_0520800.1	6866	6867	6788.1	47.7672
PF3D7_0520900.1	2868	2869	9781.4	164.747
PF3D7_0521000.1	2801	2802	5173.52	89.2208
PF3D7_0521100.1	4581	4582	939	9.90282
PF3D7_0521200.1	1250	1251	2085	80.5373
PF3D7_0521300.1	4994	4995	5149.5	49.8171
PF3D7_0521400.1	1961	1962	824.049	20.2956
PF3D7_0521500.1	1986	1987	2686.88	65.3431
PF3D7_0521600.1	1816	1817	128.17	3.40864
PF3D7_0521700.1	3094	3095	457.056	7.13604
PF3D7_0521800.1	1908	1909	328	8.30264
PF3D7_0521900.1	5328	5329	3627	32.889
PF3D7_0522000.1	1294	1295	2185.82	81.5631
PF3D7_0522100.1	3520	3521	14173.4	194.517
PF3D7_0522200.1	1544	1545	7971.67	249.327
PF3D7_0522300.1	1724	1725	2467.16	69.1125
PF3D7_0522400.1	29306	29307	27491.3	45.3286
PF3D7_0522500.1	501	502	4427	426.142
PF3D7_0522600.1	2918	2919	23648.2	391.482
PF3D7_0522700.1	1107	1108	1759.11	76.7186
PF3D7_0522800.1	1750	1751	5325.89	146.979
PF3D7_0522900.1	5731	5732	456.039	3.84454
PF3D7_0523000.1	7141	7142	12220.4	82.6828
PF3D7_0523100.1	2749	2750	1348.16	23.6895
PF3D7_0523200.1	4376	4377	887.314	9.796
PF3D7_0523300.1	1510	1511	22193.5	709.757
PF3D7_0523400.1	2099	2100	18093	416.332
PF3D7_0523500.1	813	814	1645	97.6539
PF3D7_0523600.1	1037	1038	399	18.5748
PF3D7_0523700.1	5376	5377	737.451	6.62737
PF3D7_0523800.1	5006	5007	523.94	5.05652
PF3D7_0523900.1	3875	3876	20771.1	258.955
PF3D7_0524000.1	6741	6742	5708.47	40.9147
PF3D7_0524100.1	5544	5545	5179.33	45.1357
PF3D7_0524200.1	950	951	425	21.5952
PF3D7_0524300.1	2268	2269	2677.53	57.0227
PF3D7_0524400.1	2142	2143	1528.69	34.4702
PF3D7_0524500.1	1734	1735	1829.98	50.9677
PF3D7_0524600.1	1715	1716	841.876	23.7071
PF3D7_0524700.1	1462	1463	55.2105	1.82358
PF3D7_0524800.1	3061	3062	2675.86	42.2286
PF3D7_0524900.1	4239	4240	2428.43	27.6763
PF3D7_0525000.1	4671	4672	4187.2	43.3081
PF3D7_0525100.1	3000	3001	7385.01	118.914
PF3D7_0525200.1	6994	6995	8021.82	55.4158
PF3D7_0525300.1	1747	1748	1061.04	29.3317
PF3D7_0525400.1	1534	1535	2169.06	68.2827
PF3D7_0525500.1	6224	6225	1542.26	11.972
PF3D7_0525600.1	4079	4080	4854.04	57.4899
PF3D7_0525700.1	1500	1501	15378.6	495.091
PF3D7_0525800.1	1895	1896	23133.4	589.588
PF3D7_0525900.1	1090	1091	149	6.59948
PF3D7_0526000.1	3246	3247	827.717	12.3182
PF3D7_0526100.1	2089	2090	2136.26	49.392
PF3D7_0526200.1	2842	2843	13275.7	225.647
PF3D7_0526200.2	2839	2840	2053.58	34.9415
PF3D7_0526300.1	1833	1834	3671.33	96.7324
PF3D7_0526400.1	1748	1749	194.922	5.38543
PF3D7_0526500.1	4693	4694	5574.82	57.39
PF3D7_0526600.1	17362	17363	11541.9	32.122
PF3D7_0526700.1	2781	2782	1088	18.8983
PF3D7_0526800.1	2412	2413	1159.66	23.2232
PF3D7_0526900.1	1653	1654	8738.87	255.31
PF3D7_0527000.1	4184	4185	6551.21	75.644
PF3D7_0527100.1	1505	1506	1424.08	45.6939
PF3D7_0527200.1	2534	2535	11416.4	217.621
PF3D7_0527300.1	2303	2304	3019.27	63.3239
PF3D7_0527400.1	3020	3021	10268.9	164.256
PF3D7_0527500.1	2571	2572	4826.75	90.6843
PF3D7_0527600.1	2296	2297	1891.08	39.783
PF3D7_0527700.1	73	74	3	1.95902
PF3D7_0527800.1	83	84	58	33.3654
PF3D7_0527900.1	2487	2488	990.009	19.2281
PF3D7_0528000.1	920	921	724.284	38.0012
PF3D7_0528100.1	3827	3828	1790	22.5959
PF3D7_0528200.1	2430	2431	2859.45	56.839
PF3D7_0528300.1	3332	3333	7826.93	113.476
PF3D7_0528400.1	3214	3215	13204.4	198.467
PF3D7_0528500.1	1543	1544	4016.26	125.696
PF3D7_0528600.1	694	695	10515.2	731.109
PF3D7_0528700.1	1919	1920	3599.57	90.5936
PF3D7_0528800.1	2525	2526	1122.18	21.4674
PF3D7_0528900.1	1363	1364	267.51	9.47708
PF3D7_0529000.1	3837	3838	9125.16	114.89
PF3D7_0529100.1	890	891	626	33.9504
PF3D7_0529200.1	1647	1648	1076	31.5503
PF3D7_0529300.1	1527	1528	1685.58	53.3056
PF3D7_0529400.1	5907	5908	5479.39	44.8167
PF3D7_0529400.2	5667	5668	673.892	5.74524
PF3D7_0529500.1	1121	1122	3495.44	150.542
PF3D7_0529600.1	73	74	1	0.653005
PF3D7_0529700.1	4063	4064	408.993	4.86306
PF3D7_0529800.1	7317	7318	6984.36	46.1193
PF3D7_0529900.1	3218	3219	33536.8	503.442
PF3D7_0530000.1	2603	2604	26595.6	493.534
PF3D7_0530100.1	2118	2119	439.521	10.023
PF3D7_0530200.1	2418	2419	15670.5	313.036
PF3D7_0530300.1	5813	5814	3925.98	32.6303
PF3D7_0530400.1	5880	5881	783	6.43367
PF3D7_0530500.1	3030	3031	175	2.78998
PF3D7_0530600.1	1771	1772	1034	28.1971
PF3D7_0530700.1	4330	4331	3496.5	39.0116
PF3D7_0530750.1	849	850	9.40593	0.534726
PF3D7_0530800.1	1299	1300	1048.65	38.9794
PF3D7_0530900.1	8693	8694	4707	26.1621
PF3D7_0531000.1	2698	2699	1723	30.8483
PF3D7_0531100.1	9062	9063	1870.54	9.97339
PF3D7_0531200.1	1333	1334	460.842	16.6934
PF3D7_0531300.1	1303	1304	1178.7	43.6792
PF3D7_0531400.1	4313	4314	683.645	7.65771
PF3D7_0531500.1	750	751	9258	595.697
PF3D7_0531600.1	2092	2093	60410.6	1394.74
PF3D7_0531800.1	159	160	1877	566.882
PF3D7_0532000.1	3790	3791	412131	5253.26
PF3D7_0532100.1	2553	2554	294129	5565.01
PF3D7_0532200.1	1022	1023	9826	464.14
PF3D7_0532300.1	3341	3342	5630.58	81.4132
PF3D7_0532400.1	3267	3268	3502.46	51.7892
PF3D7_0532500.1	498	499	849	82.2158
PF3D7_0532600.1	1288	1289	281	10.5342
PF3D7_0532700.1	849	850	28	1.5918
PF3D7_0532800.1	786	787	1	0.0614007
PF3D7_0532900.1	957	958	0	0
PF3D7_0533000.1	1029	1030	36.0251	1.69011
PF3D7_0533100.1	9495	9496	534	2.71737
PF3D7_0600100.1	780	781	0	0
PF3D7_0600200.1	8640	8641	27.5493	0.154062
PF3D7_0600300.1	1116	1117	50.6604	2.19161
PF3D7_0600400.1	5134	5135	178.175	1.6767
PF3D7_0600500.1	1119	1120	1.69282	0.0730367
PF3D7_0600600.1	1323	1324	5.36372	0.195761
PF3D7_0600700.1	1050	1051	8.82691	0.40584
PF3D7_0600800.1	1068	1069	0	0
PF3D7_0600900.1	963	964	0	0
PF3D7_0601000.1	930	931	830.61	43.1118
PF3D7_0601100.1	693	694	5.6145	0.390931
PF3D7_0601200.1	1335	1336	1869.74	67.6273
PF3D7_0601300.1	849	850	4.73217	0.269023
PF3D7_0601400.1	1548	1549	4.26815	0.133149
PF3D7_0601500.1	2955	2956	796.601	13.0222
PF3D7_0601600.1	1504	1505	239.607	7.69329
PF3D7_0601700.1	870	871	493	27.3512
PF3D7_0601800.1	151	152	11.2983	3.59185
PF3D7_0601900.1	3185	3186	6607.09	100.21
PF3D7_0602000.1	7338	7339	883.888	5.81981
PF3D7_0602100.1	5413	5414	2981.6	26.6121
PF3D7_0602200.1	1614	1615	1076.03	32.196
PF3D7_0602300.1	945	946	32	1.63458
PF3D7_0602400.1	2994	2995	5145.59	83.0208
PF3D7_0602500.1	2380	2381	461.39	9.3639
PF3D7_0602600.1	4940	4941	1202.63	11.7615
PF3D7_0602700.1	1887	1888	118	3.02015
PF3D7_0602800.1	2591	2592	929.615	17.3307
PF3D7_0602900.1	2538	2539	1240.45	23.6083
PF3D7_0603000.1	3599	3600	22732.8	305.14
PF3D7_0603100.1	2009	2010	5742.66	138.059
PF3D7_0603200.1	2094	2095	1473.14	33.9789
PF3D7_0603300.1	2602	2603	2601.04	48.2861
PF3D7_0603400.1	5312	5313	3306.8	30.0757
PF3D7_0603500.1	2347	2348	2671.84	54.9872
PF3D7_0603600.1	8390	8391	1510.97	8.70141
PF3D7_0603700.1	2193	2194	2118	46.6485
PF3D7_0603800.1	5744	5745	16230	136.514
PF3D7_0603900.1	1792	1793	359.26	9.68227
PF3D7_0604000.1	6782	6783	430.512	3.06699
PF3D7_0604100.1	8210	8211	34155.9	201.01
PF3D7_0604200.1	799	800	253.043	15.2845
PF3D7_0604300.1	3081	3082	1337.66	20.973
PF3D7_0604400.1	537	538	374	33.5921
PF3D7_0604500.1	9868	9869	12677.1	62.0717
PF3D7_0604600.1	5139	5140	2669	25.0919
PF3D7_0604700.1	1532	1533	8402.16	264.848
PF3D7_0604800.1	4996	4997	941.684	9.10634
PF3D7_0604900.1	894	895	3234.65	174.643
PF3D7_0605000.1	1083	1084	3202.75	142.772
PF3D7_0605100.1	5335	5336	2973.29	26.9259
PF3D7_0605200.1	1101	1102	1358.86	59.5857
PF3D7_0605300.1	1893	1894	1485.54	37.9012
PF3D7_0605400.1	650	651	94	6.97742
PF3D7_0605500.1	2283	2284	401.061	8.4852
PF3D7_0605600.1	5487	5488	1253	11.0328
PF3D7_0605700.1	855	856	140	7.90319
PF3D7_0605800.1	8661	8662	3338.38	18.6237
PF3D7_0605900.1	3012	3013	4743.47	76.0756
PF3D7_0606000.1	6030	6031	4505.16	36.0968
PF3D7_0606100.1	2721	2722	2640.09	46.8683
PF3D7_0606200.1	1919	1920	1531.52	38.5452
PF3D7_0606300.1	1223	1224	1534	60.5609
PF3D7_0606400.1	378	379	509	64.8973
PF3D7_0606500.1	4429	4430	2739.36	29.8808
PF3D7_0606600.1	9404	9405	4240.05	21.7851
PF3D7_0606700.1	5460	5461	9669.96	85.5659
PF3D7_0606800.1	2682	2683	8423.31	151.709
PF3D7_0606900.1	2483	2484	1080.78	21.0249
PF3D7_0607000.1	5841	5842	21017.9	173.851
PF3D7_0607100.1	1419	1420	72	2.45015
PF3D7_0607200.1	2048	2049	3237.09	76.3415
PF3D7_0607300.1	2142	2143	6492.41	146.397
PF3D7_0607400.1	2465	2466	14730	288.64
PF3D7_0607500.1	2992	2993	1027.41	16.5877
PF3D7_0607600.1	6287	6288	3586.96	27.5652
PF3D7_0607700.1	9924	9925	3725.43	18.1382
PF3D7_0607800.1	2596	2597	2957.63	55.0327
PF3D7_0607900.1	3303	3304	5300.62	77.5237
PF3D7_0608000.1	1154	1155	2587.03	108.235
PF3D7_0608100.1	5684	5685	29460.8	250.416
PF3D7_0608200.1	591	592	1242.64	101.431
PF3D7_0608300.1	5462	5463	2901.12	25.6616
PF3D7_0608310.1	1760	1761	538.155	14.7671
PF3D7_0608400.1	524	525	6595	607.021
PF3D7_0608500.1	2790	2791	4912.48	85.0529
PF3D7_0608600.1	1546	1547	1357.79	42.4121
PF3D7_0608700.1	3688	3689	2298.73	30.1112
PF3D7_0608800.1	1861	1862	153619	3986.7
PF3D7_0608900.1	4370	4371	53267.7	588.886
PF3D7_0609000.1	19584	19585	40228	99.2552
PF3D7_0609100.1	2846	2847	2530.64	42.9529
PF3D7_0609200.1	2177	2178	762.015	16.9065
PF3D7_0609300.1	3089	3090	5815.21	90.9401
PF3D7_0609400.1	2756	2757	6271.24	109.917
PF3D7_0609500.1	3204	3205	948	14.2932
PF3D7_0609600.1	3774	3775	869	11.1237
PF3D7_0609700.1	7392	7393	13792.7	90.152
PF3D7_0609800.1	2110	2111	1937.5	44.3508
PF3D7_0609900.1	8471	8472	3221.26	18.3733
PF3D7_0610000.1	1664	1665	2027.45	58.8415
PF3D7_0610100.1	2121	2122	2954.43	67.2786
PF3D7_0610200.1	3682	3683	13664.5	179.283
PF3D7_0610300.1	414	415	209	24.3358
PF3D7_0610400.1	1222	1223	29436.8	1163.09
PF3D7_0610500.1	1996	1997	2434.45	58.9075
PF3D7_0610600.1	2467	2468	1768.92	34.6346
PF3D7_0610700.1	455	456	788	83.5045
PF3D7_0610800.1	2752	2753	1107.45	19.4386
PF3D7_0610900.1	4823	4824	5272.83	52.8184
PF3D7_0611000.1	1858	1859	2751	71.5088
PF3D7_0611100.1	491	492	1425.62	140.019
PF3D7_0611200.1	1606	1607	10886.3	327.349
PF3D7_0611300.1	1504	1505	667.303	21.4257
PF3D7_0611400.1	3382	3383	392.697	5.60924
PF3D7_0611500.1	1083	1084	51	2.27347
PF3D7_0611600.1	2826	2827	7160.92	122.403
PF3D7_0611700.1	534	535	22506	2032.79
PF3D7_0611800.1	10682	10683	6069.34	27.4534
PF3D7_0611900.1	1992	1993	963.486	23.3607
PF3D7_0612000.1	1673	1674	1118.09	32.2754
PF3D7_0612100.1	3234	3235	2217.66	33.1259
PF3D7_0612200.1	6241	6242	49816.1	385.65
PF3D7_0612300.1	729	730	1896	125.506
PF3D7_0612400.1	1036	1037	184	8.57408
PF3D7_0612500.1	366	367	3046	401.063
PF3D7_0612600.1	2795	2796	3775.16	65.2449
PF3D7_0612700.1	2115	2116	45183.8	1031.85
PF3D7_0612800.1	1566	1567	1901.35	58.6329
PF3D7_0612900.1	2973	2974	2709.43	44.0236
PF3D7_0613000.1	1134	1135	860.061	36.6169
PF3D7_0613000.2	351	352	74.4319	10.218
PF3D7_0613000.3	357	358	60.5072	8.16718
PF3D7_0613100.1	1348	1349	1410.91	50.54
PF3D7_0613200.1	693	694	3824.76	266.313
PF3D7_0613300.1	5275	5276	5400.24	49.4603
PF3D7_0613400.1	1107	1108	22615.7	986.32
PF3D7_0613500.1	4645	4646	1017.33	10.5811
PF3D7_0613600.1	4359	4360	5240.24	58.0781
PF3D7_0613700.1	3907	3908	53985.9	667.535
PF3D7_0613800.1	12782	12783	23303.2	88.091
PF3D7_0613900.1	7340	7341	41544	273.465
PF3D7_0614000.1	2480	2481	9438.97	183.843
PF3D7_0614100.1	3889	3890	2989.41	37.1351
PF3D7_0614200.1	2863	2864	8771.54	147.996
PF3D7_0614300.1	5912	5913	12095.7	98.8488
PF3D7_0614400.1	3840	3841	21324.6	268.278
PF3D7_0614500.1	2576	2577	3910.17	73.3212
PF3D7_0614600.1	2364	2365	645.552	13.1901
PF3D7_0614700.1	2297	2298	1737.47	36.5356
PF3D7_0614800.1	1984	1985	5389.11	131.191
PF3D7_0614900.1	4015	4016	33558.1	403.786
PF3D7_0615000.1	917	918	373.027	19.6357
PF3D7_0615100.1	1724	1725	67.6872	1.89612
PF3D7_0615200.1	1379	1380	3676.01	128.72
PF3D7_0615300.1	2653	2654	9714	176.866
PF3D7_0615400.1	10916	10917	17011.5	75.2985
PF3D7_0615500.1	3543	3544	35716.7	486.996
PF3D7_0615600.1	8190	8191	10367.1	61.1603
PF3D7_0615700.1	1120	1121	270.771	11.672
PF3D7_0615800.1	4272	4273	1769.73	20.0135
PF3D7_0615900.1	6655	6656	4960.97	36.0165
PF3D7_0616000.1	2490	2491	348.625	6.76289
PF3D7_0616100.1	923	924	839.866	43.9224
PF3D7_0616200.1	2095	2096	61740.3	1423.4
PF3D7_0616300.1	1323	1324	1022	37.3003
PF3D7_0616400.1	6024	6025	849.285	6.81153
PF3D7_0616500.1	4116	4117	318	3.73245
PF3D7_0616600.1	2057	2058	6195.55	145.473
PF3D7_0616700.1	3101	3102	1473.09	22.9475
PF3D7_0616800.1	3156	3157	3003.9	45.979
PF3D7_0616900.1	5429	5430	1948.62	17.341
PF3D7_0617000.1	1968	1969	198.213	4.86447
PF3D7_0617100.1	6197	6198	3250.06	25.3389
PF3D7_0617200.1	4684	4685	10634.9	109.692
PF3D7_0617300.1	1028	1029	1938.62	91.0385
PF3D7_0617400.1	7934	7935	129.797	0.790432
PF3D7_0617500.1	1014	1015	23	1.09499
PF3D7_0617600.1	1418	1419	34.019	1.15848
PF3D7_0617700.1	996	997	17	0.823952
PF3D7_0617800.1	1957	1958	78135.5	1928.34
PF3D7_0617900.1	2659	2660	157677	2864.41
PF3D7_0618000.1	4377	4378	4818.19	53.181
PF3D7_0618100.1	2846	2847	4014.96	68.1463
PF3D7_0618200.1	1495	1496	2190.65	70.7605
PF3D7_0618300.1	2055	2056	5932.03	139.421
PF3D7_0618400.1	1797	1798	416	11.1803
PF3D7_0618500.1	1561	1562	15379.3	475.777
PF3D7_0618600.1	825	826	12446	728.112
PF3D7_0618700.1	1248	1249	4027.44	155.817
PF3D7_0618800.1	3712	3713	5934.03	77.2277
PF3D7_0618900.1	3086	3087	1642.7	25.714
PF3D7_0618900.2	1731	1732	8725.34	243.435
PF3D7_0619000.1	6087	6088	13559.6	107.627
PF3D7_0619000.2	5394	5395	33500.5	300.06
PF3D7_0619100.1	1775	1776	2677.69	72.8561
PF3D7_0619200.1	3962	3963	6340.95	77.3176
PF3D7_0619300.1	11256	11257	13143.8	56.4218
PF3D7_0619400.1	3473	3474	9762.43	135.793
PF3D7_0619500.1	4750	4751	7783.14	79.1622
PF3D7_0619600.1	3341	3342	2938	42.4809
PF3D7_0619700.1	1979	1980	1531	37.3644
PF3D7_0619800.1	8720	8721	7415.71	41.0899
PF3D7_0619900.1	1925	1926	312.383	7.83753
PF3D7_0620000.1	1518	1519	58	1.84509
PF3D7_0620100.1	1186	1187	453	18.4415
PF3D7_0620200.1	1491	1492	196.091	6.35094
PF3D7_0620300.1	2830	2831	1742	29.7342
PF3D7_0620400.1	2039	2040	9075.31	214.971
PF3D7_0620500.1	3504	3505	2759.51	38.0445
PF3D7_0620600.1	1625	1626	4338.52	128.935
PF3D7_0620700.1	2033	2034	3236.8	76.8977
PF3D7_0620800.1	72	73	12	7.9434
PF3D7_0620900.1	81	82	259	152.628
PF3D7_0621000.1	3073	3074	1662.13	26.1281
PF3D7_0621100.1	4958	4959	4688.58	45.6873
PF3D7_0621200.1	1971	1972	13242.1	324.489
PF3D7_0621300.1	4493	4494	4283.68	46.0609
PF3D7_0621350.1	417	418	34.3832	3.97483
PF3D7_0621400.1	2490	2491	350.261	6.79464
PF3D7_0621500.1	1323	1324	792.533	28.9253
PF3D7_0621600.1	82	83	782	455.278
PF3D7_0621700.1	5908	5909	1192.28	9.75021
PF3D7_0621800.1	1756	1757	2576	70.8471
PF3D7_0621900.1	3326	3327	7049.48	102.389
PF3D7_0622000.1	979	980	579.457	28.5722
PF3D7_0622100.1	4766	4767	418.141	4.23864
PF3D7_0622200.1	2997	2998	4888.48	78.7935
PF3D7_0622300.1	3055	3056	260.088	4.11258
PF3D7_0622400.1	895	896	223.754	12.0673
PF3D7_0622500.1	1946	1947	252	6.25437
PF3D7_0622600.1	646	647	3340	249.454
PF3D7_0622700.1	1917	1918	2835.44	71.4366
PF3D7_0622800.1	5966	5967	8913.22	72.1817
PF3D7_0622900.1	8900	8901	20066.8	108.94
PF3D7_0623000.1	2438	2439	9607.09	190.339
PF3D7_0623100.1	4094	4095	9145.89	107.925
PF3D7_0623200.1	2530	2531	645.252	12.3193
PF3D7_0623300.1	1701	1702	3581.01	101.67
PF3D7_0623400.1	1284	1285	279	10.4918
PF3D7_0623500.1	1073	1074	436.61	19.6443
PF3D7_0623600.1	3178	3179	603.845	9.17874
PF3D7_0623700.1	3723	3724	5435	70.5242
PF3D7_0623800.1	11662	11663	13446.3	55.7112
PF3D7_0623900.1	1364	1365	16696.8	591.082
PF3D7_0624000.1	3051	3052	798.481	12.6424
PF3D7_0624100.1	2041	2042	564.288	13.3534
PF3D7_0624200.1	1364	1365	8717.79	308.619
PF3D7_0624300.1	558	559	1471	127.16
PF3D7_0624400.1	2324	2325	7319.53	152.128
PF3D7_0624500.1	2773	2774	9859.66	171.753
PF3D7_0624600.1	10910	10911	26924.6	119.243
PF3D7_0624700.1	1301	1302	1938.17	71.9331
PF3D7_0624800.1	1875	1876	71	1.82883
PF3D7_0624900.1	1986	1987	1502.48	36.5392
PF3D7_0625000.1	2273	2274	1076.18	22.8688
PF3D7_0625000.2	1386	1387	41.3034	1.43899
PF3D7_0625100.1	1200	1201	87	3.50046
PF3D7_0625200.1	1931	1932	1938.5	48.485
PF3D7_0625300.1	4944	4945	3580.75	34.991
PF3D7_0625400.1	2503	2504	1017.42	19.6342
PF3D7_0625500.1	3240	3241	2607.39	38.8754
PF3D7_0625600.1	4447	4448	2981.99	32.3958
PF3D7_0625700.1	1264	1265	158.029	6.03662
PF3D7_0625800.1	2554	2555	448	8.47296
PF3D7_0625900.1	981	982	347	17.0752
PF3D7_0626000.1	6755	6756	2040.6	14.5954
PF3D7_0626100.1	1583	1584	2131.32	65.0193
PF3D7_0626200.1	1685	1686	960.677	27.5339
PF3D7_0626300.1	1422	1423	1048	35.5881
PF3D7_0626400.1	3782	3783	3215	41.067
PF3D7_0626500.1	2844	2845	422	7.16768
PF3D7_0626600.1	1074	1075	262.21	11.7866
PF3D7_0626700.1	2531	2532	464.195	8.85901
PF3D7_0626800.1	3264	3265	50373.2	745.529
PF3D7_0626840.1	229	230	39	8.19379
PF3D7_0626900.1	1859	1860	622.855	16.1816
PF3D7_0627000.1	3500	3501	2590.05	35.7491
PF3D7_0627100.1	7312	7313	10189.8	67.3318
PF3D7_0627200.1	748	749	740	47.7417
PF3D7_0627300.1	2043	2044	32128.5	759.553
PF3D7_0627400.1	1243	1244	635.718	24.694
PF3D7_0627500.1	1695	1696	9540.06	271.815
PF3D7_0627600.1	2438	2439	561.935	11.1333
PF3D7_0627700.1	7580	7581	3097.52	19.744
PF3D7_0627800.1	4176	4177	4851.41	56.1244
PF3D7_0627900.1	2567	2568	2005.47	37.7373
PF3D7_0628000.1	997	998	114.012	5.52036
PF3D7_0628100.1	32160	32161	61685.3	92.6831
PF3D7_0628200.1	11064	11065	14467.1	63.1796
PF3D7_0628300.1	3394	3395	100517	1430.7
PF3D7_0628400.1	1417	1418	349	11.8932
PF3D7_0628500.1	1471	1472	1435.56	47.126
PF3D7_0628600.1	1657	1658	12949.7	377.42
PF3D7_0628700.1	2754	2755	2319.48	40.6834
PF3D7_0628800.1	4147	4148	637.513	7.42675
PF3D7_0628900.1	4329	4330	367.068	4.09644
PF3D7_0629000.1	914	915	514	27.145
PF3D7_0629100.1	2904	2905	1142.13	18.9985
PF3D7_0629200.1	3703	3704	21669.6	282.701
PF3D7_0629300.1	3317	3318	7260.68	105.742
PF3D7_0629400.1	4785	4786	4533.73	45.7753
PF3D7_0629500.1	3731	3732	2160.86	27.9791
PF3D7_0629600.1	2281	2282	1320.61	27.9646
PF3D7_0629700.1	21239	21240	26126.9	59.4404
PF3D7_0629800.1	4244	4245	2160.01	24.5882
PF3D7_0629900.1	3211	3212	576.021	8.66585
PF3D7_0630000.1	843	844	3	0.171762
PF3D7_0630100.1	2658	2659	2003.32	36.4067
PF3D7_0630200.1	408	409	329	38.8706
PF3D7_0630300.1	10085	10086	5708.97	27.3519
PF3D7_0630400.1	2202	2203	1237.14	27.1365
PF3D7_0630500.1	2859	2860	2820.13	47.6487
PF3D7_0630600.1	3115	3116	13239.8	205.32
PF3D7_0630700.1	2671	2672	747.764	13.5231
PF3D7_0630800.1	1484	1485	1011.97	32.9297
PF3D7_0630900.1	2694	2695	1783.03	31.9705
PF3D7_0631000.1	2532	2533	2156.67	41.1431
PF3D7_0631100.1	2951	2952	257.631	4.21725
PF3D7_0631200.1	1419	1420	0	0
PF3D7_0631300.1	849	850	3.12298	0.177541
PF3D7_0631400.1	696	697	379	26.2757
PF3D7_0631500.1	693	694	0	0
PF3D7_0631600.1	930	931	830.61	43.1118
PF3D7_0631700.1	1083	1084	1.73694	0.0774288
PF3D7_0631800.1	1029	1030	11.0393	0.517909
PF3D7_0631900.1	912	913	0	0
PF3D7_0632000.1	1113	1114	0	0
PF3D7_0632100.1	972	973	11.5695	0.574579
PF3D7_0632200.1	1134	1135	0	0
PF3D7_0632250.1	204	205	0	0
PF3D7_0632300.1	1080	1081	15.873	0.709548
PF3D7_0632400.1	1134	1135	165.71	7.05507
PF3D7_0632500.1	11865	11866	203.006	0.826708
PF3D7_0632600.1	1050	1051	33	1.51726
PF3D7_0632700.1	1131	1132	97.2574	4.15169
PF3D7_0632800.1	6717	6718	77.7949	0.559577
PF3D7_0700100.1	6861	6862	10.3534	0.0729089
PF3D7_0700200.1	972	973	34.1227	1.69465
PF3D7_0700300.1	951	952	8.76904	0.445106
PF3D7_0700400.1	903	904	0	0
PF3D7_0700500.1	1074	1075	23.129	1.03967
PF3D7_0700600.1	870	871	0	0
PF3D7_0700700.1	864	865	7	0.391048
PF3D7_0700800.1	1433	1434	512.239	17.2612
PF3D7_0700900.1	1053	1054	0	0
PF3D7_0701000.1	1548	1549	10.0534	0.313623
PF3D7_0701100.1	990	991	10.5368	0.513789
PF3D7_0701200.1	924	925	10.2207	0.533936
PF3D7_0701300.1	1083	1084	1.73694	0.0774288
PF3D7_0701400.1	927	928	0	0
PF3D7_0701500.1	693	694	3.67327	0.255765
PF3D7_0701600.1	1321	1322	1061.95	38.8169
PF3D7_0701700.1	849	850	1.98361	0.112768
PF3D7_0701800.1	996	997	4.00604	0.194164
PF3D7_0701900.1	4227	4228	2481	28.3557
PF3D7_0702000.1	2459	2460	2759.64	54.2083
PF3D7_0702100.1	2016	2017	5595	134.042
PF3D7_0702200.1	3872	3873	3437.35	42.8869
PF3D7_0702300.1	3548	3549	1463.9	19.9322
PF3D7_0702400.1	2842	2843	7004.94	119.063
PF3D7_0702500.1	2449	2450	3262.32	64.3441
PF3D7_0702600.1	264	265	381	69.4748
PF3D7_0702700.1	73	74	1	0.653005
PF3D7_0702800.1	84	85	16	9.09598
PF3D7_0702900.1	1349	1350	2512.99	89.9509
PF3D7_0703000.1	5771	5772	850.168	7.11749
PF3D7_0703100.1	1347	1348	180.727	6.47862
PF3D7_0703200.1	5429	5430	4594.15	40.884
PF3D7_0703300.1	973	974	20	0.992246
PF3D7_0703400.1	3027	3028	1018	16.2458
PF3D7_0703500.1	9778	9779	6128.91	30.2857
PF3D7_0703600.1	1819	1820	4951.52	131.467
PF3D7_0703700.1	1665	1666	1330.64	38.5953
PF3D7_0703800.1	3177	3178	576	8.75824
PF3D7_0703900.1	13906	13907	8352.68	29.0229
PF3D7_0704000.1	10298	10299	5976.84	28.043
PF3D7_0704100.1	11359	11360	13139.5	55.8919
PF3D7_0704200.1	4263	4264	1859.24	21.0701
PF3D7_0704300.1	7537	7538	42920	275.139
PF3D7_0704400.1	4115	4116	364.49	4.27916
PF3D7_0704500.1	5894	5895	3727.65	30.5562
PF3D7_0704600.1	14398	14399	35116.4	117.849
PF3D7_0704700.1	5402	5403	2911.11	26.0358
PF3D7_0704800.1	4297	4298	3899.18	43.8384
PF3D7_0704900.1	1119	1120	532	22.9531
PF3D7_0705000.1	4854	4855	5047.14	50.2348
PF3D7_0705100.1	3509	3510	3012.36	41.4714
PF3D7_0705200.1	5061	5062	362.101	3.45666
PF3D7_0705300.1	3291	3292	15224.2	223.472
PF3D7_0705400.1	3195	3196	4428.22	66.9532
PF3D7_0705500.1	10458	10459	15992.7	73.8888
PF3D7_0705600.1	4319	4320	1481.03	16.5664
PF3D7_0705700.1	1422	1423	12996.2	441.326
PF3D7_0705800.1	582	583	397	32.9056
PF3D7_0705900.1	1466	1467	847.075	27.9023
PF3D7_0706000.1	5266	5267	26896.5	246.764
PF3D7_0706100.1	5580	5581	22230.4	192.479
PF3D7_0706200.1	1072	1073	1380	62.1481
PF3D7_0706300.1	1090	1091	11864.9	525.519
PF3D7_0706400.1	1953	1954	4357.55	107.762
PF3D7_0706500.1	7137	7138	4117.32	27.8732
PF3D7_0706600.1	2883	2884	3465.54	58.0662
PF3D7_0706700.1	2622	2623	237	4.36615
PF3D7_0706800.1	73	74	7	4.57104
PF3D7_0706900.1	72	73	0	0
PF3D7_0707000.1	73	74	2	1.30601
PF3D7_0707100.1	73	74	0	0
PF3D7_0707200.1	6869	6870	4474.9	31.4757
PF3D7_0707300.1	4727	4728	83612.1	854.555
PF3D7_0707400.1	3069	3070	2442	38.4375
PF3D7_0707420.1	348	349	85	11.7691
PF3D7_0707500.1	5962	5963	1661.43	13.4637
PF3D7_0707600.1	1709	1710	766.699	21.6659
PF3D7_0707700.1	3853	3854	3732.67	46.8011
PF3D7_0707800.1	4760	4761	11736.2	119.118
PF3D7_0707900.1	1989	1990	731.699	17.7676
PF3D7_0708000.1	3311	3312	2813	41.0419
PF3D7_0708100.1	1268	1269	1067	40.6304
PF3D7_0708200.1	2865	2866	275.084	4.63807
PF3D7_0708300.1	1384	1385	40.175	1.4017
PF3D7_0708400.1	4313	4314	55137.4	617.61
PF3D7_0708500.1	3461	3462	2261.94	31.572
PF3D7_0708600.1	759	760	452	28.7391
PF3D7_0708700.1	1939	1940	491.625	12.2456
PF3D7_0708800.1	5300	5301	20275.1	184.822
PF3D7_0708900.1	1910	1911	4847.65	122.58
PF3D7_0709000.1	2136	2137	11803.3	266.899
PF3D7_0709050.1	629	630	300.684	23.0631
PF3D7_0709100.1	4223	4224	3606.68	41.2603
PF3D7_0709200.1	1070	1071	380.071	17.1484
PF3D7_0709300.1	8877	8878	5923.44	32.2409
PF3D7_0709400.1	4452	4453	12506.4	135.715
PF3D7_0709500.1	2010	2011	2400.16	57.6734
PF3D7_0709600.1	4030	4031	883.337	10.5892
PF3D7_0709700.1	1771	1772	3873.76	105.637
PF3D7_0709800.1	1072	1073	4036.74	181.794
PF3D7_0709900.1	7445	7446	1432.13	9.29413
PF3D7_0710000.1	10490	10491	10567	48.6724
PF3D7_0710100.1	2272	2273	1097.22	23.3261
PF3D7_0710200.1	10111	10112	12061.3	57.6377
PF3D7_0710300.1	1335	1336	415.28	15.0205
PF3D7_0710400.1	1619	1620	1980.22	59.0673
PF3D7_0710500.1	1128	1129	4464.9	191.103
PF3D7_0710600.1	1383	1384	24789.8	865.536
PF3D7_0710700.1	1638	1639	12813.1	377.766
PF3D7_0710800.1	1819	1820	9165.7	243.356
PF3D7_0710900.1	2069	2070	1819.15	42.4665
PF3D7_0711000.1	4968	4969	5799	56.3939
PF3D7_0711100.1	2489	2490	624.006	12.1098
PF3D7_0711200.1	3649	3650	1906.06	25.2343
PF3D7_0711300.1	1111	1112	25405	1103.98
PF3D7_0711400.1	3334	3335	1874.09	27.1545
PF3D7_0711500.1	3325	3326	1949.02	28.3167
PF3D7_0711600.1	135	136	6	2.13187
PF3D7_0711700.1	6648	6649	82.9078	0.602542
PF3D7_0711800.1	135	136	6	2.13187
PF3D7_0711900.1	1074	1075	15	0.674266
PF3D7_0712000.1	6828	6829	81.0167	0.573278
PF3D7_0712100.1	135	136	0	0
PF3D7_0712200.1	1017	1018	0	0
PF3D7_0712300.1	6804	6805	45.3917	0.322327
PF3D7_0712400.1	6195	6196	22.996	0.179345
PF3D7_0712500.1	1137	1138	0	0
PF3D7_0712600.1	6648	6649	32.9594	0.239537
PF3D7_0712700.1	135	136	0	0
PF3D7_0712800.1	6720	6721	185.377	1.33281
PF3D7_0712900.1	6579	6580	23.9829	0.176126
PF3D7_0713000.1	1041	1042	1	0.0463746
PF3D7_0713100.1	1320	1321	1358.18	49.6825
PF3D7_0713200.1	2066	2067	23.3037	0.544795
PF3D7_0713300.1	1224	1225	0	0
PF3D7_0713400.1	1543	1544	904.017	28.2929
PF3D7_0713500.1	3984	3985	643.67	7.80519
PF3D7_0713600.1	3009	3010	1155	18.5423
PF3D7_0713700.1	1199	1200	5735.99	230.981
PF3D7_0713800.1	1557	1558	1651.57	51.2244
PF3D7_0713900.1	14840	14841	15034.1	48.951
PF3D7_0714000.1	1798	1799	2704.08	72.6334
PF3D7_0714100.1	2049	2050	119	2.80505
PF3D7_0714200.1	4677	4678	2930.14	30.2675
PF3D7_0714300.1	4726	4727	5001.95	51.1331
PF3D7_0714400.1	1664	1665	283	8.21335
PF3D7_0714500.1	3223	3224	12110.5	181.516
PF3D7_0714600.1	2615	2616	3828.68	70.7228
PF3D7_0714700.1	72	73	10	6.6195
PF3D7_0714800.1	80	81	3	1.78972
PF3D7_0714900.1	82	83	40	23.2879
PF3D7_0715000.1	1435	1436	329.111	11.0748
PF3D7_0715100.1	553	554	348	30.3541
PF3D7_0715200.1	7378	7379	3707.52	24.2792
PF3D7_0715300.1	3268	3269	1811.2	26.7732
PF3D7_0715400.1	1220	1221	307.13	12.155
PF3D7_0715500.1	919	920	1850.17	97.1787
PF3D7_0715600.1	2919	2920	2944.53	48.7284
PF3D7_0715700.1	1106	1107	71.8376	3.13583
PF3D7_0715800.1	2090	2091	4089.97	94.518
PF3D7_0715900.1	3313	3314	1919.63	27.9907
PF3D7_0716000.1	4121	4122	3458.95	40.5494
PF3D7_0716100.1	4209	4210	2855.58	32.7763
PF3D7_0716200.1	3227	3228	12354.7	184.947
PF3D7_0716300.1	2947	2948	22655.3	371.355
PF3D7_0716400.1	1157	1158	13348.2	557.009
PF3D7_0716500.1	1694	1695	4466.47	127.334
PF3D7_0716600.1	2101	2102	1508.11	34.6695
PF3D7_0716700.1	3068	3069	9914	156.099
PF3D7_0716800.1	1954	1955	1415.96	34.9988
PF3D7_0716900.1	2852	2853	4688	79.4026
PF3D7_0717000.1	1854	1855	5318.64	138.549
PF3D7_0717100.1	3220	3221	3003.01	45.052
PF3D7_0717200.1	2243	2244	2234.48	48.1173
PF3D7_0717300.1	2799	2800	74628	1287.93
PF3D7_0717400.1	3444	3445	2780.26	38.9982
PF3D7_0717500.1	3012	3013	31492.2	505.071
PF3D7_0717600.1	3875	3876	58528.9	729.684
PF3D7_0717700.1	2251	2252	26988	579.096
PF3D7_0717800.1	4593	4594	1092.52	11.4918
PF3D7_0717900.1	2326	2327	3373.46	70.0532
PF3D7_0718000.1	17541	17542	844.024	2.32501
PF3D7_0718100.1	9090	9091	2951.05	15.6861
PF3D7_0718300.1	7632	7633	264	1.67131
PF3D7_0718400.1	1548	1549	5140.55	160.364
PF3D7_0718500.1	1519	1520	2402.94	76.3919
PF3D7_0718600.1	3824	3825	4107.27	51.8883
PF3D7_0718700.1	1781	1782	1232.15	33.4122
PF3D7_0718800.1	822	823	26	1.52659
PF3D7_0718900.1	705	706	0	0
PF3D7_0719000.1	1523	1524	1581.64	50.1499
PF3D7_0719100.1	1097	1098	19652.8	864.909
PF3D7_0719200.1	1543	1544	225.046	7.04324
PF3D7_0719300.1	4737	4738	4605.33	46.9692
PF3D7_0719400.1	5669	5670	3559.06	30.332
PF3D7_0719500.1	2179	2180	4350.77	96.4402
PF3D7_0719600.1	2688	2689	5912.88	106.257
PF3D7_0719700.1	2931	2932	7713.6	127.128
PF3D7_0719800.1	2727	2728	2072.87	36.7178
PF3D7_0719900.1	10536	10537	8105.93	37.1735
PF3D7_0720000.1	1287	1288	434.039	16.284
PF3D7_0720100.1	1493	1494	340	10.9971
PF3D7_0720200.1	904	905	3951.9	211.011
PF3D7_0720300.1	315	316	1054	161.177
PF3D7_0720400.1	2857	2858	3563.14	60.2447
PF3D7_0720500.1	1561	1562	702.893	21.7448
PF3D7_0720600.1	2365	2366	1599.22	32.6619
PF3D7_0720700.1	8463	8464	13850.1	79.0726
PF3D7_0720800.1	1039	1040	6011.18	279.302
PF3D7_0720900.1	1605	1606	15497.5	466.299
PF3D7_0721000.1	11177	11178	11567.3	50.0054
PF3D7_0721100.1	1986	1987	43313.5	1053.35
PF3D7_0721200.1	3524	3525	1272.96	17.4504
PF3D7_0721300.1	4251	4252	2988.87	33.9674
PF3D7_0721400.1	1668	1669	3459.7	100.168
PF3D7_0721500.1	2626	2627	2325.6	42.7782
PF3D7_0721600.1	1532	1533	22500	709.233
PF3D7_0721700.1	2197	2198	249.403	5.48304
PF3D7_0721800.1	1317	1318	3935.47	144.288
PF3D7_0721900.1	1043	1044	8881.53	411.089
PF3D7_0722000.1	2068	2069	33451.9	781.283
PF3D7_0722100.1	2524	2525	1107.44	21.1938
PF3D7_0722200.1	3241	3242	132607	1976.53
PF3D7_0722300.1	5059	5060	16263.1	155.31
PF3D7_0722400.1	1908	1909	4650.58	117.72
PF3D7_0722500.1	1357	1358	1053	37.4694
PF3D7_0722600.1	2989	2990	2968.81	47.98
PF3D7_0722700.1	1225	1226	300.349	11.8382
PF3D7_0722800.1	1740	1741	200	5.55111
PF3D7_0722900.1	1232	1233	4129.76	161.849
PF3D7_0723000.1	1936	1937	2163.09	53.9626
PF3D7_0723100.1	1386	1387	362	12.6119
PF3D7_0723200.1	1077	1078	86	3.85503
PF3D7_0723300.1	3136	3137	69341.8	1068.14
PF3D7_0723400.1	5535	5536	6312.93	55.104
PF3D7_0723500.1	1545	1546	604.194	18.8849
PF3D7_0723600.1	1156	1157	2855.36	119.255
PF3D7_0723700.1	3546	3547	2394.72	32.6244
PF3D7_0723800.1	7915	7916	15907.8	97.1072
PF3D7_0723900.1	4893	4894	2846.81	28.1088
PF3D7_0724000.1	6058	6059	11443.5	91.2654
PF3D7_0724100.1	5171	5172	35896.9	335.387
PF3D7_0724200.1	1570	1571	6699	206.054
PF3D7_0724300.1	1430	1431	230.011	7.76706
PF3D7_0724400.1	912	913	840	44.4587
PF3D7_0724500.1	924	925	1011.85	52.8593
PF3D7_0724600.1	7205	7206	1429.55	9.58638
PF3D7_0724700.1	11439	11440	8822.13	37.2645
PF3D7_0724800.1	2404	2405	2459	49.4074
PF3D7_0724900.1	6022	6023	49631.3	398.191
PF3D7_0725000.1	5309	5310	3832.58	34.8775
PF3D7_0725100.1	6048	6049	2869.74	22.9249
PF3D7_0725200.1	1125	1126	641.1	27.5129
PF3D7_0725300.1	2989	2990	1351.83	21.8474
PF3D7_0725400.1	722	723	486509	32516.3
PF3D7_0725600.1	2087	2088	35682.4	825.794
PF3D7_0725800.1	159	160	1877	566.882
PF3D7_0726000.1	3788	3789	582445	7428.12
PF3D7_0726050.1	303	304	953	151.484
PF3D7_0726100.1	3623	3624	4372.36	58.301
PF3D7_0726200.1	4307	4308	524.365	5.88174
PF3D7_0726300.1	4690	4691	827.91	8.52837
PF3D7_0726400.1	16006	16007	9513.44	28.7194
PF3D7_0726500.1	12216	12217	7828.8	30.9656
PF3D7_0726600.1	3033	3034	1176.87	18.7439
PF3D7_0726700.1	728	729	25603	1697.12
PF3D7_0726800.1	607	608	1603.93	127.476
PF3D7_0726900.1	2675	2676	1452.35	26.2261
PF3D7_0727000.1	4354	4355	2819.52	31.285
PF3D7_0727100.1	3777	3778	994.637	12.7219
PF3D7_0727200.1	2664	2665	994.05	18.0243
PF3D7_0727300.1	2619	2620	3704.24	68.3197
PF3D7_0727400.1	1354	1355	1808.34	64.4895
PF3D7_0727500.1	2687	2688	25077.8	450.826
PF3D7_0727600.1	3389	3390	1928.79	27.4937
PF3D7_0727700.1	3239	3240	1848.13	27.5636
PF3D7_0727800.1	6477	6478	6159.46	45.9462
PF3D7_0727900.1	6544	6545	1556.2	11.4895
PF3D7_0728000.1	2030	2031	512.835	12.2016
PF3D7_0728100.1	17102	17103	4894.68	13.8293
PF3D7_0728200.1	2203	2204	1679.14	36.8148
PF3D7_0728300.1	1133	1134	1391.9	59.3123
PF3D7_0728400.1	764	765	15069.8	951.909
PF3D7_0728500.1	432	433	1046	116.733
PF3D7_0728600.1	7946	7947	8183.63	49.7612
PF3D7_0728700.1	3836	3837	1148.11	14.4591
PF3D7_0728800.1	2331	2332	5083.99	105.348
PF3D7_0728900.1	2312	2313	1530.74	31.9796
PF3D7_0729000.1	682	683	1418	100.324
PF3D7_0729100.1	8674	8675	24461.6	136.259
PF3D7_0729200.1	1364	1365	579	20.4972
PF3D7_0729300.1	3424	3425	1366.01	19.2726
PF3D7_0729400.1	2242	2243	6191.15	133.38
PF3D7_0729500.1	3578	3579	4251.65	57.4042
PF3D7_0729600.1	1166	1167	5006.53	207.307
PF3D7_0729700.1	2754	2755	4687.82	82.2238
PF3D7_0729800.1	1760	1761	2209.34	60.6249
PF3D7_0729900.1	15198	15199	2426.72	7.71529
PF3D7_0730000.1	1472	1473	636.288	20.8737
PF3D7_0730100.1	3379	3380	1439.71	20.5829
PF3D7_0730200.1	3326	3327	3015	43.7908
PF3D7_0730300.1	4947	4948	4085.05	39.8948
PF3D7_0730400.1	477	478	5648	570.972
PF3D7_0730500.1	10486	10487	10021.9	46.1795
PF3D7_0730600.1	73	74	2.23569	1.45992
PF3D7_0730700.1	72	73	43	28.4639
PF3D7_0730800.1	2858	2859	5372.91	90.8121
PF3D7_0730900.1	9383	9384	6763.86	34.8301
PF3D7_0731000.1	1764	1765	958.384	26.2387
PF3D7_0731100.1	5859	5860	16396.9	135.211
PF3D7_0731200.1	1949	1950	1146.08	28.4008
PF3D7_0731300.1	3239	3240	1524.92	22.7431
PF3D7_0731400.1	1605	1606	631	18.9859
PF3D7_0731500.1	6037	6038	58680.2	469.62
PF3D7_0731600.1	4410	4411	69030.9	756.231
PF3D7_0731700.1	1469	1470	454	14.9241
PF3D7_0731800.1	4128	4129	2649.71	31.01
PF3D7_0731900.1	957	958	24	1.21058
PF3D7_0732000.1	891	892	0	0
PF3D7_0732100.1	1284	1285	0	0
PF3D7_0732200.1	1101	1102	0	0
PF3D7_0732300.1	1017	1018	17.007	0.807287
PF3D7_0732400.1	1149	1150	11	0.462214
PF3D7_0732500.1	1119	1120	7.08137	0.305526
PF3D7_0732600.1	213	214	0	0
PF3D7_0732700.1	1080	1081	75.221	3.3625
PF3D7_0732800.1	1329	1330	0	0
PF3D7_0732900.1	1020	1021	128.75	6.09353
PF3D7_0733000.1	7788	7789	110.446	0.685201
PF3D7_0800100.1	6363	6364	98.734	0.749696
PF3D7_0800200.1	9779	9780	318	1.57122
PF3D7_0800300.1	10075	10076	1234.27	5.91931
PF3D7_0800400.1	993	994	150.821	7.33202
PF3D7_0800500.1	1128	1129	2.00526	0.0858271
PF3D7_0800600.1	876	877	143.83	7.92497
PF3D7_0800650.1	146	147	12.8508	4.22438
PF3D7_0800700.1	8556	8557	1162.35	6.56395
PF3D7_0800750.1	576	577	655	54.8547
PF3D7_0800800.1	1451	1452	401	13.3452
PF3D7_0800900.1	636	637	10.0521	0.762546
PF3D7_0801000.1	5877	5878	1687.07	13.8692
PF3D7_0801100.1	6175	6176	523.001	4.09207
PF3D7_0801200.1	162	163	1.00157	0.296922
PF3D7_0801300.1	873	874	95	5.25243
PF3D7_0801400.1	949	950	434.231	22.0874
PF3D7_0801500.1	2446	2447	1223.94	24.1699
PF3D7_0801600.1	707	708	207.416	14.1566
PF3D7_0801700.1	6899	6900	2627.41	18.4004
PF3D7_0801800.1	4641	4642	14024.3	145.991
PF3D7_0801900.1	17669	17670	5201.68	14.2251
PF3D7_0802000.1	6028	6029	43318.3	347.196
PF3D7_0802100.1	9490	9491	6817.37	34.7099
PF3D7_0802200.1	1973	1974	106662	2611.04
PF3D7_0802300.1	4285	4286	1910.03	21.5345
PF3D7_0802400.1	2187	2188	2117	46.7543
PF3D7_0802500.1	5631	5632	2403.29	20.6202
PF3D7_0802600.1	7479	7480	57246.5	369.825
PF3D7_0802700.1	1233	1234	534	20.911
PF3D7_0802800.1	2764	2765	26446.4	462.19
PF3D7_0802900.1	1375	1376	167.271	5.87422
PF3D7_0803000.1	2442	2443	2464	48.7378
PF3D7_0803100.1	4591	4592	3879.34	40.8229
PF3D7_0803200.1	3094	3095	3867.3	60.3803
PF3D7_0803300.1	1537	1538	466	14.6412
PF3D7_0803400.1	5951	5952	56895.5	461.916
PF3D7_0803500.1	5114	5115	2970.11	28.0591
PF3D7_0803600.1	5954	5955	5109.8	41.4639
PF3D7_0803700.1	2408	2409	273.33	5.48275
PF3D7_0803800.1	1654	1655	53265.7	1555.24
PF3D7_0803900.1	130	131	107	39.4694
PF3D7_0804000.1	3546	3547	5100.97	69.4927
PF3D7_0804100.1	85	86	0	0
PF3D7_0804200.1	160	161	32	9.60445
PF3D7_0804300.1	3196	3197	1634.88	24.711
PF3D7_0804400.1	3414	3415	2768.01	39.1674
PF3D7_0804500.1	19773	19774	29757.2	72.7186
PF3D7_0804600.1	2374	2375	1769.52	36.0031
PF3D7_0804700.1	5997	5998	3205.48	25.8247
PF3D7_0804800.1	1125	1126	4181.24	179.438
PF3D7_0804900.1	2765	2766	20622.7	360.281
PF3D7_0805000.1	1977	1978	1183.16	28.9044
PF3D7_0805100.1	2767	2768	411.118	7.17709
PF3D7_0805200.1	1118	1119	2832.1	122.3
PF3D7_0805300.1	4228	4229	6783	77.5055
PF3D7_0805400.1	1180	1181	10483	428.928
PF3D7_0805500.1	5734	5735	6317.37	53.2294
PF3D7_0805600.1	2465	2466	1258.43	24.6595
PF3D7_0805700.1	6243	6244	4806.47	37.1973
PF3D7_0805800.1	1311	1312	136	5.00903
PF3D7_0805900.1	750	751	157	10.102
PF3D7_0806000.1	4165	4166	1037.55	12.0348
PF3D7_0806100.1	2546	2547	2137.26	40.5486
PF3D7_0806200.1	3386	3387	9436	134.624
PF3D7_0806300.1	5343	5344	5860	52.9882
PF3D7_0806400.1	1328	1329	175.129	6.36767
PF3D7_0806500.1	3318	3319	3864.54	56.2651
PF3D7_0806600.1	3281	3282	2540.78	37.409
PF3D7_0806700.1	8860	8861	6602.74	36.0072
PF3D7_0806800.1	4316	4317	15975.5	178.822
PF3D7_0806900.1	2004	2005	0	0
PF3D7_0807000.1	4028	4029	10431.4	125.11
PF3D7_0807100.1	4597	4598	2497.6	26.2484
PF3D7_0807200.1	2139	2140	633.668	14.3086
PF3D7_0807300.1	1582	1583	76279.7	2328.5
PF3D7_0807400.1	1827	1828	7161.02	189.299
PF3D7_0807500.1	2281	2282	2118.54	44.8611
PF3D7_0807600.1	6650	6651	15535.7	112.873
PF3D7_0807700.1	3166	3167	8707.11	132.854
PF3D7_0807800.1	1970	1971	9650.9	236.608
PF3D7_0807900.1	2005	2006	3064.8	73.8277
PF3D7_0808000.1	4916	4917	3220	31.6449
PF3D7_0808100.1	6048	6049	2202.41	17.594
PF3D7_0808200.1	3518	3519	8472.69	116.346
PF3D7_0808300.1	2388	2389	16846.7	340.758
PF3D7_0808400.1	1883	1884	3748.42	96.1425
PF3D7_0808450.1	273	274	8012	1412.99
PF3D7_0808500.1	135	136	0	0
PF3D7_0808600.1	7804	7805	168.094	1.0407
PF3D7_0808700.1	6696	6697	117.425	0.847286
PF3D7_0808800.1	1167	1168	29.0472	1.20174
PF3D7_0808900.1	999	1000	464.882	22.4642
PF3D7_0809000.1	135	136	0	0
PF3D7_0809100.1	7018	7019	400.765	2.75907
PF3D7_0809200.1	4975	4976	1999.44	19.4167
PF3D7_0809250.1	204	205	3159	744.636
PF3D7_0809400.1	3042	3043	12616.6	200.35
PF3D7_0809500.1	915	916	15.7832	0.83262
PF3D7_0809600.1	17994	17995	5393.06	14.4821
PF3D7_0809700.1	1563	1564	1214	37.5085
PF3D7_0809800.1	3894	3895	3536	43.8685
PF3D7_0809900.1	4952	4953	2161.05	21.0836
PF3D7_0810000.1	1243	1244	10189.4	395.803
PF3D7_0810100.1	1256	1257	5866.44	225.521
PF3D7_0810200.1	3581	3582	4076.82	54.9977
PF3D7_0810300.1	4433	4434	43957	479.049
PF3D7_0810400.1	1812	1813	21140	563.45
PF3D7_0810500.1	1413	1414	9927.33	339.259
PF3D7_0810600.1	7019	7020	13952.2	96.0402
PF3D7_0810700.1	1392	1393	2399.5	83.2373
PF3D7_0810800.1	2866	2867	1958	33.0014
PF3D7_0810900.1	2282	2283	9375.43	198.442
PF3D7_0810900.2	366	367	603.706	79.4892
PF3D7_0811000.1	4754	4755	3766.06	38.2723
PF3D7_0811100.1	2686	2687	812.382	14.6097
PF3D7_0811200.1	4349	4350	8435.93	93.7113
PF3D7_0811300.1	7196	7197	8285.45	55.6305
PF3D7_0811400.1	4044	4045	7408	88.4974
PF3D7_0811500.1	3899	3900	877.399	10.8713
PF3D7_0811600.1	4090	4091	5654.53	66.7906
PF3D7_0811700.1	5242	5243	7120.14	65.6231
PF3D7_0811800.1	2686	2687	18129.7	326.041
PF3D7_0811900.1	4523	4524	101733	1086.64
PF3D7_0812000.1	1459	1460	2805.97	92.8706
PF3D7_0812100.1	8840	8841	16289.8	89.0354
PF3D7_0812200.1	1325	1326	946	34.4743
PF3D7_0812220.1	1304	1305	1600.59	59.2678
PF3D7_0812300.1	1386	1387	74	2.57812
PF3D7_0812400.1	3209	3210	7196.94	108.341
PF3D7_0812500.1	5332	5333	9603.34	87.016
PF3D7_0812600.1	1615	1616	452.204	13.522
PF3D7_0812700.1	1892	1893	8374.82	213.783
PF3D7_0812800.1	219	220	50	10.9824
PF3D7_0812900.1	6113	6114	2512.74	19.8596
PF3D7_0813000.1	2093	2094	5732	132.275
PF3D7_0813100.1	3598	3599	3076.63	41.3087
PF3D7_0813200.1	2083	2084	24764.7	574.228
PF3D7_0813300.1	2317	2318	31937.1	665.78
PF3D7_0813400.1	4327	4328	6168.13	68.8675
PF3D7_0813500.1	1548	1549	2835	88.4402
PF3D7_0813600.1	2139	2140	15432.1	348.465
PF3D7_0813700.1	4960	4961	23011	224.138
PF3D7_0813800.1	1385	1386	738	25.7301
PF3D7_0813900.1	1760	1761	10121.8	277.746
PF3D7_0814000.1	2401	2402	53963.1	1085.61
PF3D7_0814100.1	2362	2363	3345.81	68.4205
PF3D7_0814200.1	3970	3971	180999	2202.55
PF3D7_0814300.1	4361	4362	632.419	7.00596
PF3D7_0814400.1	2991	2992	5404.66	87.2881
PF3D7_0814500.1	3410	3411	817.057	11.5749
PF3D7_0814600.1	1182	1183	479	19.5659
PF3D7_0814700.1	1547	1548	3518.08	109.82
PF3D7_0814900.1	1432	1433	1072.79	36.1756
PF3D7_0815000.1	1988	1989	4181.69	101.593
PF3D7_0815100.1	2928	2929	3798.42	62.666
PF3D7_0815200.1	5148	5149	2584.98	24.2596
PF3D7_0815300.1	4305	4306	414.888	4.65592
PF3D7_0815400.1	1122	1123	44.1782	1.90098
PF3D7_0815500.1	3017	3018	4260.97	68.2241
PF3D7_0815600.1	1371	1372	16300.6	574.113
PF3D7_0815700.1	2005	2006	445.408	10.7294
PF3D7_0815800.1	6653	6654	6920.14	50.2551
PF3D7_0815900.1	2240	2241	598.185	12.8986
PF3D7_0816000.1	2197	2198	968	21.2812
PF3D7_0816100.1	1290	1291	859.109	32.1566
PF3D7_0816200.1	1273	1274	2335.72	88.5931
PF3D7_0816300.1	3000	3001	6135.73	98.798
PF3D7_0816400.1	1424	1425	1282.6	43.4935
PF3D7_0816500.1	519	520	5	0.464638
PF3D7_0816600.1	4309	4310	2326.02	26.0786
PF3D7_0816700.1	1294	1295	2940	109.705
PF3D7_0816800.1	1055	1056	71	3.24895
PF3D7_0816900.1	1086	1087	544.9	24.2234
PF3D7_0817000.1	1170	1171	187	7.71672
PF3D7_0817100.1	2998	2999	2253.41	36.3088
PF3D7_0817200.1	3509	3510	1373.37	18.9073
PF3D7_0817300.1	9235	9236	3429.86	17.9449
PF3D7_0817400.1	3260	3261	4371.83	64.7829
PF3D7_0817500.1	1536	1537	26816.7	843.102
PF3D7_0817600.1	4164	4165	11827.7	137.225
PF3D7_0817700.1	5135	5136	14854.1	139.756
PF3D7_0817800.1	1535	1536	27662.9	870.273
PF3D7_0817900.1	1091	1092	8846	391.447
PF3D7_0818000.1	3563	3564	38823.2	526.383
PF3D7_0818100.1	3056	3057	7641.82	120.795
PF3D7_0818200.1	3935	3936	3131.77	38.4488
PF3D7_0818300.1	1683	1684	208	5.96856
PF3D7_0818400.1	1410	1411	4951.56	169.576
PF3D7_0818500.1	2662	2663	3949.11	71.66
PF3D7_0818600.1	1547	1548	3577	111.66
PF3D7_0818700.1	6197	6198	5866.39	45.737
PF3D7_0818800.1	1816	1817	6170.95	164.114
PF3D7_0818900.1	4431	4432	57773.1	629.903
PF3D7_0819000.1	4711	4712	4085.68	41.8993
PF3D7_0819100.1	2200	2201	523.7	11.4977
PF3D7_0819200.1	2031	2032	872	20.7368
PF3D7_0819300.1	3596	3597	921	12.3728
PF3D7_0819400.1	1965	1966	162	3.9818
PF3D7_0819500.1	1776	1777	214.005	5.81948
PF3D7_0819600.1	3035	3036	7185.7	114.371
PF3D7_0819700.1	2346	2347	8124	167.265
PF3D7_0819800.1	4227	4228	8564	97.8791
PF3D7_0819900.1	497	498	3694	358.439
PF3D7_0820000.1	7710	7711	3272.84	20.5098
PF3D7_0820100.1	1416	1417	2519	85.9027
PF3D7_0820200.1	3760	3761	5299.47	68.0891
PF3D7_0820300.1	4415	4416	2200.59	24.0801
PF3D7_0820400.1	2441	2442	567.18	11.2234
PF3D7_0820500.1	2921	2922	2379.31	39.3477
PF3D7_0820600.1	2052	2053	241	5.67252
PF3D7_0820700.1	4055	4056	4916.27	58.5714
PF3D7_0820800.1	3012	3013	3844.78	61.6624
PF3D7_0820900.1	5053	5054	9687.49	92.6242
PF3D7_0821000.1	2238	2239	5695.31	122.917
PF3D7_0821100.1	3227	3228	2265.55	33.9148
PF3D7_0821200.1	1160	1161	189.031	7.86772
PF3D7_0821300.1	3217	3218	1698	25.4976
PF3D7_0821400.1	2381	2382	927.06	18.8068
PF3D7_0821500.1	1405	1406	365.875	12.5746
PF3D7_0821600.1	2504	2505	9472.43	182.727
PF3D7_0821700.1	1728	1729	928.456	25.9486
PF3D7_0821800.1	1689	1690	3278.36	93.7386
PF3D7_0821900.1	1053	1054	1296.12	59.4227
PF3D7_0822000.1	2192	2193	718.158	15.8245
PF3D7_0822100.1	1450	1451	2372.36	79.0063
PF3D7_0822200.1	4557	4558	4344.75	46.0616
PF3D7_0822300.1	1130	1131	1549.32	66.1951
PF3D7_0822400.1	1738	1739	494.105	13.7299
PF3D7_0822500.1	963	964	459.538	23.0353
PF3D7_0822600.1	3568	3569	1011.87	13.7002
PF3D7_0822700.1	3590	3591	3682.99	49.5602
PF3D7_0822800.1	1984	1985	280.317	6.82396
PF3D7_0822900.1	5252	5253	20593.6	189.441
PF3D7_0823000.1	4157	4158	2956.39	34.3578
PF3D7_0823100.1	2786	2787	690.514	11.9725
PF3D7_0823200.1	3980	3981	2682.69	32.5631
PF3D7_0823300.1	5437	5438	3074.08	27.3164
PF3D7_0823400.1	1485	1486	159	5.17043
PF3D7_0823500.1	1792	1793	99.5963	2.68418
PF3D7_0823600.1	1634	1635	361.038	10.6705
PF3D7_0823700.1	954	955	176.008	8.9059
PF3D7_0823800.1	3474	3475	19121.5	265.898
PF3D7_0823900.1	1754	1755	162.141	4.46441
PF3D7_0824000.1	2704	2705	5170	92.3574
PF3D7_0824100.1	1953	1954	10673.4	263.953
PF3D7_0824200.1	3849	3850	7249	90.9841
PF3D7_0824300.1	2322	2323	9765	203.129
PF3D7_0824400.1	3195	3196	8880.11	134.264
PF3D7_0824500.1	1726	1727	6388.98	178.767
PF3D7_0824600.1	1438	1439	1287	43.2181
PF3D7_0824700.1	2405	2406	9538.29	191.568
PF3D7_0824800.1	4921	4922	1463.89	14.3719
PF3D7_0824900.1	3973	3974	4585.13	55.7535
PF3D7_0825000.1	5630	5631	4462.11	38.2915
PF3D7_0825100.1	561	562	124	10.6619
PF3D7_0825200.1	1196	1197	7318.52	295.445
PF3D7_0825300.1	1179	1180	9698.82	397.178
PF3D7_0825400.1	923	924	9478.61	495.702
PF3D7_0825500.1	2872	2873	2633.01	44.2859
PF3D7_0825600.1	817	818	4738	279.892
PF3D7_0825700.1	918	919	542	28.4992
PF3D7_0825800.1	1341	1342	1089	39.2124
PF3D7_0825900.1	2685	2686	200.081	3.59955
PF3D7_0826000.1	3955	3956	538.609	6.57908
PF3D7_0826100.1	27924	27925	24308.9	42.065
PF3D7_0826200.1	2474	2475	1987	38.7946
PF3D7_0826300.1	2964	2965	3536.94	57.6436
PF3D7_0826400.1	954	955	698	35.3183
PF3D7_0826500.1	5939	5940	4036.12	32.8342
PF3D7_0826600.1	2001	2002	644.504	15.5564
PF3D7_0826700.1	2141	2142	19447.9	438.734
PF3D7_0826800.1	98	99	2	0.97621
PF3D7_0826900.1	2758	2759	7038.23	123.271
PF3D7_0827000.1	4346	4347	19089.7	212.206
PF3D7_0827100.1	5011	5012	571.138	5.50653
PF3D7_0827200.1	3015	3016	225.672	3.61572
PF3D7_0827300.1	2653	2654	2463	44.8448
PF3D7_0827400.1	657	658	1272	93.4135
PF3D7_0827500.1	1650	1651	7691.09	225.107
PF3D7_0827600.1	6024	6025	24242.4	194.431
PF3D7_0827700.1	2832	2833	114	1.94449
PF3D7_0827800.1	7596	7597	12010	76.3925
PF3D7_0827900.1	2424	2425	23381	465.907
PF3D7_0828000.1	804	805	7	0.420195
PF3D7_0828100.1	3639	3640	2297.09	30.4947
PF3D7_0828200.1	5250	5251	8609.83	79.232
PF3D7_0828300.1	3415	3416	3639.23	51.4802
PF3D7_0828400.1	2510	2511	663.979	12.7778
PF3D7_0828500.1	1706	1707	37957.7	1074.52
PF3D7_0828600.1	2371	2372	6813	138.794
PF3D7_0828700.1	3978	3979	1104.05	13.4079
PF3D7_0828800.1	4046	4047	90685.1	1082.81
PF3D7_0828900.1	1870	1871	7269	187.737
PF3D7_0829000.1	6927	6928	8360.4	58.3133
PF3D7_0829100.1	1476	1477	2686.97	87.9085
PF3D7_0829200.1	1464	1465	608.199	20.0612
PF3D7_0829300.1	1709	1710	1465.94	41.4257
PF3D7_0829400.1	2922	2923	26815.2	443.303
PF3D7_0829500.1	7015	7016	1062.71	7.31933
PF3D7_0829600.1	1486	1487	2432.53	79.0489
PF3D7_0829700.1	813	814	844	50.1033
PF3D7_0829800.1	2739	2740	45	0.793616
PF3D7_0829900.1	3171	3172	8594	130.921
PF3D7_0830000.1	111	112	0	0
PF3D7_0830100.1	2827	2828	47411	810.117
PF3D7_0830200.1	4371	4372	1084.99	11.9921
PF3D7_0830300.1	1167	1168	51	2.10997
PF3D7_0830400.1	1992	1993	5639.23	136.729
PF3D7_0830500.1	3696	3697	12448.2	162.707
PF3D7_0830600.1	3670	3671	3641.4	47.9327
PF3D7_0830700.1	2172	2173	1672.49	37.1922
PF3D7_0830800.1	8209	8210	4599.81	27.0735
PF3D7_0830900.1	1743	1744	1196.25	33.1453
PF3D7_0831000.1	2027	2028	607.194	14.468
PF3D7_0831100.1	6752	6753	520.783	3.72656
PF3D7_0831200.1	3982	3983	1869.85	22.6853
PF3D7_0831300.1	4356	4357	4532.96	50.2739
PF3D7_0831400.1	2167	2168	8263.55	184.185
PF3D7_0831500.1	3811	3812	1851.44	23.4696
PF3D7_0831600.1	4332	4333	81573	909.716
PF3D7_0831700.1	4215	4216	23044.3	264.126
PF3D7_0831750.1	867	868	571	31.7881
PF3D7_0831800.1	3631	3632	19098.2	254.094
PF3D7_0831900.1	864	865	274	15.3067
PF3D7_0832000.1	912	913	244	12.9142
PF3D7_0832100.1	1026	1027	315	14.8214
PF3D7_0832200.1	2640	2641	717.792	13.1334
PF3D7_0832200.2	882	883	7.26315	0.397477
PF3D7_0832250.1	483	484	9	0.898557
PF3D7_0832300.1	780	781	72	4.45482
PF3D7_0832400.1	915	916	5.28212	0.278651
PF3D7_0832500.1	981	982	5	0.246041
PF3D7_0832600.1	954	955	0	0
PF3D7_0832700.1	783	784	1	0.0616357
PF3D7_0832800.1	921	922	0	0
PF3D7_0832900.1	915	916	8	0.422029
PF3D7_0833000.1	1107	1108	5.1206	0.223321
PF3D7_0833100.1	1107	1108	9.975	0.435032
PF3D7_0833150.1	213	214	8	1.80644
PF3D7_0833200.1	1071	1072	62.424	2.81388
PF3D7_0833300.1	1185	1186	4.91247	0.200154
PF3D7_0833400.1	1023	1024	26.1602	1.2345
PF3D7_0833500.1	6810	6811	236.987	1.68137
PF3D7_0900100.1	6813	6814	129.971	0.921707
PF3D7_0900200.1	1131	1132	65.2304	2.78453
PF3D7_0900300.1	1080	1081	21.9619	0.981732
PF3D7_0900350.1	213	214	2	0.451611
PF3D7_0900400.1	1032	1033	72.6018	3.39621
PF3D7_0900500.1	1017	1018	82.2425	3.90388
PF3D7_0900600.1	1104	1105	51.6128	2.25706
PF3D7_0900700.1	1146	1147	0	0
PF3D7_0900800.1	1368	1369	17.4259	0.615091
PF3D7_0900900.1	903	904	15.126	0.808547
PF3D7_0901000.1	930	931	1	0.0519037
PF3D7_0901100.1	1053	1054	11.9079	0.545935
PF3D7_0901200.1	213	214	5	1.12903
PF3D7_0901300.1	1137	1138	32.5897	1.38384
PF3D7_0901400.1	1053	1054	12	0.55016
PF3D7_0901500.1	1098	1099	105.979	4.65982
PF3D7_0901600.1	912	913	7	0.370489
PF3D7_0901700.1	1948	1949	4288.04	106.315
PF3D7_0901800.1	1868	1869	793.703	20.5209
PF3D7_0901900.1	2156	2157	38.0798	0.853086
PF3D7_0902000.1	2537	2538	447	8.51068
PF3D7_0902100.1	1835	1836	7746	203.87
PF3D7_0902200.1	3256	3257	1720.94	25.5327
PF3D7_0902300.1	3113	3114	1867.76	28.9835
PF3D7_0902400.1	1623	1624	726	21.6022
PF3D7_0902500.1	3034	3035	1645	26.1912
PF3D7_0902600.1	1854	1855	1587.6	41.3566
PF3D7_0902700.1	1347	1348	883	31.6533
PF3D7_0902800.1	3697	3698	17356	226.794
PF3D7_0902900.1	309	310	11	1.71466
PF3D7_0903000.1	1247	1248	1089.3	42.1775
PF3D7_0903100.1	957	958	112	5.64938
PF3D7_0903200.1	2134	2135	13491.1	305.351
PF3D7_0903300.1	12689	12690	13667.4	52.0441
PF3D7_0903400.1	10124	10125	14718.4	70.2447
PF3D7_0903500.1	5435	5436	5063.62	45.0122
PF3D7_0903600.1	2924	2925	32196.9	531.908
PF3D7_0903700.1	2775	2776	5025	87.4712
PF3D7_0903800.1	4572	4573	108.003	1.14126
PF3D7_0903900.1	772	773	3495.19	218.494
PF3D7_0904000.1	4251	4252	6205.93	70.528
PF3D7_0904100.1	4167	4168	1724.02	19.9877
PF3D7_0904200.1	1166	1167	203.003	8.4058
PF3D7_0904300.1	7464	7465	727	4.70601
PF3D7_0904400.1	1497	1498	2534.69	81.764
PF3D7_0904500.1	1551	1552	1367.09	42.5651
PF3D7_0904600.1	6753	6754	3686.77	26.3775
PF3D7_0904700.1	1432	1433	34869.4	1175.84
PF3D7_0904800.1	2585	2586	2791.19	52.1567
PF3D7_0904900.1	9118	9119	19174.1	101.605
PF3D7_0905000.1	1593	1594	214.565	6.50456
PF3D7_0905100.1	6810	6811	3346	23.739
PF3D7_0905200.1	4721	4722	526	5.3828
PF3D7_0905300.1	18357	18358	1551	4.08258
PF3D7_0905400.1	3989	3990	494862	5993.21
PF3D7_0905500.1	3158	3159	21534.6	329.409
PF3D7_0905600.1	3663	3664	255.722	3.37257
PF3D7_0905700.1	1922	1923	1443.51	36.2734
PF3D7_0905700.2	942	943	4.57224	0.234297
PF3D7_0905700.3	372	373	90.1974	11.6851
PF3D7_0905800.1	5278	5279	1202.56	11.0079
PF3D7_0905900.1	3277	3278	2183	32.1805
PF3D7_0906000.1	6431	6432	1750.01	13.1475
PF3D7_0906100.1	866	867	2742	152.826
PF3D7_0906200.1	2716	2717	5806.82	103.275
PF3D7_0906300.1	2345	2346	988.005	20.3507
PF3D7_0906400.1	2755	2756	4464	78.2696
PF3D7_0906500.1	2588	2589	2749.42	51.3165
PF3D7_0906600.1	3942	3943	1360.71	16.6758
PF3D7_0906700.1	2608	2609	9767.41	180.906
PF3D7_0906800.1	2829	2830	2028.28	34.6329
PF3D7_0906890.1	856	857	4187.44	236.111
PF3D7_0906910.1	797	798	97	5.87377
PF3D7_0907000.1	724	725	1477.02	98.4457
PF3D7_0907100.1	4403	4404	4287.57	47.0448
PF3D7_0907200.1	5512	5513	1403.07	12.2982
PF3D7_0907300.1	1716	1717	3879.52	109.183
PF3D7_0907400.1	4424	4425	34542.7	377.217
PF3D7_0907500.1	1998	1999	14031	339.176
PF3D7_0907600.1	3950	3951	9676.91	118.353
PF3D7_0907700.1	2069	2070	465.137	10.8582
PF3D7_0907800.1	1177	1178	4059.48	166.523
PF3D7_0907900.1	908	909	16457.5	874.88
PF3D7_0908000.1	2089	2090	555.818	12.8509
PF3D7_0908100.1	1431	1432	11876	400.752
PF3D7_0908200.1	5434	5435	2836.76	25.2215
PF3D7_0908300.1	2574	2575	3913.92	73.4485
PF3D7_0908300.2	792	793	129.731	7.90531
PF3D7_0908400.1	1934	1935	3642.02	90.9514
PF3D7_0908500.1	6761	6762	22487.4	160.699
PF3D7_0908600.1	2140	2141	518.001	11.6913
PF3D7_0908700.1	1715	1716	1279.42	36.0283
PF3D7_0908800.1	3032	3033	854.614	13.6159
PF3D7_0908900.1	3965	3966	1257.16	15.3174
PF3D7_0909000.1	3039	3040	642	10.2049
PF3D7_0909100.1	3270	3271	550.951	8.13918
PF3D7_0909200.1	1410	1411	162	5.548
PF3D7_0909300.1	1515	1516	2635.52	84.0071
PF3D7_0909400.1	5592	5593	5001.76	43.2142
PF3D7_0909500.1	2481	2482	645.406	12.5655
PF3D7_0909600.1	2901	2902	44766.1	745.418
PF3D7_0909700.1	7313	7314	1440.34	9.51608
PF3D7_0909800.1	1185	1186	413.153	16.8335
PF3D7_0909900.1	5161	5162	3867.79	36.207
PF3D7_0910000.1	3345	3346	274	3.95706
PF3D7_0910100.1	6299	6300	3298.16	25.2976
PF3D7_0910200.1	10714	10715	14237.4	64.2075
PF3D7_0910300.1	2686	2687	6058.02	108.946
PF3D7_0910400.1	4220	4221	1261.3	14.4395
PF3D7_0910500.1	6223	6224	8587.19	66.6699
PF3D7_0910600.1	1305	1306	2090.02	77.3313
PF3D7_0910700.1	2138	2139	410	9.26235
PF3D7_0910800.1	2144	2145	604.208	13.6115
PF3D7_0910900.1	2588	2589	703.073	13.1225
PF3D7_0911000.1	1740	1741	23897.5	663.289
PF3D7_0911100.1	4825	4826	43752	438.085
PF3D7_0911200.1	1462	1463	2210.45	73.0102
PF3D7_0911300.1	9942	9943	2063.02	10.0262
PF3D7_0911400.1	4554	4555	14868.4	157.734
PF3D7_0911500.1	1162	1163	1505.14	62.5383
PF3D7_0911500.2	411	412	1445.86	169.581
PF3D7_0911600.1	3220	3221	7250.41	108.773
PF3D7_0911700.1	3894	3895	2236.29	27.7439
PF3D7_0911800.1	1252	1253	3380.18	130.358
PF3D7_0911900.1	2911	2912	10478.7	173.886
PF3D7_0912000.1	5376	5377	2190.38	19.6846
PF3D7_0912100.1	2190	2191	10205.3	225.076
PF3D7_0912200.1	1362	1363	613	21.7327
PF3D7_0912400.1	3651	3652	3206.66	42.4298
PF3D7_0912500.1	1712	1713	13506.2	380.999
PF3D7_0912600.1	2721	2722	6195	109.977
PF3D7_0912700.1	732	733	428.533	28.2507
PF3D7_0912800.1	2851	2852	960.577	16.2754
PF3D7_0912900.1	1912	1913	1494.27	37.7452
PF3D7_0913000.1	970	971	4195.51	208.792
PF3D7_0913100.1	2319	2320	151	3.14512
PF3D7_0913150.1	138	139	22	7.64815
PF3D7_0913200.1	1488	1489	26325.5	854.34
PF3D7_0913300.1	2890	2891	329.672	5.51039
PF3D7_0913400.1	507	508	95	9.03666
PF3D7_0913500.1	1797	1798	4903	131.771
PF3D7_0913600.1	4222	4223	4858.89	55.5986
PF3D7_0913700.1	2378	2379	50119.3	1018.03
PF3D7_0913800.1	829	830	10322.8	600.989
PF3D7_0913900.1	2963	2964	11636	189.703
PF3D7_0914000.1	3077	3078	5913	92.8298
PF3D7_0914100.1	3918	3919	26963.1	332.463
PF3D7_0914200.1	2980	2981	1530.41	24.8081
PF3D7_0914300.1	2594	2595	2245.77	41.8193
PF3D7_0914400.1	912	913	1197	63.3536
PF3D7_0914500.1	5739	5740	3801.68	32.0045
PF3D7_0914600.1	1826	1827	2596.19	68.6668
PF3D7_0914700.1	3021	3022	3962.12	63.3551
PF3D7_0914800.1	2606	2607	17868.6	331.207
PF3D7_0914900.1	3918	3919	2307.61	28.4535
PF3D7_0915000.1	2084	2085	6422.01	148.838
PF3D7_0915100.1	1589	1590	2589	78.6834
PF3D7_0915200.1	1765	1766	1321.89	36.1703
PF3D7_0915300.1	2843	2844	323.484	5.49631
PF3D7_0915400.1	6368	6369	6719.44	50.9812
PF3D7_0915500.1	2835	2836	323.109	5.50543
PF3D7_0915600.1	1330	1331	1335.08	48.4706
PF3D7_0915700.1	1336	1337	2423	87.573
PF3D7_0915800.1	1035	1036	50	2.33216
PF3D7_0915900.1	2364	2365	6007.98	122.757
PF3D7_0916000.1	4856	4857	10700.4	106.458
PF3D7_0916100.1	1404	1405	654.019	22.4938
PF3D7_0916200.1	4075	4076	14520.4	172.144
PF3D7_0916300.1	879	880	3275	179.836
PF3D7_0916400.1	7945	7946	19754.1	120.131
PF3D7_0916500.1	1796	1797	1466.48	39.4346
PF3D7_0916600.1	1076	1077	117.003	5.24962
PF3D7_0916700.1	6589	6590	19589	143.64
PF3D7_0916800.1	705	706	160	10.9512
PF3D7_0916900.1	2997	2998	6021.46	97.0552
PF3D7_0917000.1	6337	6338	3310.31	25.2385
PF3D7_0917100.1	3223	3224	5495.64	82.3705
PF3D7_0917200.1	975	976	142	7.03051
PF3D7_0917300.1	2179	2180	1905	42.2267
PF3D7_0917400.1	5759	5760	1583.2	13.2819
PF3D7_0917500.1	3071	3072	1545.48	24.3103
PF3D7_0917600.1	3103	3104	1254.56	19.5307
PF3D7_0917700.1	1635	1636	369.813	10.9231
PF3D7_0917800.1	1745	1746	55	1.52218
PF3D7_0917900.1	4655	4656	16866.9	175.054
PF3D7_0918000.1	3657	3658	46454.6	613.668
PF3D7_0918100.1	1981	1982	10151	247.488
PF3D7_0918200.1	1170	1171	4351.03	179.549
PF3D7_0918300.1	1868	1869	497.055	12.8512
PF3D7_0918400.1	5163	5164	342.081	3.20104
PF3D7_0918500.1	2148	2149	28043.2	630.578
PF3D7_0918600.1	3033	3034	2545.98	40.5497
PF3D7_0918700.1	2740	2741	1409.35	24.8461
PF3D7_0918800.1	2777	2778	520.044	9.04599
PF3D7_0918900.1	5747	5748	3045.55	25.6034
PF3D7_0919000.1	2006	2007	10968.1	264.077
PF3D7_0919100.1	2891	2892	14330	239.44
PF3D7_0919200.1	2223	2224	20932.2	454.807
PF3D7_0919300.1	1212	1213	319.001	12.7081
PF3D7_0919400.1	2687	2688	2250.57	40.4587
PF3D7_0919500.1	1431	1432	27	0.911106
PF3D7_0919600.1	1975	1976	14712.7	359.794
PF3D7_0919700.1	1640	1641	6296.31	185.407
PF3D7_0919800.1	4103	4104	11257.3	132.548
PF3D7_0919900.1	12058	12059	18385.4	73.6731
PF3D7_0920000.1	2778	2779	12601.7	219.123
PF3D7_0920100.1	1444	1445	323.678	10.8241
PF3D7_0920200.1	3548	3549	2176.9	29.6402
PF3D7_0920300.1	841	842	748	42.9277
PF3D7_0920400.1	6775	6776	3140.59	22.3968
PF3D7_0920500.1	2064	2065	1616.1	37.8179
PF3D7_0920600.1	4612	4613	4913.42	51.4694
PF3D7_0920700.1	2795	2796	7398.09	127.859
PF3D7_0920800.1	2772	2773	582.285	10.1469
PF3D7_0920900.1	2259	2260	1544.6	33.026
PF3D7_0921000.1	1594	1595	4457.34	135.04
PF3D7_0921000.2	447	448	302.005	32.575
PF3D7_0921100.1	1489	1490	3358.74	108.928
PF3D7_0921200.1	7628	7629	2157.99	13.6688
PF3D7_0921300.1	2047	2048	967.39	22.8255
PF3D7_0921400.1	920	921	23	1.20675
PF3D7_0921500.1	1266	1267	926	35.3169
PF3D7_0921600.1	5778	5779	1726.03	14.4326
PF3D7_0921700.1	1710	1711	44645	1260.87
PF3D7_0921800.1	1520	1521	278	8.8321
PF3D7_0921900.1	1729	1730	5988.81	167.279
PF3D7_0922000.1	2463	2464	332	6.51097
PF3D7_0922100.1	6746	6747	5054.45	36.2002
PF3D7_0922200.1	4370	4371	32734.2	361.884
PF3D7_0922300.1	948	949	623	31.7227
PF3D7_0922400.1	3081	3082	628.138	9.84851
PF3D7_0922500.1	2934	2935	13104.9	215.762
PF3D7_0922600.1	2437	2438	14383.4	285.086
PF3D7_0922700.1	1553	1554	2245.78	69.8337
PF3D7_0922800.1	13480	13481	5546.04	19.8797
PF3D7_0922900.1	1277	1278	260	9.83084
PF3D7_0923000.1	1788	1789	5855.36	158.158
PF3D7_0923100.1	669	670	88	6.34682
PF3D7_0923200.1	3877	3878	1865.96	23.2511
PF3D7_0923300.1	2466	2467	37	0.724738
PF3D7_0923400.1	4278	4279	5475.33	61.8324
PF3D7_0923500.1	3873	3874	973.465	12.1425
PF3D7_0923600.1	1356	1357	6195.73	220.628
PF3D7_0923700.1	843	844	177	10.134
PF3D7_0923800.1	2240	2241	4993.72	107.679
PF3D7_0923800.2	1626	1627	0	0
PF3D7_0923900.1	1978	1979	1540.94	37.6261
PF3D7_0924000.1	5412	5413	139709	1247.2
PF3D7_0924100.1	2696	2697	3069.54	54.9972
PF3D7_0924200.1	4817	4818	1383.08	13.8717
PF3D7_0924300.1	1609	1610	31083.9	932.948
PF3D7_0924400.1	4883	4884	3321.07	32.8587
PF3D7_0924500.1	4378	4379	5653	62.381
PF3D7_0924600.1	7260	7261	2327.26	15.488
PF3D7_0924700.1	2824	2825	5252.13	89.8391
PF3D7_0924800.1	255	256	102	19.2534
PF3D7_0924900.1	555	556	498	43.2816
PF3D7_0925000.1	1394	1395	1418	49.1191
PF3D7_0925100.1	1041	1042	107	4.96209
PF3D7_0925200.1	1419	1420	15194	517.049
PF3D7_0925300.1	1740	1741	7515	208.583
PF3D7_0925400.1	1884	1885	3047	78.1105
PF3D7_0925500.1	1508	1509	3249.53	104.059
PF3D7_0925600.1	1566	1567	373.626	11.5217
PF3D7_0925700.1	3602	3603	1995.28	26.7601
PF3D7_0925800.1	6107	6108	7038.64	55.685
PF3D7_0925900.1	2507	2508	4370.54	84.2084
PF3D7_0926000.1	4393	4394	2642.85	29.0643
PF3D7_0926100.1	11164	11165	2931.25	12.6865
PF3D7_0926200.1	1690	1691	26894.6	768.545
PF3D7_0926300.1	4472	4473	4904.39	52.9828
PF3D7_0926400.1	2759	2760	5361.2	93.8644
PF3D7_0926500.1	8871	8872	21021.3	114.495
PF3D7_0926600.1	4137	4138	7200.76	84.0884
PF3D7_0926700.1	3269	3270	2106.06	31.1222
PF3D7_0926800.1	3869	3870	20187	252.063
PF3D7_0926900.1	1910	1911	1677.68	42.4227
PF3D7_0927000.1	1291	1292	1645.73	61.5523
PF3D7_0927100.1	1488	1489	431.559	14.0053
PF3D7_0927200.1	5734	5735	5916.24	49.8495
PF3D7_0927300.1	2790	2791	2973.75	51.4864
PF3D7_0927400.1	2565	2566	1559	29.3588
PF3D7_0927500.1	1650	1651	3063.09	89.6522
PF3D7_0927600.1	3601	3602	6019.19	80.75
PF3D7_0927700.1	1594	1595	599.579	18.1649
PF3D7_0927800.1	1577	1578	6492.47	198.816
PF3D7_0927900.1	3470	3471	3140.63	43.723
PF3D7_0928000.1	1365	1366	2783.65	98.472
PF3D7_0928000.2	252	253	4455.24	850.94
PF3D7_0928100.1	2226	2227	610.58	13.2486
PF3D7_0928150.1	240	241	0	0
PF3D7_0928200.1	3450	3451	4215.91	59.033
PF3D7_0928300.1	1619	1620	4931.79	147.109
PF3D7_0928400.1	962	963	5.36016	0.268967
PF3D7_0928500.1	1984	1985	1737.57	42.299
PF3D7_0928600.1	1999	2000	1290.29	31.175
PF3D7_0928700.1	5507	5508	4572.32	40.1135
PF3D7_0928800.1	3782	3783	1368	17.4742
PF3D7_0928900.1	1276	1277	677.182	25.6249
PF3D7_0929000.1	1881	1882	483	12.4015
PF3D7_0929100.1	3019	3020	2856	45.6983
PF3D7_0929200.1	2064	2065	3259.35	76.2709
PF3D7_0929300.1	2431	2432	5892	117.07
PF3D7_0929400.1	6219	6220	85012.8	660.453
PF3D7_0929500.1	630	631	10.0093	0.766516
PF3D7_0929600.1	1380	1381	658	23.024
PF3D7_0929700.1	1516	1517	20791	662.275
PF3D7_0929800.1	297	298	404	65.5109
PF3D7_0929900.1	1302	1303	8477.89	314.407
PF3D7_0930000.1	1677	1678	334	9.6184
PF3D7_0930100.1	3773	3774	4423.42	56.6376
PF3D7_0930200.1	4263	4264	16929.8	191.859
PF3D7_0930300.1	6272	6273	91695.2	706.349
PF3D7_0930400.1	4427	4428	8810.19	96.1448
PF3D7_0930400.2	2748	2749	57.943	1.01853
PF3D7_0930500.1	5428	5429	8604.25	76.5846
PF3D7_0930600.1	2989	2990	5507	89.0004
PF3D7_0930700.1	2331	2332	154.365	3.19866
PF3D7_0930800.1	14798	14799	6542.89	21.3641
PF3D7_0930900.1	1448	1449	1699	56.6596
PF3D7_0931000.1	4492	4493	12819.4	137.873
PF3D7_0931100.1	3892	3893	21447.8	266.224
PF3D7_0931200.1	1366	1367	902.755	31.9117
PF3D7_0931300.1	986	987	332	16.2543
PF3D7_0931400.1	2143	2144	5906.79	133.13
PF3D7_0931500.1	2672	2673	2347.75	42.4425
PF3D7_0931600.1	756	757	138	8.8091
PF3D7_0931700.1	2148	2149	498	11.198
PF3D7_0931800.1	1814	1815	464.766	12.3739
PF3D7_0931900.1	2005	2006	5790.33	139.483
PF3D7_0932000.1	1265	1266	6438.95	245.771
PF3D7_0932100.1	5385	5386	26242	235.44
PF3D7_0932200.1	2315	2316	77746.6	1622.15
PF3D7_0932300.1	2745	2746	2288.14	40.2652
PF3D7_0932400.1	1764	1765	1875.42	51.3456
PF3D7_0932500.1	2094	2095	20826.9	480.385
PF3D7_0932600.1	744	745	17171	1113.75
PF3D7_0932700.1	3955	3956	773.159	9.44411
PF3D7_0932800.1	5303	5304	2021.37	18.4158
PF3D7_0932900.1	1535	1536	165.068	5.19302
PF3D7_0933000.1	3398	3399	2727.03	38.7693
PF3D7_0933100.1	2846	2847	531.117	9.01469
PF3D7_0933200.1	959	960	6602.13	332.323
PF3D7_0933300.1	3687	3688	6154.09	80.6346
PF3D7_0933400.1	1209	1210	3657.15	146.051
PF3D7_0933500.1	4905	4906	3671	36.1581
PF3D7_0933600.1	3240	3241	4997.1	74.5053
PF3D7_0933700.1	925	926	290.04	15.1355
PF3D7_0933800.1	2208	2209	2119.93	46.3739
PF3D7_0933900.1	1429	1430	715.299	24.1713
PF3D7_0934000.1	2680	2681	6715.79	121.046
PF3D7_0934100.1	4112	4113	1090.17	12.8081
PF3D7_0934200.1	882	883	88.8257	4.861
PF3D7_0934300.1	1286	1287	614.485	23.0718
PF3D7_0934400.1	976	977	6502.66	321.621
PF3D7_0934500.1	2925	2926	2626.71	43.3796
PF3D7_0934600.1	1261	1262	3792.7	145.224
PF3D7_0934700.1	3290	3291	12923	189.751
PF3D7_0934800.1	2446	2447	30991.4	612.005
PF3D7_0934900.1	1985	1986	2692.05	65.5017
PF3D7_0935000.1	969	970	116.026	5.78008
PF3D7_0935100.1	535	536	8755	789.296
PF3D7_0935200.1	4621	4622	11604.1	121.32
PF3D7_0935300.1	1038	1039	148.432	6.90337
PF3D7_0935390.1	2688	2689	533.894	9.59428
PF3D7_0935400.1	3482	3483	5442.54	75.5086
PF3D7_0935500.1	2497	2498	3237.72	62.6317
PF3D7_0935600.1	3182	3183	4957.39	75.2601
PF3D7_0935700.1	1917	1918	605	15.2425
PF3D7_0935800.1	5487	5488	11922.7	104.98
PF3D7_0935900.1	4698	4699	32352.2	332.695
PF3D7_0936000.1	2695	2696	4812.16	86.2518
PF3D7_0936100.1	2152	2153	1709.92	38.3777
PF3D7_0936200.1	2557	2558	222.121	4.19603
PF3D7_0936300.1	3193	3194	24081.8	364.337
PF3D7_0936400.1	2690	2691	1719.97	30.8856
PF3D7_0936500.1	1927	1928	37.0106	0.927615
PF3D7_0936600.1	1779	1780	228	6.18961
PF3D7_0936700.1	1299	1300	19	0.70625
PF3D7_0936800.1	2428	2429	1122.16	22.3242
PF3D7_0936900.1	1092	1093	63	2.78528
PF3D7_0937000.1	2444	2445	289.022	5.71217
PF3D7_0937100.1	1267	1268	34.0525	1.29771
PF3D7_0937200.1	1700	1701	35.0048	0.994425
PF3D7_0937300.1	1116	1117	3	0.129783
PF3D7_0937400.1	1080	1081	25.9154	1.15846
PF3D7_0937500.1	1110	1111	72.627	3.15888
PF3D7_0937600.1	3948	3949	0	0
PF3D7_0937700.1	1104	1105	43.4535	1.90025
PF3D7_0937800.1	6795	6796	1750.98	12.4502
PF3D7_1000100.1	6726	6727	249.973	1.79564
PF3D7_1000200.1	1116	1117	161.938	7.00557
PF3D7_1000300.1	1038	1039	0	0
PF3D7_1000400.1	1116	1117	0	0
PF3D7_1000500.1	1110	1111	64.5344	2.80689
PF3D7_1000600.1	1878	1879	1033	26.5657
PF3D7_1000700.1	867	868	2	0.111342
PF3D7_1000800.1	879	880	49	2.69068
PF3D7_1000900.1	1338	1339	0	0
PF3D7_1001000.1	1698	1699	1963.03	55.8318
PF3D7_1001100.1	2334	2335	379.993	7.86388
PF3D7_1001100.2	804	805	272.007	16.328
PF3D7_1001200.1	1470	1471	1163.98	38.2367
PF3D7_1001300.1	1282	1283	2989.89	112.61
PF3D7_1001400.1	4062	4063	1252	14.8904
PF3D7_1001500.1	2275	2276	10002.9	212.374
PF3D7_1001600.1	5088	5089	41693.4	395.898
PF3D7_1001700.1	2026	2027	14666.6	349.642
PF3D7_1001800.1	1812	1813	301.126	8.02598
PF3D7_1001900.1	1291	1292	847	31.6788
PF3D7_1002000.1	2108	2109	323	7.40072
PF3D7_1002100.1	3094	3095	6200.22	96.8044
PF3D7_1002200.1	6121	6122	4829.64	38.1215
PF3D7_1002300.1	1293	1294	42	1.56842
PF3D7_1002400.1	3339	3340	11178.8	161.732
PF3D7_1002400.2	3333	3334	582.912	8.44862
PF3D7_1002500.1	1713	1714	4542	128.052
PF3D7_1002600.1	2353	2354	1312.24	26.9374
PF3D7_1002700.1	4331	4332	1813.51	20.2292
PF3D7_1002800.1	5109	5110	3885.45	36.7425
PF3D7_1002900.1	1407	1408	3092	106.117
PF3D7_1003000.1	5694	5695	3323.29	28.1983
PF3D7_1003100.1	1292	1293	1373.21	51.3201
PF3D7_1003200.1	819	820	3409.77	200.937
PF3D7_1003300.1	1423	1424	2472.98	83.9187
PF3D7_1003400.1	6766	6767	7530.71	53.776
PF3D7_1003500.1	3328	3329	21303.2	309.228
PF3D7_1003600.1	2514	2515	21060.7	404.653
PF3D7_1003700.1	5470	5471	1504.06	13.2845
PF3D7_1003800.1	5320	5321	5950.06	54.0351
PF3D7_1003900.1	765	766	95	5.99298
PF3D7_1004000.1	1407	1408	39999.5	1372.78
PF3D7_1004100.1	3573	3574	404	5.46229
PF3D7_1004200.1	9555	9556	61564.9	311.319
PF3D7_1004300.1	5700	5701	5405.61	45.8186
PF3D7_1004400.1	3618	3619	4690	62.6228
PF3D7_1004500.1	3924	3925	1491.45	18.3619
PF3D7_1004600.1	3613	3614	9855.18	131.772
PF3D7_1004700.1	1432	1433	1702.27	57.4026
PF3D7_1004800.1	1280	1281	2761	104.152
PF3D7_1004900.1	1344	1345	1805.78	64.8771
PF3D7_1005000.1	2871	2872	176.228	2.9651
PF3D7_1005100.1	4149	4150	1828.41	21.2899
PF3D7_1005200.1	499	500	220.502	21.3104
PF3D7_1005300.1	1032	1033	116	5.42633
PF3D7_1005400.1	801	802	75	4.51893
PF3D7_1005500.1	6768	6769	9508.56	67.8795
PF3D7_1005600.1	3506	3507	2090.1	28.7991
PF3D7_1005700.1	3271	3272	884.03	13.0558
PF3D7_1005800.1	1414	1415	450.406	15.3814
PF3D7_1005900.1	2388	2389	46516	940.881
PF3D7_1006000.1	1825	1826	334.005	8.83894
PF3D7_1006100.1	1841	1842	580.774	15.2358
PF3D7_1006200.1	1955	1956	556.925	13.7587
PF3D7_1006300.1	432	433	212	23.659
PF3D7_1006400.1	2954	2955	2795.22	45.7095
PF3D7_1006500.1	1707	1708	739.016	20.9081
PF3D7_1006600.1	1110	1111	2893	125.83
PF3D7_1006700.1	1784	1785	916.222	24.8034
PF3D7_1006800.1	2978	2979	13699	222.212
PF3D7_1006900.1	1528	1529	572.42	18.0907
PF3D7_1007000.1	2214	2215	3029.76	66.0971
PF3D7_1007100.1	351	352	254.397	34.9234
PF3D7_1007200.1	3441	3442	7928.76	111.312
PF3D7_1007300.1	3390	3391	3214.39	45.8057
PF3D7_1007400.1	1670	1671	2679.65	77.4908
PF3D7_1007500.1	706	707	3488	238.399
PF3D7_1007600.1	2018	2019	270.687	6.47858
PF3D7_1007700.1	6257	6258	556.463	4.29684
PF3D7_1007800.1	4118	4119	6275.17	73.6176
PF3D7_1007900.1	3264	3265	1179.67	17.4592
PF3D7_1008000.1	8525	8526	13957.4	79.1055
PF3D7_1008100.1	14146	14147	15409.6	52.6349
PF3D7_1008200.1	1646	1647	11963.1	350.992
PF3D7_1008300.1	108	109	0	0
PF3D7_1008400.1	2707	2708	20003.4	356.948
PF3D7_1008500.1	6202	6203	3377.25	26.3093
PF3D7_1008600.1	1119	1120	18.0002	0.77662
PF3D7_1008700.1	4660	4661	18042.5	187.054
PF3D7_1008800.1	3112	3113	14962.3	232.257
PF3D7_1008900.1	1534	1535	1530.12	48.1688
PF3D7_1009000.1	1381	1382	490.072	17.1356
PF3D7_1009100.1	1554	1555	62.1029	1.92988
PF3D7_1009200.1	3395	3396	1144.06	16.2791
PF3D7_1009300.1	2184	2185	3926.05	86.8267
PF3D7_1009400.1	1681	1682	382.606	10.9919
PF3D7_1009500.1	2383	2384	10939.2	221.731
PF3D7_1009600.1	1977	1978	4433.73	108.316
PF3D7_1009700.1	4567	4568	7406.31	78.3473
PF3D7_1009800.1	5050	5051	5742.15	54.9345
PF3D7_1009900.1	2605	2606	2503.25	46.4172
PF3D7_1010000.1	1260	1261	782.085	29.97
PF3D7_1010100.1	1105	1106	3417.87	149.33
PF3D7_1010200.1	6543	6544	6205.77	45.8248
PF3D7_1010300.1	2572	2573	5692.29	106.904
PF3D7_1010400.1	1095	1096	3461.47	152.615
PF3D7_1010500.1	510	511	436	41.23
PF3D7_1010600.1	2803	2804	2214.13	38.1568
PF3D7_1010700.1	1143	1144	3065.5	129.486
PF3D7_1010800.1	1555	1556	434.182	13.4837
PF3D7_1010900.1	1613	1614	2004.45	60.0122
PF3D7_1011000.1	1675	1676	761.529	21.9564
PF3D7_1011100.1	4076	4077	727.641	8.62431
PF3D7_1011200.1	615	616	2417	189.603
PF3D7_1011300.1	2545	2546	622.266	11.8104
PF3D7_1011400.1	1509	1510	2144.86	68.6389
PF3D7_1011500.1	2002	2003	5838.12	140.845
PF3D7_1011600.1	2549	2550	1454.07	27.5546
PF3D7_1011700.1	2431	2432	4172.94	82.9139
PF3D7_1011800.1	7221	7222	21866.2	146.307
PF3D7_1011900.1	1559	1560	4876.32	151.048
PF3D7_1012000.1	3742	3743	4222.94	54.5184
PF3D7_1012100.1	2204	2205	5790.44	126.897
PF3D7_1012200.1	1641	1642	7453.14	219.338
PF3D7_1012300.1	1529	1530	11686.9	369.112
PF3D7_1012400.1	1532	1533	32266.5	1017.09
PF3D7_1012500.1	3365	3366	1064.09	15.2761
PF3D7_1012600.1	2968	2969	8972.48	146.033
PF3D7_1012700.1	6257	6258	2650.88	20.4693
PF3D7_1012800.1	4296	4297	1081.87	12.1663
PF3D7_1012900.1	3780	3781	1820.99	23.2728
PF3D7_1013000.1	2478	2479	531.819	10.3666
PF3D7_1013100.1	6246	6247	2138.64	16.543
PF3D7_1013200.1	6375	6376	4476.18	33.924
PF3D7_1013300.1	2903	2904	1408.39	23.4356
PF3D7_1013400.1	2684	2685	2828	50.896
PF3D7_1013500.1	4363	4364	8721	96.5672
PF3D7_1013600.1	8071	8072	5389.72	32.2651
PF3D7_1013700.1	907	908	4679	249.009
PF3D7_1013800.1	2015	2016	98181	2353.34
PF3D7_1013900.1	4122	4123	2345.49	27.4897
PF3D7_1014000.1	1982	1983	183.001	4.45942
PF3D7_1014100.1	5995	5996	8187.35	65.9826
PF3D7_1014200.1	2670	2671	90	1.62823
PF3D7_1014300.1	9036	9037	10316.6	55.1646
PF3D7_1014400.1	2656	2657	9465.68	172.151
PF3D7_1014500.1	4619	4620	382.016	3.99565
PF3D7_1014600.1	10487	10488	14424.1	66.4574
PF3D7_1014700.1	1579	1580	1361	41.6245
PF3D7_1014800.1	2505	2506	1133	21.8473
PF3D7_1014900.1	7860	7861	15153.1	93.1476
PF3D7_1015000.1	2012	2013	850.474	20.4158
PF3D7_1015100.1	2069	2070	594.783	13.8847
PF3D7_1015200.1	2839	2840	298.426	5.0777
PF3D7_1015200.2	2031	2032	397.213	9.44601
PF3D7_1015200.3	1782	1783	1505.1	40.7909
PF3D7_1015300.1	3116	3117	3156.44	48.9338
PF3D7_1015400.1	3173	3174	3726.07	56.7273
PF3D7_1015500.1	2318	2319	935.023	19.4836
PF3D7_1015600.1	2576	2577	993	18.6202
PF3D7_1015700.1	1082	1083	1400.38	62.4835
PF3D7_1015700.2	675	676	120.622	8.62237
PF3D7_1015800.1	1721	1722	7344	206.086
PF3D7_1015900.1	2295	2296	26982	567.872
PF3D7_1016000.1	3193	3194	4796.65	72.569
PF3D7_1016100.1	774	775	49.1215	3.0628
PF3D7_1016200.1	2403	2404	637.084	12.8059
PF3D7_1016300.1	6359	6360	57900.1	439.917
PF3D7_1016400.1	3040	3041	3425.12	54.4262
PF3D7_1016500.1	3287	3288	448.776	6.59548
PF3D7_1016600.1	1727	1728	2530.1	70.7525
PF3D7_1016700.1	4739	4740	1536.38	15.6628
PF3D7_1016800.1	3900	3901	4953.73	61.3627
PF3D7_1016900.1	2506	2507	5927.44	114.251
PF3D7_1017000.1	4569	4570	4736.02	50.0778
PF3D7_1017100.1	2717	2718	3773.76	67.0923
PF3D7_1017200.1	1593	1594	408	12.3686
PF3D7_1017300.1	2364	2365	1497.76	30.6027
PF3D7_1017300.2	1752	1753	1414.24	38.9842
PF3D7_1017400.1	2019	2020	10034.6	240.047
PF3D7_1017500.1	2178	2179	34604.6	767.406
PF3D7_1017600.1	4200	4201	7407.87	85.2097
PF3D7_1017700.1	2116	2117	1721.34	39.2911
PF3D7_1017800.1	4336	4337	667.803	7.44059
PF3D7_1017900.1	2612	2613	3976.23	73.5327
PF3D7_1018000.1	1808	1809	2552	68.1695
PF3D7_1018100.1	849	850	659	37.4641
PF3D7_1018200.1	6984	6985	39231.2	271.402
PF3D7_1018300.1	3526	3527	2812.44	38.5324
PF3D7_1018400.1	1010	1011	645.208	30.8387
PF3D7_1018500.1	1190	1191	574.371	23.3039
PF3D7_1018600.1	8251	8252	2830.35	16.5741
PF3D7_1018700.1	4583	4584	2549.9	26.8799
PF3D7_1018800.1	3249	3250	1098.02	16.3258
PF3D7_1018900.1	2438	2439	396.28	7.85126
PF3D7_1019000.1	8489	8490	10947.6	62.3101
PF3D7_1019100.1	6465	6466	4236.27	31.6589
PF3D7_1019200.1	960	961	31	1.55879
PF3D7_1019300.1	8372	8373	3522.91	20.3315
PF3D7_1019400.1	1456	1457	348.073	11.5441
PF3D7_1019500.1	4259	4260	10410.1	118.085
PF3D7_1019500.2	3726	3727	12746.5	165.265
PF3D7_1019600.1	4365	4366	3863.39	42.7596
PF3D7_1019700.1	3486	3487	2737	37.929
PF3D7_1019800.1	3255	3256	6282.79	93.2431
PF3D7_1019900.1	1983	1984	2071.74	50.4593
PF3D7_1020000.1	2102	2103	9900.15	227.484
PF3D7_1020100.1	985	986	784.303	38.4375
PF3D7_1020200.1	2519	2520	2545	48.8018
PF3D7_1020300.1	2811	2812	253.764	4.36077
PF3D7_1020400.1	2496	2497	404.305	7.82417
PF3D7_1020500.1	1642	1643	249.044	7.32465
PF3D7_1020600.1	6972	6973	2928.49	20.2942
PF3D7_1020700.1	4570	4571	2674.74	28.276
PF3D7_1020800.1	2194	2195	3441.3	75.7594
PF3D7_1020900.1	2362	2363	30687	627.537
PF3D7_1021000.1	1531	1532	26781	844.727
PF3D7_1021100.1	6209	6210	689.053	5.36178
PF3D7_1021200.1	2498	2499	3596.51	69.5445
PF3D7_1021300.1	2034	2035	461	10.9467
PF3D7_1021400.1	2911	2912	357.327	5.92956
PF3D7_1021500.1	2812	2813	6171	106.007
PF3D7_1021600.1	2600	2601	647.989	12.0386
PF3D7_1021700.1	22154	22155	31950.3	69.687
PF3D7_1021800.1	7329	7330	52978.8	349.258
PF3D7_1021900.1	9179	9180	19504.1	102.667
PF3D7_1022000.1	6919	6920	3758.17	26.2433
PF3D7_1022100.1	1313	1314	271.729	9.99285
PF3D7_1022200.1	2564	2565	3245.85	61.1491
PF3D7_1022300.1	2351	2352	823.076	16.9103
PF3D7_1022400.1	2537	2538	9478	180.457
PF3D7_1022500.1	3065	3066	2953.54	46.5499
PF3D7_1022600.1	4132	4133	9372.01	109.576
PF3D7_1022700.1	2349	2350	2624.3	53.9626
PF3D7_1022800.1	3546	3547	9257.94	126.125
PF3D7_1022900.1	1418	1419	1274.93	43.4162
PF3D7_1023000.1	2071	2072	4420.69	103.098
PF3D7_1023100.1	17064	17065	446.037	1.26303
PF3D7_1023200.1	1708	1709	4909.03	138.804
PF3D7_1023300.1	1405	1406	14219.2	488.695
PF3D7_1023400.1	1798	1799	2510.76	67.4406
PF3D7_1023500.1	318	319	602.767	91.3076
PF3D7_1023600.1	1539	1540	4253	133.451
PF3D7_1023700.1	2274	2275	17	0.36109
PF3D7_1023800.1	2601	2602	8466.04	157.225
PF3D7_1023900.1	12142	12143	77969.7	310.276
PF3D7_1024000.1	2524	2525	6575.86	125.846
PF3D7_1024100.1	4044	4045	621.543	7.42508
PF3D7_1024200.1	1166	1167	3233.07	133.873
PF3D7_1024300.1	931	932	988.797	51.2672
PF3D7_1024400.1	1821	1822	1740.1	46.1502
PF3D7_1024500.1	1496	1497	2091.5	67.5124
PF3D7_1024600.1	1717	1718	870.389	24.4815
PF3D7_1024700.1	2177	2178	38016	843.445
PF3D7_1024800.1	7726	7727	31335.8	195.965
PF3D7_1024900.1	5303	5304	3493.42	31.8269
PF3D7_1025000.1	4829	4830	7745	77.4859
PF3D7_1025100.1	4184	4185	4112.21	47.4819
PF3D7_1025200.1	1560	1561	242.03	7.49229
PF3D7_1025300.1	3079	3080	15061.1	236.296
PF3D7_1025400.1	4932	4933	4929.01	48.2833
PF3D7_1025500.1	17304	17305	6564.83	18.3316
PF3D7_1025600.1	433	434	9163	1020.23
PF3D7_1025700.1	979	980	228.339	11.2591
PF3D7_1025800.1	1039	1040	4006.62	186.163
PF3D7_1025900.1	5226	5227	15518.8	143.468
PF3D7_1026000.1	1832	1833	5068.11	133.608
PF3D7_1026100.1	1648	1649	6238.99	182.828
PF3D7_1026200.1	2015	2016	318.843	7.64248
PF3D7_1026300.1	4003	4004	1203.56	14.5251
PF3D7_1026400.1	2183	2184	360.286	7.97155
PF3D7_1026500.1	574	575	220	18.4886
PF3D7_1026600.1	5770	5771	64919	543.587
PF3D7_1026800.1	2746	2747	3601.14	63.3475
PF3D7_1026900.1	885	886	27	1.47258
PF3D7_1027000.1	6130	6131	956.172	7.53621
PF3D7_1027100.1	3309	3310	1329.16	19.4043
PF3D7_1027200.1	3134	3135	452.461	6.97416
PF3D7_1027300.1	3513	3514	443114	6093.43
PF3D7_1027400.1	1646	1647	12093.6	354.823
PF3D7_1027500.1	219	220	118	25.9184
PF3D7_1027600.1	1382	1383	921.002	32.18
PF3D7_1027700.1	1050	1051	616.045	28.3242
PF3D7_1027700.2	540	541	0	0
PF3D7_1027800.1	2408	2409	41695.8	836.379
PF3D7_1027900.1	858	859	278	15.6387
PF3D7_1028000.1	2548	2549	2146.8	40.6978
PF3D7_1028100.1	1830	1831	1234	32.5668
PF3D7_1028200.1	1859	1860	2076.85	53.9562
PF3D7_1028300.1	1593	1594	734.638	22.2707
PF3D7_1028400.1	2138	2139	2017.32	45.5735
PF3D7_1028500.1	3034	3035	47412.7	754.891
PF3D7_1028600.1	987	988	9761.3	477.418
PF3D7_1028700.1	3913	3914	58018.5	716.298
PF3D7_1028800.1	1159	1160	25995.7	1082.91
PF3D7_1028900.1	1794	1795	1543.26	41.5454
PF3D7_1029000.1	2076	2077	1474.5	34.3049
PF3D7_1029100.1	4709	4710	603.598	6.19263
PF3D7_1029100.2	4185	4186	226.654	2.61646
PF3D7_1029200.1	2642	2643	1862.76	34.0571
PF3D7_1029300.1	2890	2891	1570.73	26.2544
PF3D7_1029400.1	2501	2502	73806.6	1425.46
PF3D7_1029500.1	417	418	430	49.7096
PF3D7_1029600.1	3098	3099	1875.93	29.2513
PF3D7_1029700.1	2331	2332	197	4.08212
PF3D7_1029800.1	2205	2206	2505.02	54.8723
PF3D7_1029900.1	5832	5833	14566.8	120.676
PF3D7_1030000.1	991	992	379.835	18.5025
PF3D7_1030100.1	5226	5227	2829.65	26.1595
PF3D7_1030200.1	3034	3035	1821.89	29.0076
PF3D7_1030300.1	5137	5138	22460.1	211.235
PF3D7_1030400.1	837	838	2115.55	121.991
PF3D7_1030500.1	2269	2270	1153.93	24.5641
PF3D7_1030600.1	2391	2392	1515.66	30.6189
PF3D7_1030700.1	1348	1349	2015.96	72.2135
PF3D7_1030800.1	1446	1447	5962.63	199.121
PF3D7_1030900.1	657	658	61	4.47973
PF3D7_1031000.1	1040	1041	4932	228.939
PF3D7_1031100.1	1361	1362	1355.56	48.094
PF3D7_1031200.1	2344	2345	2236.9	46.0948
PF3D7_1031300.1	4795	4796	5267.78	53.0759
PF3D7_1031400.1	4729	4730	2521.22	25.7571
PF3D7_1031400.2	2838	2839	2320.86	39.5031
PF3D7_1031500.1	3767	3768	1553.24	19.9194
PF3D7_1031600.1	5607	5608	3720.68	32.0599
PF3D7_1031700.1	1346	1347	4501.59	161.491
PF3D7_1031800.1	1844	1845	22632.5	592.767
PF3D7_1031900.1	1803	1804	1499	40.1526
PF3D7_1032000.1	3069	3070	25626.1	403.36
PF3D7_1032100.1	6013	6014	2944.37	23.658
PF3D7_1032200.1	390	391	42	5.19064
PF3D7_1032300.1	2976	2977	3577.8	58.0745
PF3D7_1032400.1	2116	2117	15170.3	346.275
PF3D7_1032500.1	2068	2069	783.158	18.291
PF3D7_1032600.1	1834	1835	248.854	6.55325
PF3D7_1032700.1	2965	2966	2390	38.9381
PF3D7_1032800.1	1385	1386	4008.39	139.751
PF3D7_1032900.1	6004	6005	1142.32	9.19229
PF3D7_1033000.1	2384	2385	1673.42	33.9051
PF3D7_1033100.1	8143	8144	73020.7	433.268
PF3D7_1033200.1	2555	2556	31122.4	588.383
PF3D7_1033300.1	1311	1312	2568.29	94.5931
PF3D7_1033400.1	1584	1585	1691.15	51.5587
PF3D7_1033500.1	2380	2381	9415.04	191.078
PF3D7_1033600.1	3429	3430	2282.17	32.1515
PF3D7_1033700.1	2626	2627	28820.3	530.135
PF3D7_1033800.1	1353	1354	58	2.06994
PF3D7_1033900.1	2150	2151	40967.1	920.329
PF3D7_1034000.1	2053	2054	493	11.5983
PF3D7_1034100.1	423	424	90	10.2571
PF3D7_1034200.1	645	646	1592	119.085
PF3D7_1034300.1	1593	1594	1051	31.8612
PF3D7_1034400.1	2883	2884	732.867	12.2794
PF3D7_1034500.1	6127	6128	3579.72	28.2279
PF3D7_1034600.1	1527	1528	2667.61	84.362
PF3D7_1034700.1	1620	1621	195.015	5.81346
PF3D7_1034800.1	1500	1501	2153	69.3125
PF3D7_1034900.1	3391	3392	5878.7	83.7478
PF3D7_1035000.1	3740	3741	1406.08	18.1623
PF3D7_1035100.1	2016	2017	30548.9	731.876
PF3D7_1035200.1	3468	3469	870848	12130.7
PF3D7_1035300.1	4941	4942	16775	164.025
PF3D7_1035400.1	2428	2429	294187	5852.53
PF3D7_1035500.1	2396	2397	6698.39	135.036
PF3D7_1035600.1	1712	1713	1371.04	38.6758
PF3D7_1035700.1	3723	3724	7200.56	93.434
PF3D7_1035800.1	3588	3589	1921.57	25.8721
PF3D7_1035900.1	2294	2295	98108.9	2065.73
PF3D7_1036000.1	2490	2491	29446	571.217
PF3D7_1036300.1	2289	2290	3744	79.0039
PF3D7_1036400.1	3489	3490	773	10.7029
PF3D7_1036500.1	3190	3191	36581.5	553.966
PF3D7_1036600.1	1483	1484	5209.02	169.618
PF3D7_1036700.1	1427	1428	15254.6	516.203
PF3D7_1036800.1	2672	2673	18730	338.6
PF3D7_1036900.1	8079	8080	14916.3	89.2071
PF3D7_1037000.1	7417	7418	8172.1	53.2348
PF3D7_1037100.1	2984	2985	513.03	8.30513
PF3D7_1037200.1	2127	2128	110	2.49787
PF3D7_1037300.1	3787	3788	8223.89	104.91
PF3D7_1037400.1	4759	4760	1522.36	15.4547
PF3D7_1037500.1	2565	2566	1120.33	21.0978
PF3D7_1037600.1	3328	3329	1178.51	17.1067
PF3D7_1037700.1	1302	1303	5548	205.75
PF3D7_1037800.1	2835	2836	597	10.1722
PF3D7_1037900.1	1622	1623	6191.22	184.334
PF3D7_1038000.1	1877	1878	32651.8	840.155
PF3D7_1038000.2	363	364	16299	2163.75
PF3D7_1038100.1	3679	3680	4522.28	59.3824
PF3D7_1038200.1	605	606	728	58.0506
PF3D7_1038300.1	1101	1102	568	24.9066
PF3D7_1038400.1	29988	29989	1485.16	2.39309
PF3D7_1038500.1	1975	1976	7127.86	174.309
PF3D7_1038600.1	2481	2482	1073	20.8904
PF3D7_1038700.1	1823	1824	627.792	16.6318
PF3D7_1038800.1	4601	4602	826.272	8.6761
PF3D7_1038900.1	2693	2694	94.0747	1.68742
PF3D7_1039000.1	4547	4548	3153.03	33.5008
PF3D7_1039100.1	1701	1702	125.714	3.56922
PF3D7_1039200.1	453	454	100	10.6437
PF3D7_1039400.1	1347	1348	0	0
PF3D7_1039600.1	828	829	32.5192	1.89554
PF3D7_1039700.1	696	697	166.886	11.57
PF3D7_1039800.1	693	694	0	0
PF3D7_1039900.1	927	928	511.069	26.6122
PF3D7_1040000.1	1080	1081	4.59531e-07	2.05417e-08
PF3D7_1040100.1	930	931	0	0
PF3D7_1040200.1	1247	1248	178	6.89213
PF3D7_1040300.1	1137	1138	0	0
PF3D7_1040400.1	1047	1048	1	0.0461091
PF3D7_1040500.1	1053	1054	34.9823	1.60382
PF3D7_1040600.1	981	982	21.3046	1.04836
PF3D7_1040700.1	1119	1120	4.36563	0.188355
PF3D7_1040800.1	888	889	0	0
PF3D7_1040900.1	936	937	4.96202	0.255898
PF3D7_1041000.1	1113	1114	3	0.130132
PF3D7_1041100.1	1005	1006	2	0.0960683
PF3D7_1041200.1	1116	1117	47.9841	2.07583
PF3D7_1041300.1	6585	6586	134.712	0.988398
PF3D7_1100100.1	6549	6550	203.379	1.50042
PF3D7_1100200.1	8985	8986	45.2103	0.243119
PF3D7_1100300.1	1023	1024	3.7772	0.178245
PF3D7_1100400.1	972	973	25.4876	1.2658
PF3D7_1100500.1	984	985	28.5717	1.40168
PF3D7_1100600.1	846	847	0	0
PF3D7_1100700.1	864	865	2	0.111728
PF3D7_1100800.1	1019	1020	509.338	24.1298
PF3D7_1100900.1	840	841	1.01882	0.0585394
PF3D7_1101000.1	402	403	0	0
PF3D7_1101100.1	1050	1051	17.0336	0.78316
PF3D7_1101200.1	1071	1072	0	0
PF3D7_1101300.1	993	994	67.793	3.29569
PF3D7_1101400.1	1083	1084	1.73694	0.0774288
PF3D7_1101500.1	927	928	2.18051	0.113543
PF3D7_1101600.1	693	694	3.67327	0.255765
PF3D7_1101700.1	696	697	204.816	14.1997
PF3D7_1101800.1	849	850	3.12298	0.177541
PF3D7_1101900.1	429	430	0	0
PF3D7_1102100.1	453	454	100	10.6437
PF3D7_1102200.1	1701	1702	28.2857	0.803075
PF3D7_1102300.1	1901	1902	394	10.01
PF3D7_1102400.1	3786	3787	14721.2	187.843
PF3D7_1102500.1	3418	3419	3664.1	51.7865
PF3D7_1102600.1	1431	1432	2151.4	72.5983
PF3D7_1102700.1	2425	2426	8355.83	166.436
PF3D7_1102800.1	3560	3561	570761	7745.16
PF3D7_1102900.1	914	915	63.0128	3.32779
PF3D7_1103000.1	276	277	69	12.037
PF3D7_1103100.1	1155	1156	46594.1	1947.7
PF3D7_1103200.1	73	74	42	27.4262
PF3D7_1103300.1	99	100	21	10.1477
PF3D7_1103400.1	5202	5203	1816.53	16.8709
PF3D7_1103500.1	1752	1753	1024	28.2271
PF3D7_1103600.1	2359	2360	248.14	5.08082
PF3D7_1103700.1	1976	1977	374.866	9.16259
PF3D7_1103800.1	12129	12130	22079.1	87.9565
PF3D7_1103900.1	455	456	5.01555	0.531498
PF3D7_1104000.1	2874	2875	22337.8	375.448
PF3D7_1104100.1	1897	1898	8051.51	204.989
PF3D7_1104200.1	5126	5127	6651	62.6862
PF3D7_1104300.1	4497	4498	16742.2	179.862
PF3D7_1104400.1	2319	2320	5563.98	115.89
PF3D7_1104500.1	1935	1936	244	6.09022
PF3D7_1104600.1	1932	1933	263.135	6.57801
PF3D7_1104700.1	1016	1017	806.297	38.3109
PF3D7_1104700.2	555	556	6.33602	0.550668
PF3D7_1104800.1	2423	2424	979.051	19.5174
PF3D7_1104900.1	7517	7518	8667.43	55.7104
PF3D7_1105000.1	3953	3954	388937	4753.25
PF3D7_1105100.1	1717	1718	2.86018e+06	80448.5
PF3D7_1105200.1	1392	1393	1191	41.3151
PF3D7_1105300.1	3214	3215	1166.75	17.5365
PF3D7_1105400.1	2876	2877	7574.67	127.225
PF3D7_1105500.1	1507	1508	7184.05	230.206
PF3D7_1105600.1	4702	4703	2070.92	21.2783
PF3D7_1105700.1	2559	2560	734.493	13.8642
PF3D7_1105800.1	1723	1724	9035	253.244
PF3D7_1105900.1	399	400	114	13.7719
PF3D7_1106000.1	2725	2726	788.252	13.9729
PF3D7_1106100.1	1098	1099	12105	532.25
PF3D7_1106200.1	2435	2436	703.547	13.9561
PF3D7_1106300.1	3164	3165	4516.85	68.962
PF3D7_1106400.1	1030	1031	619.099	29.0168
PF3D7_1106500.1	6279	6280	5597.44	43.0703
PF3D7_1106600.1	4833	4834	1035.45	10.3507
PF3D7_1106700.1	3227	3228	2208.86	33.066
PF3D7_1106800.1	5309	5310	1501.94	13.6681
PF3D7_1106900.1	511	512	83	7.83351
PF3D7_1107000.1	1345	1346	615	22.0789
PF3D7_1107100.1	2761	2762	16214	283.671
PF3D7_1107200.1	3079	3080	2013.34	31.5874
PF3D7_1107300.1	14888	14889	22578	73.277
PF3D7_1107400.1	1938	1939	124.063	3.09181
PF3D7_1107500.1	1339	1340	2034.04	73.3505
PF3D7_1107600.1	3438	3439	150.012	2.10786
PF3D7_1107700.1	2574	2575	2633.33	49.417
PF3D7_1107800.1	7686	7687	7463.29	46.9161
PF3D7_1107900.1	5439	5440	1060.29	9.41837
PF3D7_1108000.1	2478	2479	5121.28	99.8274
PF3D7_1108100.1	4743	4744	3083.53	31.4088
PF3D7_1108200.1	1358	1359	622.55	22.1362
PF3D7_1108300.1	1446	1447	2804.71	93.6629
PF3D7_1108400.1	2517	2518	4418.13	84.7873
PF3D7_1108500.1	2108	2109	11978.8	274.465
PF3D7_1108600.1	2640	2641	264410	4837.92
PF3D7_1108700.1	4767	4768	9804.81	99.369
PF3D7_1108800.1	468	469	25	2.57582
PF3D7_1108900.1	2057	2058	233.183	5.4752
PF3D7_1109000.1	106	107	51	23.0322
PF3D7_1109100.1	4543	4544	187.049	1.98914
PF3D7_1109200.1	1158	1159	83	3.46053
PF3D7_1109300.1	68	69	0	0
PF3D7_1109400.1	2412	2413	2488.22	49.8288
PF3D7_1109500.1	85	86	3	1.68566
PF3D7_1109600.1	83	84	0	0
PF3D7_1109700.1	203	204	1700	402.686
PF3D7_1109800.1	85	86	4	2.24755
PF3D7_1109900.1	1822	1823	15718	416.639
PF3D7_1110000.1	730	731	4505	297.801
PF3D7_1110100.1	3255	3256	6791.43	100.792
PF3D7_1110200.1	4754	4755	4585.74	46.6022
PF3D7_1110300.1	2353	2354	8811.99	180.891
PF3D7_1110400.1	8185	8186	21061.1	124.325
PF3D7_1110500.1	4271	4272	1874.16	21.1994
PF3D7_1110600.1	1521	1522	11635.8	369.427
PF3D7_1110700.1	1917	1918	928.582	23.3948
PF3D7_1110800.1	1218	1219	263.418	10.4422
PF3D7_1110900.1	2476	2477	496.498	9.6859
PF3D7_1111000.1	2450	2451	712.932	14.0557
PF3D7_1111100.1	2332	2333	5616.09	116.324
PF3D7_1111200.1	2409	2410	5723.09	114.752
PF3D7_1111300.1	2274	2275	669.619	14.2231
PF3D7_1111400.1	1026	1027	241	11.3395
PF3D7_1111500.1	989	990	757.413	36.9697
PF3D7_1111600.1	2235	2236	342	7.39099
PF3D7_1111700.1	3082	3083	938.476	14.7095
PF3D7_1111800.1	1460	1461	2146.67	71.0008
PF3D7_1111900.1	1532	1533	411.414	12.9684
PF3D7_1112000.1	1489	1490	2893.88	93.8519
PF3D7_1112100.1	8209	8210	33213.2	195.486
PF3D7_1112200.1	1068	1069	9215	416.549
PF3D7_1112300.1	2876	2877	8217.46	138.021
PF3D7_1112400.1	1176	1177	3808	156.34
PF3D7_1112500.1	1649	1650	4283.41	125.445
PF3D7_1112600.1	2764	2765	1533.41	26.7986
PF3D7_1112700.1	3501	3502	1449	19.994
PF3D7_1112800.1	1338	1339	427.224	15.4178
PF3D7_1112900.1	1184	1185	1655	67.4882
PF3D7_1113000.1	18441	18442	9967.38	26.1169
PF3D7_1113100.1	5621	5622	73879.8	635.014
PF3D7_1113200.1	1733	1734	1797.45	50.0905
PF3D7_1113300.1	2003	2004	7502.07	180.897
PF3D7_1113400.1	1408	1409	2003.34	68.7057
PF3D7_1113500.1	3360	3361	374.226	5.38039
PF3D7_1113600.1	2209	2210	1141.69	24.9635
PF3D7_1113700.1	1585	1586	277.02	8.44025
PF3D7_1113800.1	3119	3120	2749.14	42.5785
PF3D7_1113900.1	1527	1528	479	15.1482
PF3D7_1114000.1	528	529	3	0.27404
PF3D7_1114100.1	1586	1587	15695.8	477.92
PF3D7_1114100.2	831	832	1380.34	80.1697
PF3D7_1114200.1	2656	2657	1600.6	29.1098
PF3D7_1114300.1	348	349	29	4.01533
PF3D7_1114400.1	1914	1915	1509	38.0775
PF3D7_1114500.1	2095	2096	6833.53	157.544
PF3D7_1114600.1	1008	1009	899	43.0543
PF3D7_1114700.1	3579	3580	3901.8	52.666
PF3D7_1114800.1	1586	1587	938.202	28.5672
PF3D7_1114900.1	7846	7847	6054.02	37.2811
PF3D7_1115000.1	1121	1122	4098.48	176.514
PF3D7_1115100.1	1120	1121	170.562	7.35233
PF3D7_1115200.1	4811	4812	10174	102.168
PF3D7_1115300.1	2813	2814	704.092	12.0908
PF3D7_1115400.1	2433	2434	36058.6	715.874
PF3D7_1115500.1	2229	2230	3222.12	69.8208
PF3D7_1115600.1	1467	1468	63308	2083.92
PF3D7_1115700.1	3670	3671	2627.27	34.5835
PF3D7_1115800.1	3426	3427	3624.98	51.114
PF3D7_1115900.1	2936	2937	14547.2	239.345
PF3D7_1116000.1	4702	4703	10408.1	106.942
PF3D7_1116100.1	7327	7328	13331.9	87.9132
PF3D7_1116200.1	679	680	674.034	47.8984
PF3D7_1116200.2	546	547	1040.97	91.9597
PF3D7_1116300.1	1660	1661	1302.65	37.897
PF3D7_1116400.1	3101	3102	38127.7	593.946
PF3D7_1116500.1	3529	3530	3009.28	41.1942
PF3D7_1116600.1	3718	3719	4749.73	61.715
PF3D7_1116700.1	3648	3649	11299.4	149.634
PF3D7_1116800.1	4872	4873	11857.7	117.585
PF3D7_1116900.1	639	640	4842	365.589
PF3D7_1117000.1	3852	3853	176	2.2073
PF3D7_1117100.1	2026	2027	39068	931.356
PF3D7_1117200.1	5466	5467	1869.08	16.5206
PF3D7_1117300.1	685	686	13601	958.065
PF3D7_1117400.1	2244	2245	4443.51	95.644
PF3D7_1117500.1	1951	1952	9127	225.942
PF3D7_1117600.1	1359	1360	10907.8	387.565
PF3D7_1117600.2	393	394	480.244	58.8998
PF3D7_1117700.1	2180	2181	30812.3	682.679
PF3D7_1117800.1	3814	3815	7105.67	90.0034
PF3D7_1117900.1	5719	5720	4880.3	41.2286
PF3D7_1118000.1	1618	1619	670.118	20.001
PF3D7_1118100.1	2180	2181	323.518	7.1679
PF3D7_1118200.1	3979	3980	1811.02	21.9882
PF3D7_1118300.1	6244	6245	3933.8	30.4389
PF3D7_1118400.1	2556	2557	2388.06	45.1298
PF3D7_1118500.1	3124	3125	973.937	15.0602
PF3D7_1118600.1	2599	2600	1437.95	26.7251
PF3D7_1118700.1	3313	3314	2753	40.1423
PF3D7_1118800.1	1464	1465	1013	33.4134
PF3D7_1118900.1	812	813	99.1466	5.89299
PF3D7_1119000.1	2437	2438	1730.09	34.2912
PF3D7_1119100.1	1493	1494	848.082	27.4306
PF3D7_1119200.1	1386	1387	2854.38	99.4451
PF3D7_1119300.1	1865	1866	27248.6	705.636
PF3D7_1119400.1	8233	8234	2018.77	11.8474
PF3D7_1119500.1	1364	1365	24413	864.245
PF3D7_1119600.1	4161	4162	1245.23	14.4576
PF3D7_1119700.1	2810	2811	1795.23	30.8609
PF3D7_1119800.1	1343	1344	793.769	28.5393
PF3D7_1119900.1	6941	6942	1724.71	12.0055
PF3D7_1120000.1	3623	3624	5963.69	79.5198
PF3D7_1120100.1	2583	2584	9051.74	169.273
PF3D7_1120200.1	1351	1352	799.832	28.5871
PF3D7_1120300.1	2684	2685	2023.53	36.4179
PF3D7_1120400.1	2917	2918	513.732	8.50746
PF3D7_1120500.1	3710	3711	4368.28	56.8811
PF3D7_1120600.1	7908	7909	5608.69	34.268
PF3D7_1120700.1	5206	5207	2230.68	20.7013
PF3D7_1120800.1	703	704	84	5.76574
PF3D7_1120900.1	816	817	424	25.078
PF3D7_1121000.1	1097	1098	23628.2	1039.86
PF3D7_1121100.1	6352	6353	7605.57	57.8497
PF3D7_1121200.1	704	705	957	65.5951
PF3D7_1121300.1	6281	6282	11600.5	89.2331
PF3D7_1121400.1	1749	1750	6839	188.844
PF3D7_1121500.1	1548	1549	3166	98.7661
PF3D7_1121600.1	3065	3066	188673	2973.62
PF3D7_1121700.1	4678	4679	22457.7	231.932
PF3D7_1121800.1	6075	6076	177	1.40768
PF3D7_1121900.1	2050	2051	4816	113.467
PF3D7_1122000.1	1936	1937	477	11.8997
PF3D7_1122100.1	2040	2041	5581	132.135
PF3D7_1122200.1	2027	2028	5314	126.62
PF3D7_1122300.1	1086	1087	775	34.4525
PF3D7_1122400.1	3549	3550	2875.33	39.1388
PF3D7_1122500.1	6387	6388	1748.01	13.2229
PF3D7_1122600.1	6182	6183	1371.51	10.7189
PF3D7_1122700.1	1515	1516	642.106	20.4671
PF3D7_1122800.1	5864	5865	2561	21.1004
PF3D7_1122900.1	15756	15757	427.108	1.30982
PF3D7_1123000.1	10984	10985	16069.9	70.6905
PF3D7_1123100.1	7588	7589	15849.8	100.922
PF3D7_1123200.1	3373	3374	2600.95	37.2508
PF3D7_1123300.1	3143	3144	5731.57	88.0926
PF3D7_1123400.1	3048	3049	34400.7	545.203
PF3D7_1123500.1	5049	5050	4211.31	40.2972
PF3D7_1123600.1	3883	3884	899.687	11.1934
PF3D7_1123700.1	1045	1046	592.563	27.3748
PF3D7_1123800.1	4600	4601	5801.07	60.9262
PF3D7_1123900.1	1434	1435	506.292	17.0489
PF3D7_1124000.1	2912	2913	5387.82	89.3759
PF3D7_1124100.1	6173	6174	21358.8	167.17
PF3D7_1124200.1	2594	2595	773.356	14.4009
PF3D7_1124300.1	3184	3185	2022.82	30.69
PF3D7_1124400.1	929	930	1920.55	99.7907
PF3D7_1124500.1	2749	2750	917.36	16.1196
PF3D7_1124600.1	4164	4165	101993	1183.33
PF3D7_1124700.1	2005	2006	5814.37	140.062
PF3D7_1124800.1	1452	1453	47820.1	1590.35
PF3D7_1124900.1	2208	2209	10794.6	236.133
PF3D7_1125000.1	1641	1642	6266.6	184.419
PF3D7_1125100.1	2107	2108	792.92	18.1764
PF3D7_1125200.1	2541	2542	3108.4	59.0895
PF3D7_1125300.1	4816	4817	21238	213.052
PF3D7_1125400.1	3193	3194	1739.66	26.3196
PF3D7_1125500.1	1434	1435	2997.87	100.951
PF3D7_1125600.1	1696	1697	2351.69	66.9649
PF3D7_1125700.1	3097	3098	4900.21	76.4331
PF3D7_1125800.1	3179	3180	23445.2	356.266
PF3D7_1125900.1	1860	1861	11711.1	304.088
PF3D7_1126000.1	4011	4012	3554.73	42.8148
PF3D7_1126100.1	4399	4400	849.132	9.32548
PF3D7_1126200.1	1984	1985	18204.3	443.161
PF3D7_1126300.1	2078	2079	33038	767.905
PF3D7_1126400.1	1034	1035	14230.8	664.412
PF3D7_1126500.1	5220	5221	3871.35	35.8308
PF3D7_1126600.1	2795	2796	878.512	15.183
PF3D7_1126700.1	5208	5209	76929.7	713.655
PF3D7_1126800.1	3751	3752	1340.82	17.2686
PF3D7_1126900.1	989	990	2469.58	120.541
PF3D7_1127000.1	2084	2085	1091.19	25.2896
PF3D7_1127100.1	1443	1444	24723.9	827.366
PF3D7_1127200.1	207	208	6	1.39391
PF3D7_1127300.1	1806	1807	1308.26	34.9853
PF3D7_1127400.1	1756	1757	788.537	21.6869
PF3D7_1127500.1	2225	2226	2121.85	46.0615
PF3D7_1127600.1	1324	1325	4235.63	154.472
PF3D7_1127700.1	1344	1345	169	6.07173
PF3D7_1127800.1	5137	5138	5542.1	52.1229
PF3D7_1127900.1	2216	2217	3911.87	85.2641
PF3D7_1128000.1	6202	6203	2969.35	23.1317
PF3D7_1128000.2	5331	5332	3346.89	30.3319
PF3D7_1128100.1	1854	1855	1894.34	49.3472
PF3D7_1128200.1	1026	1027	467.378	21.9911
PF3D7_1128300.1	5216	5217	666.396	6.17248
PF3D7_1128400.1	1537	1538	1795.13	56.4011
PF3D7_1128500.1	2381	2382	2937.67	59.595
PF3D7_1128600.1	2429	2430	135.065	2.68587
PF3D7_1128700.1	3062	3063	4122.75	65.0412
PF3D7_1128900.1	3077	3078	15219.2	238.931
PF3D7_1129000.1	2293	2294	21310	448.888
PF3D7_1129100.1	3367	3368	9890.09	141.898
PF3D7_1129200.1	2126	2127	25019.5	568.406
PF3D7_1129300.1	5789	5790	21476.1	179.236
PF3D7_1129400.1	3550	3551	7301.34	99.3574
PF3D7_1129500.1	2589	2590	21410.6	399.463
PF3D7_1129600.1	4238	4239	2149	24.4975
PF3D7_1129700.1	2660	2661	27986.7	508.224
PF3D7_1129800.1	2902	2903	1100.53	18.319
PF3D7_1129850.1	687	688	0	0
PF3D7_1129900.1	2728	2729	854.651	15.1333
PF3D7_1130000.1	4001	4002	5182	62.5703
PF3D7_1130100.1	1309	1310	5170.68	190.732
PF3D7_1130200.1	2570	2571	61935.4	1164.09
PF3D7_1130300.1	100	101	23	11.0041
PF3D7_1130310.1	103	104	0	0
PF3D7_1130400.1	2829	2830	3766.61	64.315
PF3D7_1130500.1	3914	3915	3486.1	43.0285
PF3D7_1130600.1	3401	3402	610.759	8.67529
PF3D7_1130700.1	6233	6234	3632.17	28.1545
PF3D7_1130800.1	1524	1525	60	1.90121
PF3D7_1130900.1	4123	4124	2695.07	31.5791
PF3D7_1131000.1	1350	1351	719.076	25.7198
PF3D7_1131100.1	2951	2952	85269	1395.8
PF3D7_1131200.1	1690	1691	3918.41	111.973
PF3D7_1131300.1	2439	2440	467.533	9.25914
PF3D7_1131400.1	5725	5726	7227.68	60.9953
PF3D7_1131500.1	771	772	86	5.38306
PF3D7_1131600.1	8292	8293	747.042	4.35293
PF3D7_1131700.1	411	412	598	70.1378
PF3D7_1131800.1	6541	6542	2888.01	21.3323
PF3D7_1131900.1	2331	2332	1970.88	40.8394
PF3D7_1132000.1	3093	3094	9467.04	147.857
PF3D7_1132100.1	3393	3394	140	1.99326
PF3D7_1132200.1	2510	2511	32214.7	619.948
PF3D7_1132300.1	1937	1938	1158.09	28.8759
PF3D7_1132400.1	5765	5766	17897.2	149.989
PF3D7_1132500.1	4320	4321	199.207	2.22776
PF3D7_1132600.1	1922	1923	6328.77	159.033
PF3D7_1132700.1	1607	1608	1093.77	32.8691
PF3D7_1132800.1	2162	2163	3696	82.5703
PF3D7_1132900.1	2277	2278	18395.8	390.224
PF3D7_1133000.1	1008	1009	9842	471.347
PF3D7_1133100.1	4344	4345	2282.89	25.3889
PF3D7_1133200.1	7140	7141	14390.4	97.378
PF3D7_1133300.1	2304	2305	6951	145.722
PF3D7_1133400.1	3731	3732	12156.1	157.399
PF3D7_1133500.1	1179	1180	1624	66.5047
PF3D7_1133600.1	2311	2312	13161.4	275.081
PF3D7_1133700.1	5669	5670	9410.56	80.2011
PF3D7_1133800.1	3513	3514	8222.03	113.064
PF3D7_1133900.1	4722	4723	10466.8	107.089
PF3D7_1134000.1	3609	3610	7328.32	98.0947
PF3D7_1134100.1	3211	3212	34035.1	512.036
PF3D7_1134200.1	6581	6582	3542.55	26.008
PF3D7_1134300.1	7196	7197	4800.39	32.2309
PF3D7_1134400.1	1256	1257	3541.05	136.127
PF3D7_1134500.1	6213	6214	8017.56	62.3475
PF3D7_1134600.1	8014	8015	10760.9	64.8771
PF3D7_1134700.1	5428	5429	2156.34	19.1932
PF3D7_1134800.1	1721	1722	1029.83	28.8988
PF3D7_1134900.1	2049	2050	399	9.40518
PF3D7_1135000.1	1586	1587	2467	75.1174
PF3D7_1135100.1	3418	3419	1517.36	21.4456
PF3D7_1135200.1	1494	1495	337.006	10.8929
PF3D7_1135300.1	2028	2029	95.0504	2.26371
PF3D7_1135400.1	1585	1586	2807	85.5239
PF3D7_1135500.1	1080	1081	3618	161.73
PF3D7_1135600.1	7066	7067	4036.99	27.6039
PF3D7_1135700.1	790	791	111.836	6.83211
PF3D7_1135800.1	1144	1145	3420.16	144.341
PF3D7_1135900.1	1633	1634	9903.7	292.883
PF3D7_1136000.1	10822	10823	13227.8	59.0595
PF3D7_1136100.1	1809	1810	1057	28.2192
PF3D7_1136200.1	2588	2589	6074	113.368
PF3D7_1136300.1	4886	4887	4321.31	42.7289
PF3D7_1136400.1	4802	4803	7003.37	70.46
PF3D7_1136500.1	972	973	93.2028	4.62875
PF3D7_1136500.2	975	976	6564.8	325.027
PF3D7_1136600.1	5043	5044	3223.15	30.8783
PF3D7_1136700.1	2737	2738	9542	168.405
PF3D7_1136700.2	1206	1207	2203.66	88.2239
PF3D7_1136800.1	4076	4077	2616.1	31.0072
PF3D7_1136900.1	5532	5533	14670.3	128.123
PF3D7_1137000.1	198	199	29041	7051.91
PF3D7_1137100.1	1625	1626	630.599	18.7405
PF3D7_1137200.1	2425	2426	16675	332.142
PF3D7_1137300.1	3493	3494	2325.12	32.1567
PF3D7_1137400.1	2378	2379	3169.21	64.3731
PF3D7_1137500.1	1507	1508	4895.2	156.862
PF3D7_1137600.1	1971	1972	490	12.0071
PF3D7_1137700.1	2208	2209	533	11.6595
PF3D7_1137800.1	456	457	898	94.9529
PF3D7_1137900.1	2289	2290	320	6.75247
PF3D7_1138000.1	9747	9748	14233.4	70.5573
PF3D7_1138100.1	1458	1459	765.98	25.3694
PF3D7_1138200.1	753	754	25.0768	1.60712
PF3D7_1138300.1	960	961	4034.45	202.866
PF3D7_1138350.1	279	280	177	30.5466
PF3D7_1138400.1	13943	13944	7261.21	25.1634
PF3D7_1138500.1	3450	3451	16228.8	227.242
PF3D7_1138600.1	2535	2536	4380.68	83.472
PF3D7_1138700.1	6396	6397	4046.02	30.5633
PF3D7_1138800.1	7030	7031	4311.28	29.6304
PF3D7_1138900.1	3360	3361	9658.52	138.864
PF3D7_1139100.1	8547	8548	11274.7	63.7367
PF3D7_1139200.1	1662	1663	207.175	6.01997
PF3D7_1139300.1	8683	8684	3336.39	18.5654
PF3D7_1139400.1	3586	3587	446.909	6.02054
PF3D7_1139500.1	1938	1939	285	7.10257
PF3D7_1139600.1	1890	1891	889	22.7174
PF3D7_1139700.1	2784	2785	7338.73	127.334
PF3D7_1139800.1	6751	6752	11920	85.3085
PF3D7_1139900.1	1665	1666	2174.3	63.0655
PF3D7_1140000.1	1803	1804	1255	33.6167
PF3D7_1140100.1	1625	1626	15011.7	446.127
PF3D7_1140200.1	2635	2636	7745	141.979
PF3D7_1140300.1	3242	3243	877.493	13.0751
PF3D7_1140400.1	1105	1106	2027.23	88.572
PF3D7_1140500.1	5217	5218	1788	16.5581
PF3D7_1140600.1	6380	6381	2821.48	21.3667
PF3D7_1140700.1	10188	10189	5348.42	25.3654
PF3D7_1140800.1	3497	3498	3705	51.1819
PF3D7_1140900.1	5849	5850	2207.27	18.2325
PF3D7_1141000.1	2472	2473	493.231	9.63772
PF3D7_1141100.1	7692	7693	1017.02	6.38825
PF3D7_1141200.1	1086	1087	133.009	5.9129
PF3D7_1141300.1	4396	4397	11665.5	128.202
PF3D7_1141400.1	1809	1810	37625.1	1004.49
PF3D7_1141500.1	912	913	515	27.2574
PF3D7_1141600.1	789	790	16282	995.93
PF3D7_1141700.1	1368	1369	5151	181.818
PF3D7_1141800.1	2311	2312	3327.77	69.5527
PF3D7_1141900.1	1602	1603	453	13.6557
PF3D7_1142000.1	2558	2559	324.005	6.11829
PF3D7_1142100.1	10727	10728	6470.77	29.1464
PF3D7_1142200.1	1133	1134	995.642	42.4266
PF3D7_1142300.1	6712	6713	24994.6	179.919
PF3D7_1142400.1	2254	2255	2967.85	63.598
PF3D7_1142500.1	990	991	3528.07	172.033
PF3D7_1142600.1	1117	1118	20816.2	899.722
PF3D7_1142700.1	2740	2741	877.067	15.4622
PF3D7_1142800.1	1235	1236	4496.04	175.776
PF3D7_1142900.1	2367	2368	2080.01	42.4455
PF3D7_1143000.1	1491	1492	997.102	32.2938
PF3D7_1143100.1	6287	6288	16452	126.431
PF3D7_1143200.1	2855	2856	3657.39	61.8817
PF3D7_1143300.1	3172	3173	5977.59	91.0341
PF3D7_1143400.1	1895	1896	5405.52	137.768
PF3D7_1143500.1	3307	3308	7423.52	108.441
PF3D7_1143600.1	1295	1296	287.735	10.7284
PF3D7_1143700.1	3092	3093	436.598	6.82103
PF3D7_1143800.1	4216	4217	1606.13	18.4046
PF3D7_1143900.1	1516	1517	1159.24	36.9263
PF3D7_1144000.1	995	996	2619.49	127.088
PF3D7_1144100.1	523	524	335	30.8931
PF3D7_1144200.1	1528	1529	9340.09	295.183
PF3D7_1144300.1	891	892	5096.01	276.066
PF3D7_1144400.1	4395	4396	1761.02	19.3577
PF3D7_1144500.1	2496	2497	856.533	16.5758
PF3D7_1144600.1	1771	1772	473.764	12.9195
PF3D7_1144700.1	1500	1501	1118.27	36.0011
PF3D7_1144800.1	2183	2184	487.057	10.7764
PF3D7_1144900.1	1752	1753	916.711	25.2696
PF3D7_1145000.1	2069	2070	709	16.551
PF3D7_1145100.1	4348	4349	1355.3	15.0589
PF3D7_1145200.1	9293	9294	21697	112.809
PF3D7_1145300.1	1017	1018	7483.52	355.227
PF3D7_1145400.1	3906	3907	9816.5	121.412
PF3D7_1145500.1	3065	3066	824.197	12.9899
PF3D7_1145600.1	2481	2482	1162.91	22.6408
PF3D7_1145700.1	1600	1601	1391.8	42.0083
PF3D7_1145800.1	3292	3293	3394.12	49.8063
PF3D7_1145900.1	1303	1304	576.235	21.3536
PF3D7_1146000.1	2688	2689	1353.5	24.3228
PF3D7_1146100.1	1159	1160	394.005	16.4131
PF3D7_1146200.1	635	636	6082	462.102
PF3D7_1146300.1	735	736	250.307	16.434
PF3D7_1146500.1	954	955	65	3.28896
PF3D7_1146600.1	7201	7202	51171	343.336
PF3D7_1146700.1	2409	2410	522.301	10.4725
PF3D7_1146800.1	11198	11199	933.798	4.02923
PF3D7_1146900.1	1734	1735	1635.22	45.5434
PF3D7_1147000.1	8823	8824	1495	8.187
PF3D7_1147100.1	309	310	31	4.83224
PF3D7_1147200.1	8958	8959	836.073	4.50955
PF3D7_1147300.1	6407	6408	9930.21	74.8831
PF3D7_1147400.1	867	868	111.645	6.21541
PF3D7_1147500.1	3202	3203	137	2.06686
PF3D7_1147600.1	2565	2566	2266.46	42.6814
PF3D7_1147700.1	1584	1585	3035.9	92.5565
PF3D7_1147800.1	6168	6169	748.969	5.86675
PF3D7_1147800.2	6060	6061	6925.03	55.211
PF3D7_1147900.1	2012	2013	5029.01	120.722
PF3D7_1148000.1	5364	5365	2698.17	24.3023
PF3D7_1148100.1	1659	1660	1271.54	37.0142
PF3D7_1148200.1	544	545	60.9048	5.40012
PF3D7_1148500.1	273	274	1869.13	329.638
PF3D7_1148600.1	2150	2151	52.844	1.18714
PF3D7_1148620.1	168	169	76	21.7308
PF3D7_1148640.1	4205	4206	15.7078	0.180466
PF3D7_1148700.1	3803	3804	3582	45.5023
PF3D7_1148800.1	1840	1841	148	3.88469
PF3D7_1148900.1	1990	1991	341.03	8.27694
PF3D7_1149000.1	20482	20483	29784	70.2648
PF3D7_1149100.1	3711	3712	25833.2	336.293
PF3D7_1149100.2	1350	1351	28697.8	1026.46
PF3D7_1149200.1	4496	4497	34994.3	376.03
PF3D7_1149300.1	2049	2050	4196.38	98.9167
PF3D7_1149400.1	2216	2217	781	17.0229
PF3D7_1149500.1	2520	2521	358	6.86212
PF3D7_1149600.1	3554	3555	3063.5	41.6415
PF3D7_1149700.1	258	259	0	0
PF3D7_1149800.1	945	946	5	0.255404
PF3D7_1149900.1	927	928	71.7218	3.73466
PF3D7_1150000.1	1110	1111	34.7785	1.51267
PF3D7_1150100.1	861	862	0	0
PF3D7_1150200.1	1017	1018	4	0.189872
PF3D7_1150300.1	1026	1027	3.24832	0.15284
PF3D7_1150400.1	9360	9361	83.015	0.428531
PF3D7_1200100.1	6537	6538	112.748	0.833317
PF3D7_1200200.1	1137	1138	84.5291	3.58932
PF3D7_1200300.1	1038	1039	1	0.0465085
PF3D7_1200400.1	8583	8584	139.234	0.783798
PF3D7_1200500.1	1722	1723	321.809	9.02529
PF3D7_1200600.1	11562	11563	33392.8	139.55
PF3D7_1200610.1	360	361	0	0
PF3D7_1200700.1	4847	4848	7008.87	69.8608
PF3D7_1200800.1	3321	3322	6348.12	92.3408
PF3D7_1200900.1	2633	2634	1751.04	32.1239
PF3D7_1201000.1	2992	2993	17226.9	278.13
PF3D7_1201100.1	3749	3750	2456.55	31.655
PF3D7_1201200.1	3573	3574	2612.81	35.3266
PF3D7_1201300.1	321	322	478	71.7332
PF3D7_1201400.1	3390	3391	1303.21	18.5709
PF3D7_1201500.1	2140	2141	710	16.0247
PF3D7_1201600.1	1645	1646	3086	90.5971
PF3D7_1201700.1	1668	1669	965.172	27.9445
PF3D7_1201800.1	1718	1719	1479	41.5758
PF3D7_1201900.1	1658	1659	4324	125.947
PF3D7_1202000.1	3198	3199	1078.09	16.2851
PF3D7_1202100.1	2140	2141	1802.92	40.6919
PF3D7_1202100.2	1203	1204	1901.32	76.3092
PF3D7_1202200.1	2190	2191	5596.42	123.429
PF3D7_1202300.1	17956	17957	1162.06	3.1271
PF3D7_1202400.1	1378	1379	1123.81	39.3803
PF3D7_1202500.1	3985	3986	2221.03	26.9257
PF3D7_1202600.1	6781	6782	48540.9	345.859
PF3D7_1202700.1	3656	3657	972.397	12.8489
PF3D7_1202800.1	1326	1327	258.155	9.40066
PF3D7_1202900.1	2597	2598	3641.65	67.7341
PF3D7_1203000.1	4241	4242	11048.8	125.862
PF3D7_1203100.1	1120	1121	4922.76	212.203
PF3D7_1203200.1	818	819	9548.03	563.35
PF3D7_1203300.1	3681	3682	1479.62	19.4184
PF3D7_1203400.1	4485	4486	2263.49	24.3819
PF3D7_1203500.1	2112	2113	1568.06	35.86
PF3D7_1203600.1	1511	1512	980.515	31.3365
PF3D7_1203700.1	2330	2331	5801.55	120.268
PF3D7_1203800.1	3009	3010	2335.63	37.4961
PF3D7_1203900.1	846	847	423	24.1327
PF3D7_1204000.1	492	493	83	8.13541
PF3D7_1204100.1	3684	3685	3623.66	47.518
PF3D7_1204200.1	2043	2044	2496.2	59.0128
PF3D7_1204300.1	3255	3256	15403.5	228.604
PF3D7_1204400.1	1050	1051	439	20.1841
PF3D7_1204500.1	1526	1527	457.95	14.492
PF3D7_1204600.1	1376	1377	971.098	34.0782
PF3D7_1204700.1	1761	1762	550.345	15.0931
PF3D7_1204900.1	1518	1519	6709.3	213.436
PF3D7_1205000.1	2411	2412	5249.07	105.161
PF3D7_1205100.1	2436	2437	3804.69	75.4418
PF3D7_1205200.1	1406	1407	666.497	22.8903
PF3D7_1205300.1	1727	1728	1962.64	54.8841
PF3D7_1205400.1	4233	4234	2097.09	23.9339
PF3D7_1205500.1	6855	6856	4211.01	29.68
PF3D7_1205600.1	2363	2364	13945.3	285.055
PF3D7_1205700.1	1628	1629	1209.49	35.8781
PF3D7_1205800.1	8343	8344	11652.9	67.4851
PF3D7_1205900.1	3652	3653	16462	217.761
PF3D7_1206000.1	2639	2640	1510.15	27.6417
PF3D7_1206100.1	1615	1616	271.018	8.10411
PF3D7_1206200.1	4754	4755	14358.3	145.915
PF3D7_1206300.1	8806	8807	16875.9	92.5949
PF3D7_1206400.1	1601	1602	842.049	25.3994
PF3D7_1206500.1	2709	2710	4432.84	79.0426
PF3D7_1206600.1	5438	5439	2468.16	21.9281
PF3D7_1206700.1	6238	6239	4849.13	37.5576
PF3D7_1206800.1	2665	2666	3992.61	72.3677
PF3D7_1206900.1	2092	2093	338	7.80361
PF3D7_1207000.1	9210	9211	17971.5	94.2813
PF3D7_1207100.1	3957	3958	12215.7	149.139
PF3D7_1207200.1	10491	10492	1037.31	4.77749
PF3D7_1207300.1	330	331	132	19.2706
PF3D7_1207400.1	1188	1189	505.98	20.5636
PF3D7_1207500.1	1250	1251	2556.1	98.7346
PF3D7_1207600.1	2864	2865	1417.37	23.906
PF3D7_1207700.1	1128	1129	1696	72.5906
PF3D7_1207800.1	3412	3413	3238.08	45.8457
PF3D7_1207900.1	1289	1290	843	31.5781
PF3D7_1208000.1	384	385	291	36.5242
PF3D7_1208100.1	14004	14005	8018	27.665
PF3D7_1208200.1	10806	10807	2481.73	11.0968
PF3D7_1208300.1	1537	1538	4843.71	152.184
PF3D7_1208400.1	5596	5597	1895.33	16.3636
PF3D7_1208500.1	5603	5604	185.008	1.59529
PF3D7_1208600.1	956	957	1207.21	60.9563
PF3D7_1208700.1	1360	1361	24086	855.175
PF3D7_1208800.1	4583	4584	1770.44	18.6632
PF3D7_1208900.1	8491	8492	8457.44	48.1257
PF3D7_1209000.1	1086	1087	2977.22	132.352
PF3D7_1209100.1	3079	3080	413.124	6.48153
PF3D7_1209200.1	1089	1090	631.732	28.0062
PF3D7_1209300.1	5166	5167	10911.7	102.047
PF3D7_1209400.1	3640	3641	2737.01	36.3248
PF3D7_1209500.1	3727	3728	799.188	10.3591
PF3D7_1209500.2	2679	2680	32.4769	0.585582
PF3D7_1209600.1	1469	1470	19.101	0.627894
PF3D7_1209700.1	1478	1479	9856.82	322.045
PF3D7_1209800.1	1141	1142	114.188	4.83172
PF3D7_1209900.1	3247	3248	3858.54	57.4057
PF3D7_1210000.1	2082	2083	1978.28	45.893
PF3D7_1210100.1	2513	2514	1767.75	33.9785
PF3D7_1210200.1	3752	3753	724.36	9.32662
PF3D7_1210300.1	1088	1089	560	24.849
PF3D7_1210400.1	3581	3582	3618.46	48.8143
PF3D7_1210500.1	1801	1802	132.351	3.54913
PF3D7_1210600.1	4917	4918	3651.68	35.88
PF3D7_1210700.1	2789	2790	655.116	11.3465
PF3D7_1210800.1	100	101	2	0.956879
PF3D7_1210900.1	1667	1668	9648	279.505
PF3D7_1211000.1	5535	5536	3870.02	33.7804
PF3D7_1211100.1	696	697	25	1.73323
PF3D7_1211200.1	5791	5792	8799	73.4096
PF3D7_1211300.1	5121	5122	3844.78	36.2728
PF3D7_1211400.1	2329	2330	8066.75	167.298
PF3D7_1211500.1	2255	2256	164.03	3.51345
PF3D7_1211600.1	9032	9033	6527.18	34.9174
PF3D7_1211700.1	3904	3905	2381.27	29.4669
PF3D7_1211800.1	2355	2356	18987.1	389.431
PF3D7_1211900.1	6137	6138	8414.26	66.2426
PF3D7_1212000.1	1376	1377	6554.23	230.004
PF3D7_1212100.1	2281	2282	1363.4	28.8706
PF3D7_1212200.1	3410	3411	371.789	5.26699
PF3D7_1212300.1	4612	4613	2380.78	24.9393
PF3D7_1212400.1	1546	1547	502.636	15.7004
PF3D7_1212500.1	2981	2982	2128.61	34.4934
PF3D7_1212600.1	935	936	7186	370.988
PF3D7_1212700.1	7171	7172	49808.6	335.592
PF3D7_1212800.1	2871	2872	3007.35	50.5996
PF3D7_1212900.1	5429	5430	6136.84	54.6127
PF3D7_1213000.1	753	754	150	9.6132
PF3D7_1213100.1	164	165	92	26.9434
PF3D7_1213200.1	1248	1249	361	13.9667
PF3D7_1213300.1	336	337	21	3.01119
PF3D7_1213400.1	1731	1732	45	1.25549
PF3D7_1213500.1	2097	2098	52	1.19769
PF3D7_1213600.1	1660	1661	7706.59	224.203
PF3D7_1213700.1	1053	1054	1272.29	58.3303
PF3D7_1213800.1	4049	4050	2801.39	33.4247
PF3D7_1213900.1	4396	4397	35232	387.195
PF3D7_1214000.1	2901	2902	3930.24	65.444
PF3D7_1214100.1	4748	4749	4177.21	42.5042
PF3D7_1214200.1	1412	1413	180.526	6.17372
PF3D7_1214300.1	1803	1804	3879.54	103.918
PF3D7_1214400.1	872	873	96.4701	5.33982
PF3D7_1214500.1	1535	1536	309.538	9.73803
PF3D7_1214600.1	1230	1231	160.546	6.30216
PF3D7_1214700.1	1385	1386	1145.25	39.9287
PF3D7_1214800.1	1187	1188	380.986	15.4967
PF3D7_1214900.1	1129	1130	106.031	4.53423
PF3D7_1215000.1	1442	1443	949.154	31.7847
PF3D7_1215100.1	3774	3775	2373.53	30.3827
PF3D7_1215200.1	1781	1782	6136.95	166.415
PF3D7_1215300.1	958	959	5955	300.062
PF3D7_1215400.1	2660	2661	1948.74	35.3881
PF3D7_1215500.1	210	211	234	53.5897
PF3D7_1215600.1	461	462	825	86.29
PF3D7_1215700.1	3342	3343	71	1.02629
PF3D7_1215800.1	1101	1102	34	1.49089
PF3D7_1215900.1	2608	2609	449.052	8.31708
PF3D7_1216000.1	2410	2411	17334	347.416
PF3D7_1216100.1	882	883	672	36.7754
PF3D7_1216200.1	2176	2177	22031.1	489.02
PF3D7_1216300.1	1518	1519	6476.99	206.046
PF3D7_1216400.1	3173	3174	7056.36	107.429
PF3D7_1216500.1	1867	1868	12008.7	310.647
PF3D7_1216600.1	549	550	8294	728.701
PF3D7_1216700.1	3222	3223	475	7.12167
PF3D7_1216800.1	72	73	22	14.5629
PF3D7_1216900.1	6208	6209	21242.6	165.323
PF3D7_1217000.1	792	793	1321.77	80.5438
PF3D7_1217100.1	1303	1304	655.947	24.3074
PF3D7_1217100.2	924	925	312.677	16.3344
PF3D7_1217200.1	3901	3902	3490.9	43.2313
PF3D7_1217300.1	3776	3777	5613.73	71.8212
PF3D7_1217400.1	3752	3753	2378.92	30.6302
PF3D7_1217500.1	3229	3230	2835.6	42.4219
PF3D7_1217600.1	897	898	53	2.85199
PF3D7_1217700.1	2061	2062	778.561	18.2454
PF3D7_1217800.1	618	619	3527.75	275.395
PF3D7_1217900.1	1927	1928	6696.05	167.826
PF3D7_1218000.1	2266	2267	35823.3	763.594
PF3D7_1218100.1	1392	1393	354	12.2801
PF3D7_1218200.1	7000	7001	29070.9	200.653
PF3D7_1218300.1	3668	3669	2199.7	28.971
PF3D7_1218400.1	3204	3205	2132.58	32.1533
PF3D7_1218500.1	4243	4244	994.404	11.3223
PF3D7_1218600.1	3099	3100	1839.04	28.6667
PF3D7_1218700.1	1491	1492	795	25.7482
PF3D7_1218800.1	1576	1577	1832.86	56.1625
PF3D7_1218900.1	2778	2779	1450.21	25.2168
PF3D7_1219000.1	11335	11336	11892	50.6924
PF3D7_1219100.1	6984	6985	4064.88	28.1209
PF3D7_1219200.1	704	705	218	14.9422
PF3D7_1219300.1	6771	6772	554.311	3.95535
PF3D7_1219400.1	3420	3421	52.4979	0.741544
PF3D7_1219500.1	813	814	9	0.534277
PF3D7_1219600.1	5387	5388	36479	327.163
PF3D7_1219700.1	573	574	127	10.6915
PF3D7_1219800.1	162	163	149	44.172
PF3D7_1219900.1	1233	1234	2284	89.4395
PF3D7_1220000.1	1308	1309	36	1.32896
PF3D7_1220100.1	2916	2917	4192.59	69.4535
PF3D7_1220200.1	1724	1725	1259.12	35.2718
PF3D7_1220300.1	8577	8578	4346.02	24.4824
PF3D7_1220400.1	2973	2974	839.207	13.6357
PF3D7_1220500.1	1534	1535	369.386	11.6284
PF3D7_1220600.1	1017	1018	1773	84.1607
PF3D7_1220700.1	2658	2659	291	5.28838
PF3D7_1220900.1	2768	2769	11105.4	193.802
PF3D7_1221000.1	9156	9157	32867.6	173.446
PF3D7_1221100.1	1522	1523	481	15.2614
PF3D7_1221200.1	610	611	1355	107.163
PF3D7_1221300.1	2929	2930	16195.6	267.102
PF3D7_1221400.1	2383	2384	605.166	12.2664
PF3D7_1221500.1	3160	3161	400	6.11482
PF3D7_1221600.1	1945	1946	151.032	3.75037
PF3D7_1221700.1	2923	2924	1925.69	31.8241
PF3D7_1221800.1	3528	3529	11435.6	156.587
PF3D7_1221900.1	4511	4512	2657	28.4557
PF3D7_1222000.1	1710	1711	1862	52.5869
PF3D7_1222100.1	1970	1971	3162.57	77.5357
PF3D7_1222200.1	145	146	142	46.9985
PF3D7_1222300.1	3567	3568	10808.8	146.386
PF3D7_1222400.1	9834	9835	2895.83	14.2281
PF3D7_1222500.1	3275	3276	13944.4	205.686
PF3D7_1222600.1	8270	8271	1914.46	11.185
PF3D7_1222700.1	2281	2282	9342.1	197.823
PF3D7_1222800.1	2016	2017	807.76	19.352
PF3D7_1222900.1	2417	2418	615.143	12.2933
PF3D7_1223000.1	1149	1150	1164.88	48.9474
PF3D7_1223100.1	2123	2124	67491.4	1535.47
PF3D7_1223200.1	2334	2335	14300.9	295.955
PF3D7_1223300.1	4242	4243	37456.9	426.587
PF3D7_1223400.1	6854	6855	35684.9	251.551
PF3D7_1223500.1	14014	14015	13032.9	44.9362
PF3D7_1223600.1	5836	5837	2539.43	21.023
PF3D7_1223700.1	1877	1878	55413.8	1425.84
PF3D7_1223800.1	1156	1157	27166	1134.59
PF3D7_1223900.1	1564	1565	1250.64	38.616
PF3D7_1224000.1	1872	1873	5397.04	139.241
PF3D7_1224100.1	2248	2249	75718.3	1626.9
PF3D7_1224200.1	3034	3035	506.065	8.05742
PF3D7_1224300.1	7668	7669	12655.8	79.7439
PF3D7_1224400.1	3262	3263	7041.53	104.279
PF3D7_1224500.1	2886	2887	2223	37.2085
PF3D7_1224600.1	1466	1467	682.427	22.4789
PF3D7_1224700.1	5766	5767	6720.69	56.3135
PF3D7_1224800.1	1954	1955	1201.64	29.7012
PF3D7_1224900.1	898	899	5759.68	309.59
PF3D7_1225000.1	5187	5188	1563.48	14.5626
PF3D7_1225100.1	5255	5256	3934	36.1682
PF3D7_1225200.1	4347	4348	743.129	8.25891
PF3D7_1225300.1	2232	2233	236.245	5.11237
PF3D7_1225400.1	1163	1164	3124.34	129.704
PF3D7_1225500.1	1977	1978	1190.43	29.0822
PF3D7_1225600.1	3013	3014	4335.06	69.5024
PF3D7_1225700.1	5283	5284	1526.99	13.9644
PF3D7_1225800.1	4760	4761	8846.57	89.7894
PF3D7_1225900.1	3024	3025	2692	43.003
PF3D7_1226000.1	3163	3164	8693	132.764
PF3D7_1226100.1	2265	2266	1068.7	22.79
PF3D7_1226200.1	4729	4730	847.869	8.66196
PF3D7_1226300.1	2515	2516	2949.68	56.6517
PF3D7_1226400.1	2983	2984	1757	28.4526
PF3D7_1226500.1	4518	4519	1196.13	12.7904
PF3D7_1226600.1	1359	1360	242	8.59854
PF3D7_1226700.1	3426	3427	3429.85	48.3626
PF3D7_1226800.1	3053	3054	9319.53	147.46
PF3D7_1226900.1	1795	1796	17144.2	461.275
PF3D7_1227000.1	1712	1713	12834.9	362.063
PF3D7_1227100.1	3536	3537	908.985	12.4185
PF3D7_1227200.1	7997	7998	5279.24	31.8962
PF3D7_1227300.1	3489	3490	641	8.87526
PF3D7_1227400.1	4181	4182	1064.69	12.3023
PF3D7_1227500.1	8984	8985	9065.89	48.7574
PF3D7_1227600.1	4726	4727	1577.51	16.1263
PF3D7_1227700.1	4226	4227	6723.58	76.8629
PF3D7_1227800.1	3920	3921	3322.32	40.9443
PF3D7_1227900.1	1966	1967	8049.75	197.754
PF3D7_1228000.1	1276	1277	169.26	6.40488
PF3D7_1228100.1	1344	1345	610.749	21.9426
PF3D7_1228200.1	2762	2763	866.057	15.1466
PF3D7_1228300.1	5621	5622	6774.85	58.2314
PF3D7_1228400.1	5311	5312	1209.62	11.0037
PF3D7_1228500.1	1996	1997	12865.1	311.303
PF3D7_1228600.1	2611	2612	44065.9	815.226
PF3D7_1228700.1	4616	4617	7875.39	82.4253
PF3D7_1228800.1	10724	10725	19415.5	87.4781
PF3D7_1228900.1	3037	3038	2346.72	37.3269
PF3D7_1229000.1	5909	5910	1857.06	15.184
PF3D7_1229100.1	10802	10803	11336	50.7064
PF3D7_1229200.1	1171	1172	3259.76	134.402
PF3D7_1229300.1	3118	3119	28108	435.475
PF3D7_1229400.1	1393	1394	176076	6103.59
PF3D7_1229500.1	3119	3120	9814.81	152.011
PF3D7_1229600.1	4307	4308	17868.5	200.429
PF3D7_1229700.1	837	838	11148.1	642.843
PF3D7_1229800.1	8647	8648	9903.61	55.3384
PF3D7_1229900.1	2410	2411	3428.18	68.7092
PF3D7_1229900.2	2016	2017	3875.7	92.8524
PF3D7_1230000.1	6668	6669	6593.57	47.7758
PF3D7_1230100.1	1723	1724	337	9.44585
PF3D7_1230200.1	3348	3349	3984.93	57.4982
PF3D7_1230300.1	1224	1225	2259	89.1104
PF3D7_1230400.1	1151	1152	323.111	13.5534
PF3D7_1230500.1	2356	2357	183.797	3.76814
PF3D7_1230600.1	1987	1988	13152.5	319.697
PF3D7_1230700.1	3687	3688	921.003	12.0675
PF3D7_1230800.1	2998	2999	4819.1	77.6494
PF3D7_1230900.1	4023	4024	3424.27	41.1205
PF3D7_1231000.1	3295	3296	4760.53	69.7937
PF3D7_1231100.1	1805	1806	3390.79	90.7259
PF3D7_1231200.1	1959	1960	7022.02	173.123
PF3D7_1231300.1	3334	3335	1046	15.156
PF3D7_1231400.1	6431	6432	20631	154.997
PF3D7_1231500.1	2315	2316	9809.73	204.676
PF3D7_1231600.1	5096	5097	5889.22	55.833
PF3D7_1231700.1	1405	1406	252.999	8.69526
PF3D7_1231800.1	7952	7953	3938.43	23.9299
PF3D7_1231900.1	3912	3913	1401.44	17.3066
PF3D7_1232000.1	2833	2834	1454.73	24.8046
PF3D7_1232100.1	3010	3011	4303.79	69.0699
PF3D7_1232200.1	2104	2105	3049	69.9929
PF3D7_1232300.1	1609	1610	569.003	17.078
PF3D7_1232400.1	1719	1720	19582.5	550.158
PF3D7_1232500.1	3805	3806	156950	1992.69
PF3D7_1232600.1	1856	1857	782.043	20.3501
PF3D7_1232700.1	3103	3104	1464.91	22.8054
PF3D7_1232800.1	560	561	1912.09	164.7
PF3D7_1232900.1	2433	2434	1351.1	26.8235
PF3D7_1233000.1	3028	3029	865.144	13.8019
PF3D7_1233050.1	99	100	20	9.66447
PF3D7_1233100.1	1201	1202	5973	240.124
PF3D7_1233200.1	12963	12964	1553.62	5.791
PF3D7_1233200.2	9696	9697	1122.61	5.5942
PF3D7_1233300.1	4437	4438	11693.4	127.322
PF3D7_1233400.1	3321	3322	1086.34	15.802
PF3D7_1233600.1	19173	19174	45358	114.311
PF3D7_1233700.1	2429	2430	876.003	17.42
PF3D7_1233800.1	885	886	23891.8	1303.06
PF3D7_1233900.1	3934	3935	1590.3	19.5291
PF3D7_1234000.1	1771	1772	731	19.9343
PF3D7_1234100.1	12477	12478	9482.49	36.7219
PF3D7_1234200.1	6201	6202	2048.13	15.9578
PF3D7_1234300.1	1904	1905	13880	352.081
PF3D7_1234400.1	1971	1972	20	0.490085
PF3D7_1234500.1	1856	1857	2099.63	54.636
PF3D7_1234600.1	3837	3838	3187.14	40.1277
PF3D7_1234700.1	4156	4157	532.118	6.18552
PF3D7_1234800.1	5722	5723	3515.59	29.684
PF3D7_1234900.1	1298	1299	77190	2871.44
PF3D7_1235000.1	1356	1357	122	4.34438
PF3D7_1235100.1	823	824	4769.26	279.687
PF3D7_1235200.1	4351	4352	4061.73	45.0994
PF3D7_1235300.1	7386	7387	12933.9	84.6078
PF3D7_1235400.1	3575	3576	6354	85.8614
PF3D7_1235500.1	2444	2445	4793.42	94.7359
PF3D7_1235600.1	2043	2044	27407.1	647.934
PF3D7_1235700.1	3022	3023	853.251	13.6391
PF3D7_1235800.1	6045	6046	1761	14.0747
PF3D7_1235900.1	4272	4273	3780.8	42.7562
PF3D7_1236000.1	1862	1863	330.068	8.56128
PF3D7_1236100.1	2873	2874	2279	38.3183
PF3D7_1236200.1	7938	7939	1863.92	11.3451
PF3D7_1236300.1	2045	2046	894.986	21.1378
PF3D7_1236400.1	2513	2514	1411.67	27.1341
PF3D7_1236500.1	810	811	101	6.01795
PF3D7_1236600.1	459	460	0	0
PF3D7_1236650.1	177	178	9745	2645.51
PF3D7_1236700.1	2173	2174	1975.15	43.9025
PF3D7_1236800.1	1820	1821	11531.8	306.01
PF3D7_1236900.1	3914	3915	24209.7	298.818
PF3D7_1237000.1	2983	2984	590.974	9.57013
PF3D7_1237100.1	8969	8970	1682.11	9.06171
PF3D7_1237200.1	6522	6523	10601.3	78.5342
PF3D7_1237300.1	924	925	624.587	32.6287
PF3D7_1237400.1	1638	1639	1628.05	47.9995
PF3D7_1237500.1	6961	6962	2831.75	19.6548
PF3D7_1237600.1	2523	2524	8138.71	155.817
PF3D7_1237700.1	2224	2225	18789.9	408.077
PF3D7_1237800.1	1227	1228	3400.08	133.795
PF3D7_1237900.1	4117	4118	56029.9	657.479
PF3D7_1238000.1	1317	1318	5147.18	188.713
PF3D7_1238100.1	1599	1600	1641.5	49.5759
PF3D7_1238200.1	1050	1051	323	14.8507
PF3D7_1238300.1	3853	3854	4153.36	52.0758
PF3D7_1238400.1	1067	1068	172.526	7.80607
PF3D7_1238500.1	6899	6900	3720.68	26.0568
PF3D7_1238600.1	3234	3235	5345.71	79.8509
PF3D7_1238700.1	3125	3126	4426.34	68.4233
PF3D7_1238800.1	5934	5935	12157.9	98.9886
PF3D7_1238900.1	6365	6366	3652.52	27.7252
PF3D7_1239000.1	4919	4920	6583.75	64.6631
PF3D7_1239100.1	2181	2182	354.019	7.84008
PF3D7_1239200.1	8957	8958	11036.5	59.5342
PF3D7_1239300.1	1738	1739	1479.66	41.116
PF3D7_1239400.1	540	541	177	15.8097
PF3D7_1239500.1	4007	4008	603.752	7.27913
PF3D7_1239600.1	1716	1717	1162.65	32.721
PF3D7_1239700.1	4384	4385	2485.16	27.3863
PF3D7_1239800.1	17753	17754	48675.1	132.483
PF3D7_1239900.1	3711	3712	1863	24.2523
PF3D7_1240000.1	2175	2176	119.063	2.64403
PF3D7_1240100.1	1331	1332	731	26.5193
PF3D7_1240200.1	2553	2554	1	0.0189203
PF3D7_1240300.1	7941	7942	46.9183	0.28547
PF3D7_1240400.1	7548	7549	342.288	2.19104
PF3D7_1240500.1	135	136	0	0
PF3D7_1240600.1	7080	7081	590.74	4.03135
PF3D7_1240700.1	1038	1039	0	0
PF3D7_1240800.1	135	136	0	0
PF3D7_1240900.1	8198	8199	332.217	1.95798
PF3D7_1241000.1	135	136	18	6.39561
PF3D7_1241100.1	2303	2304	2732.87	57.3172
PF3D7_1241200.1	7590	7591	6796.09	43.2622
PF3D7_1241300.1	2108	2109	1831	41.9527
PF3D7_1241400.1	8419	8420	337.061	1.93439
PF3D7_1241500.1	2391	2392	727.051	14.6876
PF3D7_1241600.1	2031	2032	599.085	14.2467
PF3D7_1241700.1	2654	2655	2901.39	52.8068
PF3D7_1241800.1	4302	4303	1077.47	12.0999
PF3D7_1241900.1	3583	3584	6685.29	90.1365
PF3D7_1242000.1	2035	2036	154.008	3.65521
PF3D7_1242100.1	416	417	349	40.4425
PF3D7_1242200.1	2186	2187	1389.16	30.6939
PF3D7_1242300.1	1414	1415	3163.61	108.038
PF3D7_1242400.1	1745	1746	4382.04	121.277
PF3D7_1242500.1	1819	1820	1273.03	33.7999
PF3D7_1242600.1	2389	2390	921.443	18.6303
PF3D7_1242700.1	1189	1190	4809.77	195.31
PF3D7_1242800.1	2772	2773	4370.71	76.1642
PF3D7_1242900.1	1997	1998	7882.93	190.652
PF3D7_1243000.1	1583	1584	3666.38	111.849
PF3D7_1243100.1	1063	1064	2469	112.132
PF3D7_1243200.1	252	253	21	4.01095
PF3D7_1243300.1	240	241	139	27.8706
PF3D7_1243400.1	2352	2353	2525.4	51.8628
PF3D7_1243500.1	1496	1497	4020.51	129.78
PF3D7_1243600.1	2687	2688	21823.1	392.315
PF3D7_1243700.1	4384	4385	7268.95	80.1032
PF3D7_1243800.1	2346	2347	83.5877	1.72099
PF3D7_1243900.1	6196	6197	6785.06	52.9079
PF3D7_1244000.1	4093	4094	5627.97	66.4281
PF3D7_1244100.1	5192	5193	12384.7	115.243
PF3D7_1244200.1	4689	4690	2178.77	22.4485
PF3D7_1244300.1	242	243	10842	2156.01
PF3D7_1244400.1	6814	6815	3178.17	22.5351
PF3D7_1244500.1	2433	2434	5.70543	0.11327
PF3D7_1244600.1	1933	1934	13333.5	333.148
PF3D7_1244700.1	2436	2437	14674.6	290.978
PF3D7_1244800.1	2354	2355	806.868	16.5562
PF3D7_1244900.1	4251	4252	8421.16	95.7033
PF3D7_1245000.1	1563	1564	6295.56	194.512
PF3D7_1245100.1	5292	5293	2008.54	18.337
PF3D7_1245200.1	5042	5043	597.736	5.72755
PF3D7_1245300.1	965	966	316	15.8073
PF3D7_1245400.1	1481	1482	6146.95	200.428
PF3D7_1245500.1	1462	1463	11007.8	363.583
PF3D7_1245600.1	4818	4819	301.024	3.01851
PF3D7_1245700.1	916	917	542.28	28.5761
PF3D7_1245800.1	1296	1297	6987	260.315
PF3D7_1245900.1	1652	1653	946	27.6546
PF3D7_1246000.1	1452	1453	214	7.11699
PF3D7_1246100.1	2411	2412	586.18	11.7436
PF3D7_1246200.1	3426	3427	53831.4	759.05
PF3D7_1246300.1	3431	3432	4984.53	70.1818
PF3D7_1246400.1	2289	2290	12045.1	254.17
PF3D7_1246500.1	2102	2103	1762.59	40.5004
PF3D7_1246600.1	1967	1968	1189.04	29.1958
PF3D7_1246700.1	2098	2099	5061.29	116.519
PF3D7_1246800.1	1625	1626	666.532	19.8084
PF3D7_1246900.1	3268	3269	2083.71	30.8015
PF3D7_1247000.1	1564	1565	15451.5	477.093
PF3D7_1247000.2	1092	1093	9108.19	402.68
PF3D7_1247100.1	1974	1975	467.776	11.4451
PF3D7_1247200.1	1042	1043	2583.83	119.709
PF3D7_1247300.1	2971	2972	4276.5	69.5325
PF3D7_1247400.1	3675	3676	4037.07	53.0688
PF3D7_1247500.1	3137	3138	4251	65.4616
PF3D7_1247600.1	1485	1486	711	23.1206
PF3D7_1247700.1	1653	1654	1938.02	56.6201
PF3D7_1247800.1	2384	2385	511.388	10.3612
PF3D7_1247900.1	1743	1744	2604.99	72.1784
PF3D7_1248000.1	1535	1536	3377.64	106.26
PF3D7_1248100.1	1590	1591	9293.83	282.275
PF3D7_1248200.1	1493	1494	1202	38.8778
PF3D7_1248300.1	1350	1351	185.355	6.62975
PF3D7_1248400.1	1105	1106	505	22.064
PF3D7_1248500.1	3025	3026	14594.7	233.063
PF3D7_1248600.1	3384	3385	5890.93	84.0956
PF3D7_1248700.1	7907	7908	52504.5	320.832
PF3D7_1248800.1	285	286	2019	341.129
PF3D7_1248900.1	2175	2176	2341.55	51.9987
PF3D7_1249000.1	2629	2630	415.824	7.64015
PF3D7_1249100.1	2001	2002	4037.35	97.4498
PF3D7_1249200.1	543	544	51	4.53022
PF3D7_1249300.1	3879	3880	2135.54	26.5965
PF3D7_1249400.1	945	946	968.654	49.4796
PF3D7_1249500.1	868	869	9452.01	525.597
PF3D7_1249600.1	3024	3025	787.189	12.5748
PF3D7_1249700.1	4488	4489	74.0651	0.797283
PF3D7_1249800.1	9647	9648	6290.49	31.5062
PF3D7_1249900.1	2430	2431	866.938	17.2326
PF3D7_1250000.1	1325	1326	759.109	27.6636
PF3D7_1250100.1	9360	9361	375	1.93579
PF3D7_1250200.1	5045	5046	18246.9	174.739
PF3D7_1250300.1	1831	1832	2555.6	67.4086
PF3D7_1250400.1	2566	2567	1532.34	28.8454
PF3D7_1250500.1	1251	1252	4587.35	177.054
PF3D7_1250600.1	3501	3502	721.197	9.95145
PF3D7_1250700.1	2767	2768	5979.41	104.386
PF3D7_1250800.1	5459	5460	10668.4	94.4176
PF3D7_1250900.1	1142	1143	5563	235.186
PF3D7_1251000.1	561	562	103	8.85624
PF3D7_1251100.1	850	851	11979	680.204
PF3D7_1251200.1	2654	2655	27092.3	493.094
PF3D7_1251300.1	1315	1316	5200.56	190.96
PF3D7_1251400.1	1919	1920	2805.72	70.6141
PF3D7_1251500.1	2819	2820	2172.46	37.2263
PF3D7_1251600.1	3147	3148	2438.4	37.4299
PF3D7_1251700.1	2296	2297	6644.47	139.781
PF3D7_1251800.1	2399	2400	2267.94	45.6634
PF3D7_1251900.1	73	74	329.764	215.338
PF3D7_1252000.1	72	73	5	3.30975
PF3D7_1252100.1	7983	7984	66389.3	401.815
PF3D7_1252200.1	1137	1138	344	14.6071
PF3D7_1252300.1	3012	3013	69639.1	1116.87
PF3D7_1252400.1	8670	8671	6543.09	36.4638
PF3D7_1252500.1	2077	2078	388.129	9.02565
PF3D7_1252600.1	5012	5013	982.131	9.46716
PF3D7_1252700.1	4067	4068	1017.16	12.0825
PF3D7_1252800.1	3820	3821	5254.31	66.4488
PF3D7_1252900.1	1842	1843	1347.9	35.3412
PF3D7_1253000.1	3636	3637	2007.06	26.6664
PF3D7_1253100.1	1814	1815	4236.43	112.79
PF3D7_1253200.1	1626	1627	704.739	20.931
PF3D7_1253300.1	618	619	5.62768	0.439326
PF3D7_1253400.1	2961	2962	925.983	15.1066
PF3D7_1253500.1	633	634	57.3333	4.36985
PF3D7_1253600.1	852	853	0	0
PF3D7_1253700.1	1128	1129	17	0.727618
PF3D7_1253800.1	855	856	37.6552	2.12569
PF3D7_1253900.1	828	829	0	0
PF3D7_1254000.1	1041	1042	1.19486	0.0554114
PF3D7_1254100.1	888	889	11.3304	0.615873
PF3D7_1254200.1	1056	1057	8.03021	0.367113
PF3D7_1254300.1	909	910	6.30429	0.334767
PF3D7_1254400.1	1140	1141	4.587	0.194264
PF3D7_1254500.1	921	922	0	0
PF3D7_1254600.1	909	910	0	0
PF3D7_1254700.1	981	982	11.0333	0.542926
PF3D7_1254800.1	954	955	43.5819	2.20521
PF3D7_1254900.1	213	214	2.26867	0.512278
PF3D7_1255000.1	1038	1039	5.38932	0.250649
PF3D7_1255100.1	1053	1054	101.092	4.63471
PF3D7_1255200.1	6807	6808	368.956	2.61881
PF3D7_1300100.1	6489	6490	145.105	1.0804
PF3D7_1300200.1	1047	1048	141.141	6.50788
PF3D7_1300300.1	11288	11289	166.584	0.713059
PF3D7_1300400.1	1032	1033	0	0
PF3D7_1300500.1	996	997	27.3797	1.32703
PF3D7_1300600.1	1038	1039	223.118	10.3769
PF3D7_1300700.1	1110	1111	0	0
PF3D7_1300800.1	1368	1369	0	0
PF3D7_1300900.1	927	928	11	0.572787
PF3D7_1301000.1	1110	1111	0	0
PF3D7_1301100.1	834	835	0	0
PF3D7_1301200.1	2543	2544	278	5.28051
PF3D7_1301300.1	744	745	32	2.07559
PF3D7_1301400.1	2407	2408	1095.02	21.9743
PF3D7_1301500.1	1897	1898	221	5.62658
PF3D7_1301600.1	5448	5449	13260.6	117.596
PF3D7_1301700.1	2679	2680	3253.14	58.6565
PF3D7_1301800.1	6495	6496	794	5.9064
PF3D7_1301900.1	749	750	362	23.3236
PF3D7_1302000.1	2943	2944	2291.76	37.6166
PF3D7_1302050.1	243	244	24	4.75302
PF3D7_1302100.1	2484	2485	146068	2840.38
PF3D7_1302200.1	1070	1071	551	24.8605
PF3D7_1302300.1	2592	2593	7524.29	140.22
PF3D7_1302400.1	492	493	107	10.4878
PF3D7_1302500.1	9581	9582	4131.36	20.8346
PF3D7_1302600.1	1309	1310	1320	48.6912
PF3D7_1302700.1	5549	5550	4114.57	35.8245
PF3D7_1302800.1	2159	2160	34373	768.975
PF3D7_1302900.1	3237	3238	1674.12	24.9838
PF3D7_1303000.1	450	451	11967	1282.2
PF3D7_1303100.1	1170	1171	741.299	30.5904
PF3D7_1303200.1	1679	1680	358.414	10.3092
PF3D7_1303200.2	519	520	0	0
PF3D7_1303300.1	2177	2178	1950.27	43.2698
PF3D7_1303400.1	4543	4544	2832.98	30.1268
PF3D7_1303500.1	8523	8524	16637.7	94.319
PF3D7_1303600.1	1263	1264	210.065	8.03072
PF3D7_1303700.1	3585	3586	28654.7	386.131
PF3D7_1303800.1	29429	29430	22378.5	36.7442
PF3D7_1303900.1	612	613	177	13.9528
PF3D7_1304000.1	4408	4409	1400.14	15.3454
PF3D7_1304100.1	3960	3961	4317.72	52.6742
PF3D7_1304200.1	1407	1408	436.236	14.9716
PF3D7_1304200.2	2222	2223	3325.7	72.2922
PF3D7_1304300.1	1008	1009	4263	204.161
PF3D7_1304400.1	2078	2079	4660	108.313
PF3D7_1304500.1	1386	1387	2486.5	86.6285
PF3D7_1304600.1	4445	4446	2325.95	25.2801
PF3D7_1304700.1	1039	1040	553.339	25.7102
PF3D7_1304800.1	118	119	5	2.03035
PF3D7_1304900.1	1696	1697	1086.71	30.9443
PF3D7_1305000.1	5358	5359	7883.4	71.085
PF3D7_1305100.1	2280	2281	6904.6	146.272
PF3D7_1305200.1	1256	1257	2358.85	90.6803
PF3D7_1305300.1	11329	11330	4851.45	20.6914
PF3D7_1305400.1	2088	2089	10814.4	250.156
PF3D7_1305500.1	2927	2928	358.835	5.92205
PF3D7_1305600.1	1754	1755	8541.05	235.17
PF3D7_1305700.1	591	592	462	37.711
PF3D7_1305800.1	840	841	27	1.55137
PF3D7_1305900.1	2629	2630	879.001	16.1504
PF3D7_1306000.1	4578	4579	2201	23.2272
PF3D7_1306100.1	688	689	644.041	45.1692
PF3D7_1306200.1	2971	2972	2292.02	37.2664
PF3D7_1306300.1	2878	2879	3729	62.5891
PF3D7_1306400.1	3055	3056	8838.97	139.764
PF3D7_1306500.1	14804	14805	1160.07	3.78639
PF3D7_1306600.1	1932	1933	2170.21	54.2522
PF3D7_1306700.1	1794	1795	117	3.1497
PF3D7_1306800.1	1892	1893	2341	59.7584
PF3D7_1306900.1	2013	2014	543.447	13.0391
PF3D7_1307000.1	1770	1771	6421.19	175.204
PF3D7_1307100.1	4187	4188	3636.33	41.9571
PF3D7_1307200.1	1894	1895	10941.7	279.014
PF3D7_1307300.1	2267	2268	5687.22	121.173
PF3D7_1307400.1	1164	1165	1522	63.1302
PF3D7_1307500.1	1551	1552	3138	97.7034
PF3D7_1307600.1	3310	3311	21549.2	314.5
PF3D7_1307700.1	4801	4802	2010.34	20.23
PF3D7_1307800.1	2368	2369	4046.25	82.5347
PF3D7_1307900.1	3788	3789	3946.32	50.3287
PF3D7_1308000.1	3877	3878	20582.6	256.472
PF3D7_1308100.1	1196	1197	48.3984	1.95382
PF3D7_1308200.1	10187	10188	19316.9	91.6213
PF3D7_1308300.1	2089	2090	15077.9	348.612
PF3D7_1308400.1	20445	20446	18236.6	43.1007
PF3D7_1308500.1	2167	2168	2147.65	47.8688
PF3D7_1308600.1	4536	4537	410.234	4.3693
PF3D7_1308700.1	3227	3228	8836.51	132.28
PF3D7_1308800.1	2225	2226	7808.48	169.508
PF3D7_1308900.1	4642	4643	9896.92	103.003
PF3D7_1309000.1	2293	2294	1180.66	24.8702
PF3D7_1309100.1	1670	1671	9098.42	263.11
PF3D7_1309120.1	307	308	71	11.1392
PF3D7_1309200.1	3123	3124	4167.21	64.4588
PF3D7_1309300.1	3028	3029	5970.79	95.2534
PF3D7_1309400.1	4535	4536	4811.41	51.2563
PF3D7_1309500.1	1656	1657	5571.25	162.472
PF3D7_1309600.1	1432	1433	2672	90.1028
PF3D7_1309700.1	5121	5122	1356.01	12.793
PF3D7_1309800.1	2064	2065	4742.72	110.983
PF3D7_1309900.1	1006	1007	3671.03	176.16
PF3D7_1310000.1	1074	1075	1848.13	83.0755
PF3D7_1310100.1	3018	3019	3971	63.5602
PF3D7_1310200.1	1355	1356	4764	169.77
PF3D7_1310300.1	1812	1813	11691.9	311.629
PF3D7_1310400.1	5377	5378	3185.47	28.622
PF3D7_1310500.1	1719	1720	6428.78	180.613
PF3D7_1310600.1	1781	1782	2214	60.0369
PF3D7_1310700.1	2071	2072	64352.2	1500.8
PF3D7_1310800.1	5019	5020	2434.84	23.4377
PF3D7_1310900.1	1351	1352	3101.14	110.839
PF3D7_1311000.1	637	638	34.2202	2.59185
PF3D7_1311100.1	1540	1541	564	17.6858
PF3D7_1311200.1	2534	2535	1469.48	28.0113
PF3D7_1311300.1	1120	1121	971.001	41.8564
PF3D7_1311400.1	2605	2606	2823.35	52.3526
PF3D7_1311500.1	2425	2426	10365.6	206.468
PF3D7_1311600.1	3622	3623	2907.89	38.7844
PF3D7_1311700.1	2573	2574	958.269	17.9898
PF3D7_1311800.1	5203	5204	13764.7	127.814
PF3D7_1311900.1	3715	3716	5667.93	73.705
PF3D7_1312000.1	1832	1833	144.62	3.81253
PF3D7_1312100.1	4460	4461	4595	49.7739
PF3D7_1312200.1	1094	1095	607.61	26.8138
PF3D7_1312300.1	1173	1174	1772	72.9363
PF3D7_1312400.1	3464	3465	721	10.055
PF3D7_1312450.1	192	193	195	48.8231
PF3D7_1312500.1	2592	2593	1682.6	31.3564
PF3D7_1312600.1	2830	2831	1683.62	28.7377
PF3D7_1312700.1	2830	2831	3470	59.2295
PF3D7_1312800.1	7677	7678	79961	503.244
PF3D7_1312900.1	4691	4692	7746.83	79.7837
PF3D7_1313000.1	1444	1445	1064.06	35.5834
PF3D7_1313100.1	8757	8758	363.084	2.00332
PF3D7_1313200.1	2605	2606	1298	24.0685
PF3D7_1313300.1	1010	1011	6102.87	291.697
PF3D7_1313400.1	3215	3216	1383.13	20.7823
PF3D7_1313500.1	5374	5375	1254.68	11.2798
PF3D7_1313600.1	6888	6889	4309.32	30.2274
PF3D7_1313700.1	1039	1040	6057	281.431
PF3D7_1313800.1	11614	11615	7028.24	29.2399
PF3D7_1313900.1	1529	1530	645	20.3712
PF3D7_1314000.1	4167	4168	809.228	9.38191
PF3D7_1314100.1	3600	3601	617.267	8.2832
PF3D7_1314200.1	7804	7805	11675.3	72.284
PF3D7_1314300.1	1909	1910	222	5.61653
PF3D7_1314400.1	369	370	355	46.3634
PF3D7_1314500.1	1458	1459	770.307	25.5127
PF3D7_1314600.1	1783	1784	1032.13	27.9568
PF3D7_1314700.1	2388	2389	9375.85	189.646
PF3D7_1314800.1	534	535	152	13.729
PF3D7_1314900.1	2075	2076	2691.16	62.6413
PF3D7_1315000.1	2174	2175	1356.05	30.1277
PF3D7_1315100.1	1104	1105	34	1.48684
PF3D7_1315200.1	3599	3600	508.244	6.82209
PF3D7_1315300.1	1935	1936	13653	340.778
PF3D7_1315400.1	3398	3399	10098.3	143.564
PF3D7_1315500.1	1483	1484	636.024	20.7104
PF3D7_1315600.1	1213	1214	2400.33	95.5432
PF3D7_1315700.1	2348	2349	702.204	14.4454
PF3D7_1315800.1	2195	2196	1406.03	30.9393
PF3D7_1315900.1	4789	4790	4368	44.0652
PF3D7_1316000.1	1437	1438	703.015	23.624
PF3D7_1316100.1	5368	5369	9589.09	86.3043
PF3D7_1316200.1	1718	1719	2885	81.0995
PF3D7_1316300.1	315	316	66	10.0926
PF3D7_1316400.1	687	688	502	35.2585
PF3D7_1316500.1	4251	4252	1382.17	15.7079
PF3D7_1316600.1	4173	4174	8106	93.8431
PF3D7_1316700.1	1872	1873	201.429	5.19675
PF3D7_1316800.1	1696	1697	4309.1	122.702
PF3D7_1316900.1	7166	7167	2754.89	18.5744
PF3D7_1317000.1	2758	2759	3357.45	58.8039
PF3D7_1317100.1	4255	4256	2490.43	28.2762
PF3D7_1317200.1	8828	8829	1171.38	6.41112
PF3D7_1317300.1	1918	1919	17608.6	443.403
PF3D7_1317400.1	1354	1355	6210.18	221.469
PF3D7_1317500.1	396	397	1880.04	228.836
PF3D7_1317600.1	3145	3146	1182.9	18.1692
PF3D7_1317700.1	1817	1818	941.758	25.0319
PF3D7_1317800.1	1387	1388	25883.8	901.13
PF3D7_1317900.1	3443	3444	1967.42	27.6047
PF3D7_1318000.1	1214	1215	8638.62	343.571
PF3D7_1318100.1	1175	1176	6476	266.102
PF3D7_1318200.1	1203	1204	40	1.60539
PF3D7_1318300.1	7226	7227	1984.83	13.2713
PF3D7_1318400.1	5098	5099	8198.79	77.6985
PF3D7_1318500.1	1062	1063	87	3.95489
PF3D7_1318600.1	1798	1799	575	15.4449
PF3D7_1318700.1	2441	2442	21812	431.617
PF3D7_1318800.1	5464	5465	9231.48	81.6262
PF3D7_1318900.1	3583	3584	355.516	4.79335
PF3D7_1319000.1	4446	4447	1091.94	11.8653
PF3D7_1319100.1	3086	3087	83875.7	1312.95
PF3D7_1319200.1	3253	3254	456.007	6.77177
PF3D7_1319300.1	3430	3431	2362.1	33.2679
PF3D7_1319400.1	5212	5213	13436.3	124.549
PF3D7_1319500.1	575	576	554	46.4767
PF3D7_1319600.1	7349	7350	9482.51	62.3425
PF3D7_1319700.1	3121	3122	1797.59	27.8231
PF3D7_1319800.1	1242	1243	161.427	6.27556
PF3D7_1319900.1	4470	4471	1709	18.4708
PF3D7_1320000.1	5276	5277	4117.71	37.7065
PF3D7_1320100.1	1827	1828	4268.7	112.841
PF3D7_1320200.1	2212	2213	11649.7	254.379
PF3D7_1320300.1	2227	2228	557.005	12.0807
PF3D7_1320400.1	1618	1619	3870.02	115.509
PF3D7_1320500.1	1417	1418	2089.86	71.218
PF3D7_1320600.1	2263	2264	11378.7	242.866
PF3D7_1320700.1	5192	5193	18103.3	168.457
PF3D7_1320800.1	2090	2091	6081.81	140.549
PF3D7_1320900.1	822	823	1625	95.4117
PF3D7_1321000.1	2049	2050	656.598	15.4773
PF3D7_1321100.1	11378	11379	35077.9	148.963
PF3D7_1321200.1	617	618	2073	162.091
PF3D7_1321300.1	10637	10638	9873.76	44.8509
PF3D7_1321400.1	1338	1339	3881.24	140.068
PF3D7_1321500.1	4479	4480	9329.83	100.634
PF3D7_1321600.1	2310	2311	705	14.7414
PF3D7_1321700.1	4714	4715	11121	113.976
PF3D7_1321800.1	2586	2587	2018.73	37.7077
PF3D7_1321900.1	2816	2817	8357.76	143.368
PF3D7_1322000.1	3898	3899	9503.72	117.785
PF3D7_1322100.1	8409	8410	4758.86	27.3436
PF3D7_1322200.1	10627	10628	20500	93.2074
PF3D7_1322300.1	4786	4787	3766	38.0159
PF3D7_1322400.1	1620	1621	1659.03	49.4559
PF3D7_1322500.1	2535	2536	6354.48	121.082
PF3D7_1322600.1	2259	2260	277.683	5.9373
PF3D7_1322700.1	1193	1194	1678	67.9103
PF3D7_1322800.1	1060	1061	698.011	31.7903
PF3D7_1322900.1	792	793	410	24.9838
PF3D7_1323000.1	693	694	133	9.26063
PF3D7_1323100.1	1591	1592	122903	3730.51
PF3D7_1323200.1	1096	1097	18734.8	825.258
PF3D7_1323300.1	1885	1886	1219.3	31.2405
PF3D7_1323400.1	1884	1885	16351.3	419.17
PF3D7_1323500.1	3942	3943	3961.4	48.5479
PF3D7_1323600.1	1563	1564	11901	367.701
PF3D7_1323700.1	2282	2283	7208.65	152.58
PF3D7_1323800.1	4675	4676	1809.72	18.7019
PF3D7_1323900.1	1439	1440	2127.39	71.3891
PF3D7_1324000.1	5350	5351	4496.22	40.6032
PF3D7_1324100.1	2630	2631	2298.71	42.2194
PF3D7_1324200.1	2143	2144	5468.31	123.247
PF3D7_1324300.1	17425	17426	16352.8	45.3463
PF3D7_1324400.1	1352	1353	2769.25	98.9036
PF3D7_1324500.1	4002	4003	6551.25	79.0837
PF3D7_1324600.1	5788	5789	1930.15	16.1115
PF3D7_1324700.1	1852	1853	385.234	10.0461
PF3D7_1324800.1	2237	2238	8818.27	190.402
PF3D7_1324900.1	2677	2678	2766.68	49.9225
PF3D7_1325000.1	970	971	83.3789	4.1494
PF3D7_1325100.1	3147	3148	14996.5	230.199
PF3D7_1325200.1	1884	1885	218.255	5.59501
PF3D7_1325300.1	405	406	588	69.9841
PF3D7_1325400.1	11485	11486	8399.92	35.339
PF3D7_1325500.1	2259	2260	373.066	7.97674
PF3D7_1325600.1	791	792	2081.09	126.974
PF3D7_1325700.1	2235	2236	2081.97	44.9935
PF3D7_1325800.1	4924	4925	965.134	9.46956
PF3D7_1325900.1	8599	8600	28424.7	159.715
PF3D7_1326000.1	1308	1309	1116.85	41.229
PF3D7_1326100.1	2968	2969	2948.16	47.9832
PF3D7_1326200.1	1897	1898	1779.33	45.301
PF3D7_1326300.1	2416	2417	1078.62	21.5644
PF3D7_1326400.1	2688	2689	1594	28.6448
PF3D7_1326500.1	6821	6822	573.439	4.06185
PF3D7_1326600.1	14628	14629	9423.84	31.1287
PF3D7_1326700.1	1845	1846	2973	77.8236
PF3D7_1326800.1	1799	1800	314	8.42957
PF3D7_1326900.1	4062	4063	1886.77	22.4398
PF3D7_1327000.1	4817	4818	4025.84	40.3774
PF3D7_1327100.1	1035	1036	201	9.37529
PF3D7_1327200.1	1136	1137	1946	82.7048
PF3D7_1327300.1	7291	7292	17248.3	114.3
PF3D7_1327400.1	1990	1991	28542.9	692.747
PF3D7_1327500.1	3564	3565	4671.08	63.3149
PF3D7_1327600.1	1713	1714	7901.26	222.758
PF3D7_1327700.1	2370	2371	3568.32	72.7245
PF3D7_1327800.1	2577	2578	335	6.27928
PF3D7_1327900.1	417	418	4	0.462415
PF3D7_1328000.1	7939	7940	4173.47	25.3995
PF3D7_1328100.1	2657	2658	13615.2	247.523
PF3D7_1328200.1	9064	9065	3796.11	20.2358
PF3D7_1328300.1	3909	3910	51295.3	633.941
PF3D7_1328400.1	3289	3290	1785.01	26.2175
PF3D7_1328500.1	5574	5575	3467.96	30.0592
PF3D7_1328600.1	1092	1093	3415	150.98
PF3D7_1328700.1	222	223	245	53.0896
PF3D7_1328800.1	2248	2249	1869.53	40.1691
PF3D7_1328900.1	2623	2624	4735.83	87.2128
PF3D7_1329000.1	8212	8213	4686.07	27.5712
PF3D7_1329100.1	8163	8164	8937.08	52.8982
PF3D7_1329200.1	1990	1991	1423.58	34.5508
PF3D7_1329300.1	3150	3151	1898.53	29.1151
PF3D7_1329400.1	3614	3615	679.003	9.07635
PF3D7_1329500.1	7984	7985	3766.13	22.7912
PF3D7_1329600.1	1969	1970	6701	164.37
PF3D7_1329700.1	2970	2971	1179.28	19.1806
PF3D7_1329800.1	4608	4609	1040.29	10.9067
PF3D7_1329900.1	2284	2285	3067	64.8598
PF3D7_1330000.1	1121	1122	530.107	22.8307
PF3D7_1330000.2	588	589	742.717	60.9336
PF3D7_1330100.1	561	562	27678	2379.83
PF3D7_1330200.1	928	929	319.34	16.6106
PF3D7_1330300.1	1355	1356	2330.7	83.0568
PF3D7_1330400.1	2386	2387	1144.01	23.1593
PF3D7_1330500.1	3110	3111	7628.39	118.49
PF3D7_1330600.1	2006	2007	1203.11	28.9671
PF3D7_1330700.1	2547	2548	14608.9	277.056
PF3D7_1330800.1	3197	3198	50364.9	761.022
PF3D7_1330900.1	80	81	6	3.57944
PF3D7_1331000.1	2286	2287	3897.4	82.3487
PF3D7_1331100.1	4357	4358	11698	129.71
PF3D7_1331200.1	2361	2362	5145.75	105.273
PF3D7_1331300.1	1396	1397	4117.42	142.422
PF3D7_1331400.1	1446	1447	1227	40.9755
PF3D7_1331500.1	2941	2942	2053.02	33.7208
PF3D7_1331600.1	1213	1214	4250.17	169.175
PF3D7_1331700.1	4318	4319	3238.41	36.2324
PF3D7_1331800.1	2095	2096	5861.48	135.134
PF3D7_1331900.1	90	91	0	0
PF3D7_1332000.1	2012	2013	3164.58	75.9662
PF3D7_1332100.1	1569	1570	740	22.7762
PF3D7_1332200.1	3139	3140	11586.8	178.313
PF3D7_1332300.1	1472	1473	11332.3	371.762
PF3D7_1332400.1	3711	3712	4938.19	64.2848
PF3D7_1332500.1	1089	1090	0	0
PF3D7_1332600.1	3360	3361	138695	1994.07
PF3D7_1332700.1	2942	2943	1486.08	24.4006
PF3D7_1332800.1	2494	2495	210.202	4.07112
PF3D7_1332900.1	4999	5000	4066.61	39.3016
PF3D7_1333000.1	1608	1609	827.235	24.844
PF3D7_1333100.1	3129	3130	836.688	12.9172
PF3D7_1333200.1	7028	7029	4896.95	33.6652
PF3D7_1333300.1	1985	1986	522.595	12.7155
PF3D7_1333400.1	1182	1183	14414.8	588.805
PF3D7_1333500.1	1393	1394	3690	127.912
PF3D7_1333600.1	4807	4808	1328.29	13.3498
PF3D7_1333700.1	2680	2681	50924.1	917.857
PF3D7_1333800.1	3143	3144	3423.56	52.6191
PF3D7_1333900.1	4268	4269	4636.51	52.4823
PF3D7_1334000.1	1942	1943	2147.2	53.4007
PF3D7_1334100.1	4192	4193	8416.49	96.9961
PF3D7_1334200.1	2472	2473	960.072	18.7598
PF3D7_1334300.1	2067	2068	4134	96.598
PF3D7_1334400.1	930	931	1455	75.5199
PF3D7_1334500.1	3137	3138	2446.49	37.6737
PF3D7_1334600.1	1855	1856	6166.13	160.54
PF3D7_1334700.1	1679	1680	2298.03	66.0989
PF3D7_1334800.1	1735	1736	1023.31	28.4844
PF3D7_1334900.1	141	142	54	18.3761
PF3D7_1335000.1	1711	1712	2472.17	69.7787
PF3D7_1335100.1	3340	3341	268366	3881.49
PF3D7_1335200.1	3255	3256	1734.78	25.746
PF3D7_1335300.1	10899	10900	148701	659.228
PF3D7_1335400.1	10719	10720	54203.9	244.334
PF3D7_1335500.1	1482	1483	4	0.130337
PF3D7_1335600.1	1683	1684	3255	93.4022
PF3D7_1335700.1	5179	5180	50841	474.278
PF3D7_1335800.1	2216	2217	6201.23	135.164
PF3D7_1335900.1	1725	1726	183	5.1234
PF3D7_1336000.1	1835	1836	1184.04	31.1632
PF3D7_1336100.1	800	801	394.16	23.7787
PF3D7_1336200.1	2441	2442	14467	286.273
PF3D7_1336300.1	1075	1076	534	23.9816
PF3D7_1336400.1	3628	3629	2204.83	29.3586
PF3D7_1336500.1	98	99	0	0
PF3D7_1336600.1	1267	1268	6636.01	252.892
PF3D7_1336700.1	2149	2150	756.075	16.9932
PF3D7_1336800.1	2115	2116	22417.1	511.933
PF3D7_1336900.1	2335	2336	8867	183.422
PF3D7_1337000.1	3521	3522	2544.44	34.9101
PF3D7_1337100.1	1553	1554	1380.03	42.9126
PF3D7_1337200.1	3618	3619	4360	58.2165
PF3D7_1337300.1	3551	3552	2032.48	27.6505
PF3D7_1337400.1	2544	2545	14558	276.416
PF3D7_1337500.1	12921	12922	22263.2	83.2542
PF3D7_1337600.1	82	83	7	4.07538
PF3D7_1337700.1	2849	2850	13737.2	232.917
PF3D7_1337800.1	3905	3906	38308.2	473.923
PF3D7_1337900.1	1733	1734	569.014	15.8571
PF3D7_1338000.1	2612	2613	20045.9	370.71
PF3D7_1338100.1	3489	3490	4412.96	61.1016
PF3D7_1338200.1	2796	2797	2667.9	46.0921
PF3D7_1338300.1	2903	2904	13932.7	231.839
PF3D7_1338400.1	1983	1984	1259.98	30.688
PF3D7_1338500.1	2166	2167	3046.06	67.9247
PF3D7_1338600.1	4550	4551	116333	1235.22
PF3D7_1338700.1	2684	2685	5522.55	99.3903
PF3D7_1338800.1	2150	2151	3668.4	82.4109
PF3D7_1338900.1	3211	3212	4188.65	63.0155
PF3D7_1339000.1	582	583	234	19.3953
PF3D7_1339100.1	72	73	330	218.444
PF3D7_1339200.1	72	73	31	20.5205
PF3D7_1339300.1	5614	5615	3676.24	31.6375
PF3D7_1339400.1	1323	1324	2236.64	81.6313
PF3D7_1339500.1	910	911	1663.38	88.2313
PF3D7_1339600.1	2198	2199	4952.95	108.84
PF3D7_1339700.1	6491	6492	26354.8	196.169
PF3D7_1339800.1	1246	1247	169.014	6.54945
PF3D7_1339900.1	3457	3458	478.384	6.68498
PF3D7_1340000.1	1857	1858	563	14.6424
PF3D7_1340100.1	1884	1885	362.876	9.3024
PF3D7_1340200.1	767	768	131.136	8.25105
PF3D7_1340300.1	3641	3642	2698.58	35.805
PF3D7_1340400.1	1158	1159	2	0.0833863
PF3D7_1340500.1	3651	3652	473	6.25862
PF3D7_1340600.1	2959	2960	2810.14	45.8759
PF3D7_1340700.1	1238	1239	2835.91	110.604
PF3D7_1340800.1	2081	2082	2905.54	67.4364
PF3D7_1340900.1	2638	2639	10949.9	200.502
PF3D7_1341000.1	74	75	11	7.08728
PF3D7_1341100.1	108	109	2843	1260.37
PF3D7_1341200.1	2059	2060	18455.3	432.915
PF3D7_1341300.1	1921	1922	17292.2	434.756
PF3D7_1341400.1	80	81	240	143.177
PF3D7_1341500.1	2248	2249	318	6.8326
PF3D7_1341600.1	2565	2566	276.006	5.19769
PF3D7_1341700.1	538	539	13.0741	1.17212
PF3D7_1341800.1	2634	2635	798.256	14.6389
PF3D7_1341900.1	2154	2155	9969.21	223.543
PF3D7_1342000.1	2471	2472	65504.8	1280.48
PF3D7_1342100.1	4733	4734	4544.93	46.3924
PF3D7_1342200.1	3291	3292	1021	14.987
PF3D7_1342300.1	1554	1555	4209.31	130.806
PF3D7_1342400.1	2893	2894	2499.58	41.7366
PF3D7_1342500.1	1596	1597	3243.36	98.1383
PF3D7_1342600.1	3677	3678	58180.1	764.383
PF3D7_1342700.1	786	787	4037.5	247.906
PF3D7_1342800.1	3200	3201	1046.05	15.7912
PF3D7_1342900.1	12114	12115	8394.22	33.4815
PF3D7_1343000.1	3387	3388	18427.4	262.827
PF3D7_1343100.1	2905	2906	2484.21	41.3087
PF3D7_1343200.1	3716	3717	5604.45	72.8599
PF3D7_1343300.1	5176	5177	11555.2	107.857
PF3D7_1343400.1	4685	4686	6815	70.2768
PF3D7_1343500.1	1980	1981	447.052	10.9049
PF3D7_1343600.1	2353	2354	9066.31	186.111
PF3D7_1343700.1	3278	3279	3409.86	50.2509
PF3D7_1343800.1	23875	23876	18848.7	38.1478
PF3D7_1343900.1	3012	3013	1904.29	30.541
PF3D7_1344000.1	3719	3720	1819	23.6286
PF3D7_1344100.1	4513	4514	3071.32	32.8785
PF3D7_1344200.1	4499	4500	4743.44	50.9365
PF3D7_1344300.1	7807	7808	100025	619.035
PF3D7_1344400.1	2369	2370	3544.28	72.265
PF3D7_1344500.1	1103	1104	15254.1	667.676
PF3D7_1344600.1	1538	1539	1281.89	40.2495
PF3D7_1344700.1	4027	4028	6586.2	79.0122
PF3D7_1344800.1	2602	2603	3416	63.415
PF3D7_1344900.1	6539	6540	1413.45	10.4436
PF3D7_1345000.1	1509	1510	443.608	14.1962
PF3D7_1345100.1	911	912	898.373	47.6003
PF3D7_1345200.1	2742	2743	7313.34	128.836
PF3D7_1345300.1	1028	1029	1288.11	60.4902
PF3D7_1345400.1	4425	4426	6912.62	75.4709
PF3D7_1345500.1	2614	2615	2279.48	42.1223
PF3D7_1345600.1	2366	2367	465.647	9.5062
PF3D7_1345700.1	2951	2952	2655.14	43.463
PF3D7_1345800.1	4732	4733	2196.75	22.4281
PF3D7_1345900.1	1352	1353	736.264	26.2957
PF3D7_1346000.1	2088	2089	438	10.1317
PF3D7_1346100.1	2146	2147	3118	70.1766
PF3D7_1346200.1	2372	2373	490.536	9.98898
PF3D7_1346300.1	2713	2714	42348.4	754.007
PF3D7_1346400.1	18585	18586	29198.5	75.9143
PF3D7_1346500.1	2267	2268	869	18.5151
PF3D7_1346600.1	1362	1363	4395.46	155.832
PF3D7_1346700.1	2636	2637	399.257	7.31628
PF3D7_1346800.1	2144	2145	349.063	7.86366
PF3D7_1346900.1	1813	1814	1421.52	37.8674
PF3D7_1347000.1	1092	1093	237	10.478
PF3D7_1347100.1	2538	2539	9827.32	187.034
PF3D7_1347200.1	2215	2216	4802.89	104.732
PF3D7_1347300.1	1147	1148	1642.26	69.1271
PF3D7_1347400.1	1339	1340	5232.6	188.695
PF3D7_1347500.1	6152	6153	16438.1	129.096
PF3D7_1347600.1	834	835	1473.23	85.2574
PF3D7_1347700.1	4223	4224	3891.51	44.5187
PF3D7_1347800.1	771	772	86.7647	5.43093
PF3D7_1347900.1	6464	6465	587.469	4.39101
PF3D7_1348000.1	4251	4252	2263	25.7181
PF3D7_1348100.1	1038	1039	5189	241.333
PF3D7_1348200.1	1135	1136	17122	728.324
PF3D7_1348300.1	4967	4968	1157.9	11.2625
PF3D7_1348400.1	12179	12180	7549.83	29.9528
PF3D7_1348500.1	2047	2048	5065.02	119.509
PF3D7_1348600.1	1668	1669	1807.3	52.3266
PF3D7_1348700.1	2148	2149	827	18.5959
PF3D7_1348800.1	5505	5506	306.295	2.68814
PF3D7_1348900.1	760	761	2901	184.209
PF3D7_1349000.1	1428	1429	340	11.4973
PF3D7_1349100.1	1085	1086	629.373	28.0044
PF3D7_1349200.1	3029	3030	5633.42	89.8416
PF3D7_1349300.1	6317	6318	2516.02	19.2435
PF3D7_1349400.1	1915	1916	1612.37	40.6647
PF3D7_1349500.1	10895	10896	72141.2	319.937
PF3D7_1349600.1	2009	2010	2945.75	70.8186
PF3D7_1349700.1	1041	1042	1705.1	79.0733
PF3D7_1349800.1	2108	2109	803.971	18.421
PF3D7_1349900.1	611	612	167	13.186
PF3D7_1350000.1	1372	1373	1987.55	69.9512
PF3D7_1350100.1	2814	2815	9471.99	162.596
PF3D7_1350200.1	703	704	780	53.539
PF3D7_1350300.1	1532	1533	3077.32	97.0015
PF3D7_1350400.1	2804	2805	178.652	3.07767
PF3D7_1350500.1	4520	4521	2017.39	21.5627
PF3D7_1350600.1	786	787	106	6.50848
PF3D7_1350700.1	2232	2233	729.188	15.7797
PF3D7_1350800.1	741	742	3243	211.199
PF3D7_1350900.1	3732	3733	406.979	5.2682
PF3D7_1351000.1	7918	7919	2641.36	16.1178
PF3D7_1351100.1	1718	1719	5619.13	157.958
PF3D7_1351200.1	5840	5841	3854.5	31.8882
PF3D7_1351300.1	1089	1090	43	1.9063
PF3D7_1351400.1	1429	1430	13958.2	471.675
PF3D7_1351500.1	145	146	2	0.66195
PF3D7_1351600.1	1915	1916	10908.4	275.114
PF3D7_1351700.1	5557	5558	10489.1	91.1945
PF3D7_1351800.1	1472	1473	14931.8	489.843
PF3D7_1351800.2	708	709	40724.7	2775.62
PF3D7_1351900.1	1404	1405	4570.41	157.191
PF3D7_1352000.1	6310	6311	19480.6	149.16
PF3D7_1352100.1	4359	4360	1783.23	19.7637
PF3D7_1352200.1	2768	2769	2279.92	39.7873
PF3D7_1352300.1	2630	2631	1590.86	29.2186
PF3D7_1352400.1	5736	5737	26682.4	224.744
PF3D7_1352500.1	2038	2039	94705.2	2244.42
PF3D7_1352600.1	1269	1270	51	1.9405
PF3D7_1352700.1	8668	8669	3497.42	19.4952
PF3D7_1352800.1	3396	3397	1224.96	17.4251
PF3D7_1352900.1	2889	2890	6662.61	111.403
PF3D7_1353000.1	2406	2407	9899	198.73
PF3D7_1353100.1	2123	2124	787.181	17.9089
PF3D7_1353200.1	2498	2499	12561	242.889
PF3D7_1353300.1	6716	6717	9038	65.0198
PF3D7_1353400.1	4309	4310	1798.57	20.1651
PF3D7_1353500.1	1665	1666	996.992	28.9178
PF3D7_1353600.1	2352	2353	17810.8	365.772
PF3D7_1353700.1	1142	1143	241.679	10.2174
PF3D7_1353800.1	1440	1441	482	16.1633
PF3D7_1353900.1	1697	1698	6678.26	190.053
PF3D7_1354000.1	1788	1789	272.16	7.35126
PF3D7_1354100.1	1763	1764	106	2.90373
PF3D7_1354200.1	3588	3589	815.733	10.983
PF3D7_1354300.1	4366	4367	2977.35	32.9454
PF3D7_1354400.1	2250	2251	2281.18	48.9702
PF3D7_1354500.1	2406	2407	3504.43	70.3542
PF3D7_1354600.1	1289	1290	1972.92	73.9038
PF3D7_1354700.1	1224	1225	383	15.1081
PF3D7_1354800.1	3272	3273	943.589	13.9311
PF3D7_1354900.1	2837	2838	4255.16	72.4522
PF3D7_1355100.1	4311	4312	2279.19	25.5417
PF3D7_1355200.1	3664	3665	1444.19	19.0414
PF3D7_1355300.1	2453	2454	288.608	5.68306
PF3D7_1355400.1	73	74	1	0.653005
PF3D7_1355500.1	3654	3655	15086.3	199.455
PF3D7_1355600.1	3321	3322	2311.52	33.6238
PF3D7_1355700.1	6605	6606	4978.72	36.419
PF3D7_1355800.1	2298	2299	1188.29	24.9765
PF3D7_1355900.1	2152	2153	981	22.0178
PF3D7_1356000.1	4197	4198	2057	23.6777
PF3D7_1356100.1	4308	4309	8442.85	94.6806
PF3D7_1356200.1	1405	1406	451.034	15.5014
PF3D7_1356300.1	1803	1804	6662.39	178.46
PF3D7_1356400.1	3974	3975	516.071	6.27365
PF3D7_1356500.1	588	589	22	1.80491
PF3D7_1356600.1	2881	2882	880.045	14.7557
PF3D7_1356700.1	2152	2153	779.906	17.5044
PF3D7_1356800.1	14568	14569	14927.4	49.5113
PF3D7_1356900.1	2278	2279	25278.1	535.979
PF3D7_1357000.1	3743	3744	19946.4	257.44
PF3D7_1357100.1	4288	4289	4131.24	46.5449
PF3D7_1357200.1	2415	2416	2096.5	41.9321
PF3D7_1357300.1	366	367	18	2.37003
PF3D7_1357400.1	5320	5321	1594.01	14.4759
PF3D7_1357500.1	3498	3499	2340	32.3162
PF3D7_1357600.1	746	747	9434.75	610.321
PF3D7_1357700.1	4915	4916	1975.9	19.4223
PF3D7_1357800.1	3337	3338	6687.79	96.8155
PF3D7_1357900.1	1676	1677	1469.71	42.3492
PF3D7_1358000.1	7554	7555	9165.66	58.6243
PF3D7_1358100.1	3089	3090	4730.4	73.9754
PF3D7_1358200.1	5620	5621	4674.38	40.1845
PF3D7_1358300.1	1906	1907	1149.02	29.1156
PF3D7_1358400.1	1266	1267	4754.76	181.343
PF3D7_1358500.1	2674	2675	280.031	5.0586
PF3D7_1358600.1	3018	3019	1297	20.7599
PF3D7_1358700.1	2255	2256	12578.1	269.416
PF3D7_1358800.1	1609	1610	22421.1	672.945
PF3D7_1358900.1	1934	1935	3557.05	88.8295
PF3D7_1359000.1	11163	11164	1951.24	8.44576
PF3D7_1359100.1	2722	2723	1007.62	17.8813
PF3D7_1359200.1	1492	1493	4437.84	143.635
PF3D7_1359300.1	4210	4211	8582.2	98.483
PF3D7_1359400.1	3547	3548	3209.92	43.7178
PF3D7_1359500.1	810	811	2870	171.005
PF3D7_1359600.1	10667	10668	28617	129.625
PF3D7_1359700.1	13187	13188	6498.35	23.8107
PF3D7_1359800.1	612	613	3873	305.306
PF3D7_1359900.1	7535	7536	12863	82.4805
PF3D7_1360000.1	534	535	23094	2085.9
PF3D7_1360100.1	1419	1420	89	3.02866
PF3D7_1360200.1	1187	1188	3115	126.704
PF3D7_1360300.1	1929	1930	784	19.6294
PF3D7_1360400.1	1196	1197	1853	74.8048
PF3D7_1360500.1	9540	9541	1699.31	8.6065
PF3D7_1360700.1	5320	5321	1766.56	16.0429
PF3D7_1360800.1	4612	4613	9777.9	102.426
PF3D7_1360900.1	2703	2704	2244.68	40.114
PF3D7_1361000.1	2542	2543	564.78	10.732
PF3D7_1361100.1	3785	3786	18978.5	242.231
PF3D7_1361200.1	6034	6035	3243.56	25.9712
PF3D7_1361300.1	1339	1340	2142.95	77.2779
PF3D7_1361400.1	839	840	1120.77	64.4742
PF3D7_1361500.1	1907	1908	3228.84	81.7741
PF3D7_1361500.2	336	337	1957.16	280.638
PF3D7_1361600.1	414	415	55	6.40417
PF3D7_1361700.1	1965	1966	1859.31	45.6999
PF3D7_1361800.1	8468	8469	167271	954.412
PF3D7_1361900.1	2326	2327	28963	601.444
PF3D7_1362000.1	1746	1747	578.046	15.9889
PF3D7_1362100.1	940	941	302	15.5083
PF3D7_1362200.1	2649	2650	1356.71	24.7395
PF3D7_1362300.1	1575	1576	1835.13	56.2676
PF3D7_1362400.1	7249	7250	2822.8	18.8144
PF3D7_1362500.1	3014	3015	945.155	15.1483
PF3D7_1362600.1	1182	1183	919.499	37.5591
PF3D7_1362700.1	8543	8544	5458.62	30.8724
PF3D7_1362800.1	6947	6948	5693.29	39.5961
PF3D7_1362900.1	4911	4912	1755	17.265
PF3D7_1363000.1	3716	3717	849.918	11.0493
PF3D7_1363100.1	3770	3771	2716.09	34.8045
PF3D7_1363200.1	2338	2339	3074.22	63.5115
PF3D7_1363300.1	1296	1297	2813.67	104.829
PF3D7_1363400.1	4205	4206	773.357	8.88503
PF3D7_1363500.1	3252	3253	3527.08	52.3937
PF3D7_1363600.1	793	794	4783	291.091
PF3D7_1363700.1	3329	3330	1517.05	22.0142
PF3D7_1363800.1	2046	2047	630	14.8721
PF3D7_1364000.1	3974	3975	6827.24	82.9959
PF3D7_1364100.1	3078	3079	9816.52	154.062
PF3D7_1364200.1	6642	6643	1208.49	8.79076
PF3D7_1364300.1	3968	3969	10455.3	127.293
PF3D7_1364400.1	11263	11264	3157.93	13.5475
PF3D7_1364500.1	2065	2066	405.97	9.49536
PF3D7_1364600.1	3377	3378	2682	38.3661
PF3D7_1364700.1	1299	1300	1466	54.4928
PF3D7_1364800.1	1553	1554	2201.23	68.4483
PF3D7_1364900.1	1775	1776	2158.78	58.7373
PF3D7_1365000.1	1997	1998	1532.3	37.0593
PF3D7_1365100.1	853	854	645.204	36.5079
PF3D7_1365200.1	1125	1126	1813.42	77.8231
PF3D7_1365300.1	3931	3932	323.584	3.97669
PF3D7_1365400.1	2842	2843	317.249	5.39226
PF3D7_1365500.1	1805	1806	8030.73	214.875
PF3D7_1365600.1	1869	1870	55863.3	1443.55
PF3D7_1365700.1	3232	3233	3766.87	56.3019
PF3D7_1365800.1	1582	1583	26716	815.528
PF3D7_1365900.1	1717	1718	24383.9	685.849
PF3D7_1366000.1	2019	2020	823.396	19.6973
PF3D7_1366100.1	1098	1099	261.223	11.4858
PF3D7_1366200.1	1125	1126	3088.38	132.538
PF3D7_1366300.1	13790	13791	9090.46	31.8521
PF3D7_1366400.1	6219	6220	5629.55	43.7352
PF3D7_1366500.1	2277	2278	1456.49	30.896
PF3D7_1366600.1	3646	3647	16341.9	216.528
PF3D7_1366700.1	2870	2871	1050.8	17.6863
PF3D7_1366800.1	2289	2290	1777.12	37.4999
PF3D7_1366900.1	4647	4648	6160.66	64.0486
PF3D7_1367000.1	2092	2093	515.78	11.9081
PF3D7_1367100.1	2270	2271	787.096	16.7478
PF3D7_1367200.1	1104	1105	177	7.74033
PF3D7_1367300.1	1008	1009	57	2.72981
PF3D7_1367400.1	4152	4153	465.215	5.41303
PF3D7_1367500.1	2112	2113	8468.23	193.661
PF3D7_1367600.1	1465	1466	168.003	5.53772
PF3D7_1367700.1	4907	4908	12638.6	124.435
PF3D7_1367800.1	3549	3550	147	2.00095
PF3D7_1367900.1	1944	1945	167	4.14902
PF3D7_1368000.1	705	706	144	9.85612
PF3D7_1368100.1	1509	1510	11482.1	367.444
PF3D7_1368200.1	3646	3647	1796.28	23.8005
PF3D7_1368300.1	823	824	363.863	21.3383
PF3D7_1368400.1	2548	2549	1980.4	37.5432
PF3D7_1368500.1	3001	3002	890.328	14.3314
PF3D7_1368600.1	1378	1379	1917.85	67.2044
PF3D7_1368700.1	2723	2724	14851.1	263.451
PF3D7_1368800.1	5983	5984	11947.3	96.4772
PF3D7_1368900.1	3362	3363	810.032	11.6392
PF3D7_1369000.1	3178	3179	1648.87	25.0636
PF3D7_1369100.1	2559	2560	1076.17	20.3137
PF3D7_1369200.1	7518	7519	4953.07	31.8319
PF3D7_1369300.1	2540	2541	561.965	10.6869
PF3D7_1369400.1	9750	9751	2316.96	11.482
PF3D7_1369500.1	4247	4248	1896.76	21.5762
PF3D7_1369600.1	3224	3225	7206.05	107.973
PF3D7_1369700.1	1381	1382	960.415	33.5814
PF3D7_1369800.1	74	75	67	43.168
PF3D7_1369900.1	72	73	1	0.66195
PF3D7_1370000.1	74	75	10	6.44298
PF3D7_1370100.1	72	73	12	7.9434
PF3D7_1370200.1	71	72	26	17.4497
PF3D7_1370300.1	2545	2546	8452	160.417
PF3D7_1370500.1	615	616	43.0952	3.38062
PF3D7_1370800.1	1026	1027	48648.5	2289.01
PF3D7_1370900.1	597	598	347	28.0399
PF3D7_1371000.1	2151	2152	498.87	11.202
PF3D7_1371200.1	160	161	0	0
PF3D7_1371300.1	4215	4216	2428.87	27.8389
PF3D7_1371500.1	1904	1905	1187.07	30.1113
PF3D7_1371600.1	8127	8128	4673	27.7818
PF3D7_1371700.1	2840	2841	1014.01	17.2473
PF3D7_1371800.1	2489	2490	6492.65	126
PF3D7_1371900.1	1120	1121	105	4.52618
PF3D7_1372000.1	2700	2701	309.003	5.52823
PF3D7_1372100.1	3649	3650	257.044	3.403
PF3D7_1372200.1	2149	2150	14621	328.615
PF3D7_1372300.1	4250	4251	744.915	8.46767
PF3D7_1372400.1	3114	3115	268.188	4.16034
PF3D7_1372500.1	906	907	127.292	6.78177
PF3D7_1372600.1	819	820	28	1.65003
PF3D7_1372700.1	1047	1048	2.39779	0.11056
PF3D7_1372800.1	903	904	0	0
PF3D7_1372900.1	1332	1333	7.55617	0.273917
PF3D7_1373000.1	1011	1012	17.1421	0.818526
PF3D7_1373100.1	1026	1027	30	1.41156
PF3D7_1373200.1	213	214	2.26867	0.512278
PF3D7_1373300.1	1065	1066	0	0
PF3D7_1373400.1	1134	1135	113.816	4.8457
PF3D7_1373500.1	6672	6673	181.969	1.31773
PF3D7_1400100.1	2934	2935	232.542	3.82862
PF3D7_1400200.1	1095	1096	42.9342	1.89296
PF3D7_1400300.1	1029	1030	22.1059	1.0371
PF3D7_1400400.1	1014	1015	21.2352	1.01097
PF3D7_1400500.1	1020	1021	2	0.094657
PF3D7_1400600.1	1104	1105	0	0
PF3D7_1400700.1	882	883	6.31408	0.345539
PF3D7_1400800.1	951	952	0	0
PF3D7_1400900.1	834	835	0	0
PF3D7_1401000.1	924	925	20	1.04481
PF3D7_1401050.1	1356	1357	1	0.0356097
PF3D7_1401100.1	3471	3472	798.227	11.1095
PF3D7_1401200.1	2265	2266	1610.45	34.3428
PF3D7_1401300.1	2372	2373	3889.14	79.1961
PF3D7_1401400.1	2202	2203	435330	9548.88
PF3D7_1401500.1	2631	2632	125.001	2.29496
PF3D7_1401600.1	3412	3413	18353.4	259.853
PF3D7_1401700.1	813	814	24	1.42474
PF3D7_1401800.1	4723	4724	2164.79	22.1439
PF3D7_1401900.1	2051	2052	14188.1	334.115
PF3D7_1402000.1	1992	1993	1839.15	44.5922
PF3D7_1402100.1	3109	3110	657.028	10.2087
PF3D7_1402200.1	1646	1647	9845.92	288.876
PF3D7_1402300.1	3485	3486	1728.31	23.9576
PF3D7_1402400.1	2125	2126	1258.03	28.594
PF3D7_1402500.1	2030	2031	12428.5	295.703
PF3D7_1402550.1	86	87	7	3.88801
PF3D7_1402600.1	83	84	17	9.77953
PF3D7_1402700.1	3060	3061	28833.2	455.175
PF3D7_1402800.1	5209	5210	4713	43.7127
PF3D7_1402900.1	2959	2960	726	11.852
PF3D7_1403000.1	1445	1446	1954.55	65.317
PF3D7_1403100.1	6939	6940	30010.9	208.963
PF3D7_1403200.1	1221	1222	1713	67.7383
PF3D7_1403300.1	3486	3487	564.014	7.81603
PF3D7_1403400.1	1944	1945	7265	180.495
PF3D7_1403500.1	947	948	2175.19	110.876
PF3D7_1403600.1	1274	1275	849.904	32.2113
PF3D7_1403700.1	2271	2272	240.98	5.12532
PF3D7_1403800.1	4629	4630	715	7.46231
PF3D7_1403900.1	1884	1885	493.407	12.6486
PF3D7_1404000.1	581	582	4320	358.682
PF3D7_1404100.1	1448	1449	1066	35.5498
PF3D7_1404200.1	1172	1173	375	15.4483
PF3D7_1404300.1	609	610	435	34.4594
PF3D7_1404400.1	1326	1327	75.0484	2.73287
PF3D7_1404500.1	2098	2099	645.092	14.8511
PF3D7_1404600.1	2793	2794	765.949	13.2471
PF3D7_1404600.2	2010	2011	0	0
PF3D7_1404600.3	2412	2413	271.056	5.42813
PF3D7_1404700.1	1615	1616	299.472	8.95496
PF3D7_1404800.1	4880	4881	3053.19	30.2269
PF3D7_1404900.1	3427	3428	7068.32	99.6376
PF3D7_1405000.1	2701	2702	1209.36	21.6282
PF3D7_1405100.1	4072	4073	3003.68	35.6359
PF3D7_1405200.1	1303	1304	401	14.8599
PF3D7_1405300.1	3499	3500	9945.21	137.308
PF3D7_1405400.1	5003	5004	6041.79	58.344
PF3D7_1405500.1	2241	2242	4134.98	89.1223
PF3D7_1405600.1	1619	1620	1763.01	52.588
PF3D7_1405700.1	3497	3498	3090.53	42.6934
PF3D7_1405800.1	3852	3853	3330.29	41.7667
PF3D7_1405900.1	4289	4290	4211.81	47.4417
PF3D7_1406000.1	740	741	957.329	62.4297
PF3D7_1406100.1	4777	4778	1167.45	11.8071
PF3D7_1406200.1	9723	9724	11202.4	55.6692
PF3D7_1406300.1	2627	2628	5225.63	96.0864
PF3D7_1406400.1	2269	2270	14514	308.965
PF3D7_1406500.1	4584	4585	977.126	10.2982
PF3D7_1406600.1	5447	5448	21264.6	188.611
PF3D7_1406700.1	1943	1944	370.224	9.20273
PF3D7_1406800.1	3069	3070	5278.51	83.0847
PF3D7_1406900.1	1909	1910	257.264	6.50869
PF3D7_1407000.1	3819	3820	163	2.06192
PF3D7_1407100.1	2261	2262	8007.73	171.067
PF3D7_1407200.1	1934	1935	1169.73	29.2114
PF3D7_1407300.1	3327	3328	16701.9	242.51
PF3D7_1407400.1	2230	2231	4696.63	101.727
PF3D7_1407500.1	1495	1496	1859.49	60.0634
PF3D7_1407600.1	6344	6345	3642.04	27.7371
PF3D7_1407700.1	1221	1222	97	3.83574
PF3D7_1407800.1	3979	3980	7256.93	88.1086
PF3D7_1407900.1	4162	4163	5081.75	58.9869
PF3D7_1408000.1	3018	3019	5392.72	86.3164
PF3D7_1408100.1	2419	2420	3813	76.1377
PF3D7_1408200.1	5463	5464	3835.34	33.9189
PF3D7_1408300.1	453	454	899	95.6868
PF3D7_1408400.1	4508	4509	5307.23	56.8769
PF3D7_1408500.1	1608	1609	2061.24	61.9044
PF3D7_1408600.1	1424	1425	6691	226.895
PF3D7_1408700.1	22620	22621	17076.8	36.479
PF3D7_1408800.1	1864	1865	113.983	2.95332
PF3D7_1408900.1	1732	1733	116.246	3.24137
PF3D7_1409000.1	3056	3057	2701.25	42.699
PF3D7_1409100.1	4758	4759	9231.47	93.7353
PF3D7_1409200.1	2059	2060	13800.2	323.718
PF3D7_1409200.2	561	562	9.9034	0.851523
PF3D7_1409300.1	2022	2023	10924.1	260.937
PF3D7_1409400.1	1980	1981	71729.5	1749.69
PF3D7_1409500.1	3755	3756	2781.09	35.7798
PF3D7_1409600.1	3237	3238	22789	340.092
PF3D7_1409700.1	3251	3252	1692.43	25.1483
PF3D7_1409800.1	3906	3907	3627.9	44.8705
PF3D7_1409900.1	4425	4426	34170.4	373.067
PF3D7_1410000.1	1835	1836	1955.52	51.4681
PF3D7_1410100.1	1622	1623	508.005	15.1251
PF3D7_1410200.1	4463	4464	1802.03	19.5068
PF3D7_1410300.1	14512	14513	19944.3	66.4063
PF3D7_1410400.1	4040	4041	34779.9	415.899
PF3D7_1410500.1	1250	1251	3142	121.366
PF3D7_1410600.1	3518	3519	7383.29	101.386
PF3D7_1410700.1	2251	2252	1363.61	29.2596
PF3D7_1410800.1	1951	1952	3414.27	84.5212
PF3D7_1410900.1	3444	3445	3516.06	49.3191
PF3D7_1411000.1	6500	6501	12229.4	90.902
PF3D7_1411000.2	6096	6097	67983	538.806
PF3D7_1411100.1	3363	3364	1683.45	24.1821
PF3D7_1411200.1	4252	4253	10453.8	118.776
PF3D7_1411300.1	3132	3133	1234.49	19.0404
PF3D7_1411400.1	7017	7018	5151.07	35.4676
PF3D7_1411500.1	3557	3558	4261.46	57.8762
PF3D7_1411600.1	2056	2057	925	21.7298
PF3D7_1411700.1	2394	2395	462.217	9.32586
PF3D7_1411800.1	2560	2561	1210.69	22.844
PF3D7_1411900.1	2340	2341	4645.38	95.8889
PF3D7_1412000.1	1937	1938	1937.87	48.3192
PF3D7_1412100.1	3465	3466	9348.39	130.334
PF3D7_1412200.1	2623	2624	449.783	8.28299
PF3D7_1412300.1	1312	1313	7634.75	280.982
PF3D7_1412400.1	10538	10539	13723.3	62.9227
PF3D7_1412500.1	2228	2229	982.355	21.2964
PF3D7_1412600.1	1981	1982	8740.87	213.108
PF3D7_1412700.1	5142	5143	900.663	8.46241
PF3D7_1412800.1	3062	3063	9488.03	149.685
PF3D7_1412900.1	4072	4073	6549.25	77.7007
PF3D7_1412900.2	276	277	0	0
PF3D7_1413000.1	1416	1417	20	0.682038
PF3D7_1413100.1	1722	1723	3109	87.1934
PF3D7_1413200.1	2050	2051	790.626	18.6275
PF3D7_1413300.1	561	562	1059.27	91.0791
PF3D7_1413400.1	2257	2258	4872.78	104.28
PF3D7_1413500.1	1802	1803	305.036	8.17529
PF3D7_1413600.1	1572	1573	1312.92	40.3329
PF3D7_1413700.1	4638	4639	13780.5	143.545
PF3D7_1413800.1	2804	2805	1238.24	21.3314
PF3D7_1413900.1	2509	2510	753.787	14.5119
PF3D7_1414000.1	1841	1842	25912.8	679.788
PF3D7_1414100.1	5326	5327	923.203	8.37457
PF3D7_1414200.1	3821	3822	1623.54	20.5267
PF3D7_1414300.1	1350	1351	39642.9	1417.94
PF3D7_1414400.1	2765	2766	5677.16	99.1807
PF3D7_1414500.1	11824	11825	11385.5	46.5265
PF3D7_1414600.1	2138	2139	34376.6	776.604
PF3D7_1414700.1	5372	5373	5505.32	49.5124
PF3D7_1414800.1	1657	1658	107.013	3.11888
PF3D7_1414900.1	3579	3580	2395	32.3274
PF3D7_1415000.1	1160	1161	3602.88	149.957
PF3D7_1415100.1	2595	2596	3618.54	67.356
PF3D7_1415200.1	1151	1152	1459.45	61.2189
PF3D7_1415300.1	2893	2894	22110.4	369.187
PF3D7_1415400.1	5748	5749	3608.86	30.3337
PF3D7_1415500.1	4348	4349	352.999	3.92222
PF3D7_1415600.1	4875	4876	1095	10.8517
PF3D7_1415700.1	2811	2812	439.094	7.54554
PF3D7_1415800.1	2308	2309	263.606	5.51669
PF3D7_1415900.1	1155	1156	4388.72	183.455
PF3D7_1416000.1	663	664	2	0.145549
PF3D7_1416100.1	3739	3740	7281.52	94.0803
PF3D7_1416200.1	9853	9854	29408.1	144.213
PF3D7_1416300.1	2104	2105	2374.33	54.5052
PF3D7_1416400.1	2138	2139	5717.87	129.173
PF3D7_1416500.1	1924	1925	993.915	24.9498
PF3D7_1416600.1	10368	10369	1472.38	6.86169
PF3D7_1416700.1	1083	1084	172.015	7.66805
PF3D7_1416800.1	2726	2727	1321.33	23.414
PF3D7_1416900.1	1117	1118	2707.67	117.031
PF3D7_1417000.1	1149	1150	297	12.4798
PF3D7_1417100.1	2363	2364	1729	35.3424
PF3D7_1417200.1	14912	14913	12529.1	40.5977
PF3D7_1417300.1	4608	4609	5788.12	60.6847
PF3D7_1417400.1	10704	10705	5770.49	26.048
PF3D7_1417500.1	2855	2856	15747.9	266.448
PF3D7_1417600.1	15995	15996	10745.8	32.4621
PF3D7_1417700.1	2876	2877	3563.11	59.8463
PF3D7_1417800.1	4015	4016	10406.7	125.218
PF3D7_1417900.1	1318	1319	2422.09	88.7348
PF3D7_1418000.1	1779	1780	1022.04	27.7457
PF3D7_1418100.1	10794	10795	213.001	0.953471
PF3D7_1418200.1	911	912	1730	91.6642
PF3D7_1418300.1	813	814	41.0404	2.43633
PF3D7_1418400.1	72	73	113	74.8004
PF3D7_1418500.1	119	120	1349	543.224
PF3D7_1418600.1	119	120	1349	543.224
PF3D7_1418700.1	119	120	1349	543.224
PF3D7_1418800.1	303	304	5214	828.792
PF3D7_1418900.1	3481	3482	2324.56	32.2597
PF3D7_1419000.1	4808	4809	2618.3	26.3095
PF3D7_1419100.1	4007	4008	5449.23	65.6985
PF3D7_1419200.1	2992	2993	781.869	12.6234
PF3D7_1419300.1	2713	2714	1779.8	31.689
PF3D7_1419400.1	8147	8148	2232.82	13.2419
PF3D7_1419500.1	1330	1331	2055	74.6076
PF3D7_1419600.1	1541	1542	11020	345.339
PF3D7_1419700.1	2636	2637	5694.22	104.345
PF3D7_1419800.1	2531	2532	841.19	16.0538
PF3D7_1419800.2	1641	1642	1416.8	41.6948
PF3D7_1419900.1	2068	2069	278.032	6.49356
PF3D7_1420000.1	2043	2044	1499	35.438
PF3D7_1420100.1	5421	5422	108.032	0.962814
PF3D7_1420200.1	4560	4561	5543.16	58.7281
PF3D7_1420300.1	1594	1595	2367.02	71.7117
PF3D7_1420400.1	3518	3519	8647.06	118.74
PF3D7_1420500.1	3531	3532	315	4.30961
PF3D7_1420600.1	2421	2422	2042.55	40.7518
PF3D7_1420700.1	5852	5853	23713.1	195.775
PF3D7_1420800.1	774	775	104	6.48455
PF3D7_1420900.1	1848	1849	2825.05	73.8307
PF3D7_1421000.1	579	580	6492	540.877
PF3D7_1421100.1	4780	4781	1075.69	10.8722
PF3D7_1421150.1	149	150	73	23.5169
PF3D7_1421200.1	1311	1312	8885.01	327.244
PF3D7_1421300.1	3051	3052	767.79	12.1564
PF3D7_1421400.1	1536	1537	25244.2	793.664
PF3D7_1421500.1	505	506	1163	111.065
PF3D7_1421600.1	2644	2645	1330.63	24.3097
PF3D7_1421700.1	189	190	0	0
PF3D7_1421800.1	1453	1454	2852.1	94.7869
PF3D7_1421900.1	1082	1083	3559	158.799
PF3D7_1422000.1	523	524	4636.27	427.549
PF3D7_1422100.1	2039	2040	7449.32	176.455
PF3D7_1422200.1	1381	1382	898.158	31.4046
PF3D7_1422300.1	2290	2291	3073.59	64.8289
PF3D7_1422400.1	5930	5931	1528.18	12.4507
PF3D7_1422500.1	2024	2025	59139	1411.23
PF3D7_1422600.1	2061	2062	4107	96.2464
PF3D7_1422700.1	4392	4393	1765.22	19.4171
PF3D7_1422800.1	2042	2043	4797.02	113.462
PF3D7_1422900.1	2035	2036	1600	37.9744
PF3D7_1423000.1	2269	2270	2176.49	46.3319
PF3D7_1423100.1	4246	4247	8043.82	91.5226
PF3D7_1423200.1	2298	2299	1186.08	24.9301
PF3D7_1423300.1	3291	3292	15168.4	222.653
PF3D7_1423400.1	4749	4750	5329.89	54.2217
PF3D7_1423500.1	5788	5789	3198.01	26.6947
PF3D7_1423600.1	3387	3388	13696.2	195.346
PF3D7_1423700.1	7269	7270	15660.2	104.09
PF3D7_1423800.1	5238	5239	4038.15	37.2463
PF3D7_1423900.1	86	87	10	5.5543
PF3D7_1424000.1	79	80	0	0
PF3D7_1424100.1	3032	3033	6586.5	104.937
PF3D7_1424200.1	69	70	3	2.07096
PF3D7_1424300.1	96	97	202	100.63
PF3D7_1424400.1	3181	3182	16511.7	250.75
PF3D7_1424500.1	142	143	2157	728.891
PF3D7_1424600.1	70	71	25	17.0149
PF3D7_1424700.1	84	85	99	56.2814
PF3D7_1424800.1	118	119	5	2.03035
PF3D7_1424900.1	75	76	7	4.45075
PF3D7_1425000.1	172	173	47.238	13.1945
PF3D7_1425100.1	127	128	0	0
PF3D7_1425200.1	2502	2503	1012.79	19.5527
PF3D7_1425300.1	1399	1400	9935	342.916
PF3D7_1425400.1	4094	4095	4578.3	54.0254
PF3D7_1425500.1	889	890	79.6941	4.32697
PF3D7_1425600.1	6332	6333	445.168	3.39675
PF3D7_1425700.1	2148	2149	2380.07	53.5183
PF3D7_1425800.1	4142	4143	3585.62	41.8213
PF3D7_1425900.1	1695	1696	928.681	26.4599
PF3D7_1426000.1	1730	1731	75946.2	2120.1
PF3D7_1426100.1	1919	1920	5358.49	134.862
PF3D7_1426200.1	2249	2250	5864.1	125.941
PF3D7_1426300.1	2564	2565	1284.69	24.2024
PF3D7_1426400.1	518	519	143	13.3143
PF3D7_1426500.1	2344	2345	1119	23.0587
PF3D7_1426600.1	4592	4593	6118.14	64.3682
PF3D7_1426700.1	6312	6313	6215.63	47.5771
PF3D7_1426800.1	7092	7093	2193.92	14.9465
PF3D7_1426900.1	1060	1061	23609.3	1075.27
PF3D7_1427000.1	4756	4757	4035.13	40.9895
PF3D7_1427100.1	4864	4865	5306.61	52.7087
PF3D7_1427200.1	1789	1790	6303.32	170.163
PF3D7_1427300.1	4434	4435	2502	27.261
PF3D7_1427400.1	2394	2395	1408.77	28.4238
PF3D7_1427400.2	1575	1576	252.232	7.73379
PF3D7_1427500.1	3594	3595	9869	132.655
PF3D7_1427600.1	2508	2509	989.528	19.0579
PF3D7_1427700.1	766	767	602.499	37.9585
PF3D7_1427800.1	1652	1653	1192.37	34.8568
PF3D7_1427900.1	3656	3657	3387.73	44.7644
PF3D7_1428000.1	2783	2784	2463.86	42.7657
PF3D7_1428100.1	2636	2637	1084.32	19.8699
PF3D7_1428200.1	4097	4098	10345.7	121.993
PF3D7_1428300.1	2345	2346	1674.47	34.4903
PF3D7_1428400.1	6785	6786	1782.88	12.6957
PF3D7_1428500.1	7281	7282	6609.01	43.8565
PF3D7_1428600.1	1489	1490	3777	122.492
PF3D7_1428700.1	3005	3006	935.674	15.0412
PF3D7_1428800.1	2287	2288	4171.05	88.0922
PF3D7_1428800.2	1107	1108	195.236	8.51468
PF3D7_1428900.1	5493	5494	4223.01	37.1434
PF3D7_1429000.1	714	715	1323	89.4133
PF3D7_1429100.1	2798	2799	3430.33	59.2217
PF3D7_1429200.1	4793	4794	753.206	7.59214
PF3D7_1429300.1	1863	1864	947	24.5501
PF3D7_1429400.1	9064	9065	8108.21	43.2221
PF3D7_1429500.1	2553	2554	390.009	7.37908
PF3D7_1429600.1	946	947	14674	748.767
PF3D7_1429700.1	1786	1787	4281.75	115.783
PF3D7_1429800.1	5158	5159	5960.84	55.8329
PF3D7_1429900.1	5707	5708	1673.9	14.1708
PF3D7_1430000.1	2101	2102	10354.7	238.042
PF3D7_1430100.1	1864	1865	2245.19	58.1732
PF3D7_1430200.1	3133	3134	22734	350.53
PF3D7_1430300.1	8092	8093	4356.3	26.011
PF3D7_1430400.1	3837	3838	352.072	4.43276
PF3D7_1430500.1	1329	1330	36	1.30797
PF3D7_1430600.1	2636	2637	6660	122.043
PF3D7_1430700.1	2119	2120	461.018	10.5083
PF3D7_1430800.1	2102	2103	236.274	5.42905
PF3D7_1430900.1	839	840	1434.61	82.528
PF3D7_1431000.1	1835	1836	1225.51	32.2547
PF3D7_1431100.1	2995	2996	1303.86	21.0299
PF3D7_1431200.1	5629	5630	1387.02	11.9049
PF3D7_1431300.1	4139	4140	3819.65	44.5832
PF3D7_1431400.1	4791	4792	10279.3	103.656
PF3D7_1431500.1	3752	3753	7120.1	91.6761
PF3D7_1431600.1	2982	2983	1067.2	17.2879
PF3D7_1431700.1	1308	1309	7076.66	261.238
PF3D7_1431800.1	3022	3023	3872	61.8936
PF3D7_1431900.1	3264	3265	2255.49	33.3814
PF3D7_1432000.1	2188	2189	8386.57	185.134
PF3D7_1432100.1	1163	1164	2557	106.151
PF3D7_1432200.1	5318	5319	7187.89	65.3009
PF3D7_1432300.1	4946	4947	4157.12	40.6068
PF3D7_1432400.1	4916	4917	1708	16.7856
PF3D7_1432500.1	1883	1884	5952.18	152.666
PF3D7_1432600.1	3762	3763	4613	59.2376
PF3D7_1432700.1	2001	2002	10883.1	262.685
PF3D7_1432800.1	3077	3078	1774.04	27.8511
PF3D7_1432900.1	1828	1829	1256.61	33.1998
PF3D7_1433000.1	951	952	3015.76	153.076
PF3D7_1433100.1	3601	3602	2619	35.135
PF3D7_1433200.1	4132	4133	517.212	6.04716
PF3D7_1433300.1	1771	1772	672.925	18.3506
PF3D7_1433400.1	18510	18511	23287.8	60.7921
PF3D7_1433500.1	6923	6924	9119.97	63.648
PF3D7_1433600.1	911	912	1455.57	77.1234
PF3D7_1433700.1	7996	7997	3683.91	22.2603
PF3D7_1433800.1	8992	8993	6759.1	36.3189
PF3D7_1433900.1	6431	6432	4627.08	34.7623
PF3D7_1434000.1	1163	1164	1623.81	67.4111
PF3D7_1434100.1	2060	2061	373.98	8.76837
PF3D7_1434200.1	3103	3104	6638.24	103.343
PF3D7_1434300.1	4668	4669	5799.21	60.0196
PF3D7_1434400.1	1936	1937	3429.25	85.5495
PF3D7_1434500.1	25337	25338	11174.6	21.3112
PF3D7_1434600.1	3850	3851	2209.95	27.7305
PF3D7_1434700.1	2132	2133	4501.04	101.97
PF3D7_1434800.1	2204	2205	817.497	17.9154
PF3D7_1434900.1	984	985	407	19.9667
PF3D7_1435000.1	1970	1971	463.286	11.3582
PF3D7_1435100.1	1527	1528	1507	47.6583
PF3D7_1435200.1	2334	2335	26418.2	546.72
PF3D7_1435300.1	10680	10681	11753	53.1725
PF3D7_1435400.1	1707	1708	7484.75	211.757
PF3D7_1435500.1	2014	2015	4310.86	103.38
PF3D7_1435600.1	6252	6253	10874.6	84.0378
PF3D7_1435700.1	4709	4710	10657	109.336
PF3D7_1435700.2	2667	2668	0	0
PF3D7_1435800.1	1972	1973	521.026	12.7609
PF3D7_1435900.1	1425	1426	585.099	19.8271
PF3D7_1436000.1	4130	4131	6674.64	78.0766
PF3D7_1436100.1	6817	6818	24816.5	175.886
PF3D7_1436200.1	7475	7476	7536.72	48.7149
PF3D7_1436300.1	7350	7351	6437.55	42.3177
PF3D7_1436400.1	4425	4426	891.082	9.72869
PF3D7_1436500.1	1720	1721	105.346	2.95791
PF3D7_1436600.1	3134	3135	14097	217.289
PF3D7_1436700.1	3522	3523	307.316	4.21523
PF3D7_1436800.1	1145	1146	644.272	27.1664
PF3D7_1436900.1	1578	1579	264.01	8.07954
PF3D7_1437000.1	2374	2375	4846.7	98.6122
PF3D7_1437100.1	1242	1243	5701.91	221.665
PF3D7_1437200.1	4522	4523	12019.3	128.411
PF3D7_1437300.1	1998	1999	21104.4	510.163
PF3D7_1437400.1	2799	2800	13072.3	225.601
PF3D7_1437500.1	816	817	73	4.31767
PF3D7_1437600.1	2099	2100	1770	40.7289
PF3D7_1437700.1	3424	3425	3135.01	44.2309
PF3D7_1437800.1	2347	2348	346.727	7.13571
PF3D7_1437900.1	3965	3966	11290.2	137.562
PF3D7_1438000.1	3864	3865	3381.74	42.2804
PF3D7_1438100.1	2254	2255	5832.75	124.99
PF3D7_1438200.1	90	91	24	12.7444
PF3D7_1438300.1	74	75	8	5.15439
PF3D7_1438400.1	7241	7242	10754.5	71.7596
PF3D7_1438500.1	3995	3996	21404.9	258.843
PF3D7_1438600.1	2287	2288	516.623	10.911
PF3D7_1438700.1	1603	1604	9810	295.538
PF3D7_1438800.1	3313	3314	1210.28	17.6474
PF3D7_1438900.1	1608	1609	3079.2	92.4762
PF3D7_1439000.1	1843	1844	1103.45	28.916
PF3D7_1439100.1	8630	8631	2660	14.8925
PF3D7_1439200.1	3681	3682	20137	264.277
PF3D7_1439300.1	6858	6859	5820.54	41.0063
PF3D7_1439400.1	2363	2364	182.596	3.73244
PF3D7_1439500.1	5234	5235	3430.85	31.6689
PF3D7_1439600.1	1328	1329	1725.38	62.7347
PF3D7_1439700.1	2942	2943	4930.69	80.9591
PF3D7_1439800.1	2018	2019	4371.4	104.624
PF3D7_1439900.1	2043	2044	8280.56	195.761
PF3D7_1440000.1	7156	7157	11922.6	80.4983
PF3D7_1440100.1	4155	4156	25923.4	301.415
PF3D7_1440200.1	5527	5528	7501.13	65.5703
PF3D7_1440300.1	2116	2117	782.72	17.8663
PF3D7_1440400.1	5015	5016	2288.08	22.0426
PF3D7_1440500.1	2502	2503	1061.72	20.4973
PF3D7_1440600.1	1813	1814	548.861	14.6209
PF3D7_1440700.1	4157	4158	4587.71	53.3163
PF3D7_1440800.1	2705	2706	1026.15	18.3245
PF3D7_1440900.1	1286	1287	1171.23	43.9755
PF3D7_1441000.1	3126	3127	2328.91	35.9892
PF3D7_1441100.1	4631	4632	2979.03	31.0781
PF3D7_1441200.1	3159	3160	9996.92	152.872
PF3D7_1441300.1	8958	8959	20817.3	112.283
PF3D7_1441400.1	2552	2553	663.616	12.5607
PF3D7_1441500.1	2281	2282	2987.1	63.2532
PF3D7_1441600.1	2194	2195	140.007	3.08221
PF3D7_1441700.1	1680	1681	1017	29.2349
PF3D7_1441800.1	1363	1364	11200.5	396.798
PF3D7_1441900.1	951	952	97.2487	4.93623
PF3D7_1442000.1	947	948	234.179	11.9368
PF3D7_1442100.1	1021	1022	5957	281.66
PF3D7_1442200.1	3689	3690	2232.19	29.2317
PF3D7_1442300.1	2450	2451	7703.73	151.882
PF3D7_1442400.1	7383	7384	12321.6	80.6353
PF3D7_1442500.1	2944	2945	2205.03	36.1807
PF3D7_1442600.1	10632	10633	2855	12.9747
PF3D7_1442700.1	7951	7952	5303	32.225
PF3D7_1442800.1	1209	1210	905	36.1419
PF3D7_1442900.1	11706	11707	12009.2	49.5696
PF3D7_1443000.1	4962	4963	679.206	6.6131
PF3D7_1443100.1	3085	3086	15272	239.138
PF3D7_1443200.1	2605	2606	1460.87	27.0885
PF3D7_1443300.1	923	924	5005.2	261.757
PF3D7_1443400.1	3317	3318	9415.52	137.125
PF3D7_1443500.1	4254	4255	3176.89	36.0787
PF3D7_1443600.1	5697	5698	2236	18.9626
PF3D7_1443700.1	1885	1886	1037.23	26.5756
PF3D7_1443800.1	2314	2315	2225.87	46.4619
PF3D7_1443900.1	3401	3402	139132	1976.25
PF3D7_1444000.1	684	685	92	6.49001
PF3D7_1444100.1	22005	22006	4194.35	9.21027
PF3D7_1444200.1	1299	1300	633	23.5293
PF3D7_1444300.1	1269	1270	19631	746.942
PF3D7_1444400.1	2561	2562	689.204	12.9992
PF3D7_1444500.1	6328	6329	3547.49	27.0854
PF3D7_1444600.1	366	367	2129	280.322
PF3D7_1444700.1	1269	1270	417.026	15.8675
PF3D7_1444800.1	3155	3156	28641.9	438.545
PF3D7_1444900.1	982	983	3206.89	157.645
PF3D7_1445000.1	1224	1225	3259	128.557
PF3D7_1445100.1	3911	3912	6466.35	79.8746
PF3D7_1445200.1	4084	4085	2760.6	32.6557
PF3D7_1445300.1	2439	2440	330.392	6.54317
PF3D7_1445400.1	3706	3707	3199.65	41.7089
PF3D7_1445500.1	2739	2740	3715.89	65.5331
PF3D7_1445600.1	3957	3958	11951.4	145.913
PF3D7_1445700.1	1956	1957	10627	262.403
PF3D7_1445800.1	3624	3625	105	1.39968
PF3D7_1445900.1	3255	3256	21385	317.375
PF3D7_1446000.1	117	118	4253	1741.65
PF3D7_1446100.1	2013	2014	4927	118.215
PF3D7_1446200.1	3501	3502	8159.25	112.585
PF3D7_1446300.1	4334	4335	2610.77	29.1023
PF3D7_1446400.1	3025	3026	761.975	12.168
PF3D7_1446500.1	10395	10396	24115.7	112.094
PF3D7_1446600.1	1533	1534	4655.09	146.64
PF3D7_1446700.1	2012	2013	3578.19	85.8949
PF3D7_1446800.1	1865	1866	1180.94	30.5818
PF3D7_1446900.1	4030	4031	19834.6	237.77
PF3D7_1447000.1	2513	2514	2643.35	50.8086
PF3D7_1447100.1	1173	1174	2719.22	111.924
PF3D7_1447200.1	2239	2240	8056.04	173.789
PF3D7_1447300.1	1229	1230	1645.54	64.6476
PF3D7_1447400.1	1110	1111	13029.5	566.709
PF3D7_1447500.1	435	436	629	69.7128
PF3D7_1447600.1	366	367	108	14.2202
PF3D7_1447700.1	1663	1664	202	5.86607
PF3D7_1447800.1	6592	6593	2050.67	15.0301
PF3D7_1447900.1	5674	5675	3610	30.739
PF3D7_1448000.1	5196	5197	1183.13	11.0009
PF3D7_1448100.1	1141	1142	370	15.6561
PF3D7_1448200.1	3621	3622	196	2.6149
PF3D7_1448300.1	8169	8170	10779.2	63.7549
PF3D7_1448400.1	2934	2935	11832	194.804
PF3D7_1448500.1	12043	12044	14270.1	57.2539
PF3D7_1448600.1	1301	1302	6860.9	254.635
PF3D7_1448700.1	1911	1912	970.728	24.5334
PF3D7_1448800.1	819	820	1388	81.7945
PF3D7_1448900.1	842	843	14687	841.887
PF3D7_1449000.1	747	748	3055	197.359
PF3D7_1449100.1	4141	4142	3529.26	41.1739
PF3D7_1449200.1	1309	1310	322946	11912.6
PF3D7_1449300.1	3068	3069	2540.35	39.9986
PF3D7_1449400.1	4332	4333	5739.16	64.0041
PF3D7_1449500.1	5472	5473	3885.13	34.3027
PF3D7_1449600.1	2058	2059	206.01	4.83481
PF3D7_1449700.1	5388	5389	7596.03	68.1125
PF3D7_1449800.1	1665	1666	425.014	12.3275
PF3D7_1449900.1	1447	1448	5538.21	184.82
PF3D7_1450000.1	2116	2117	12894	294.317
PF3D7_1450100.1	2360	2361	1101.13	22.5368
PF3D7_1450200.1	934	935	202.014	10.4404
PF3D7_1450300.1	3245	3246	593.744	8.83892
PF3D7_1450400.1	7205	7206	3082.72	20.6723
PF3D7_1450500.1	4962	4963	3678	35.8109
PF3D7_1450600.1	1764	1765	1698	46.488
PF3D7_1450700.1	2464	2465	5126.74	100.502
PF3D7_1450800.1	1794	1795	110.009	2.96151
PF3D7_1450900.1	1931	1932	1185.53	29.6521
PF3D7_1451000.1	2945	2946	2086.47	34.2237
PF3D7_1451100.1	4492	4493	10528.6	113.236
PF3D7_1451200.1	7856	7857	13074.1	80.409
PF3D7_1451300.1	1304	1305	12833	475.189
PF3D7_1451400.1	5328	5329	678.563	6.15308
PF3D7_1451500.1	1294	1295	238.718	8.90765
PF3D7_1451600.1	2598	2599	799	14.8556
PF3D7_1451700.1	1728	1729	3346.22	93.5206
PF3D7_1451800.1	3335	3336	8689	125.861
PF3D7_1451900.1	4415	4416	1246.62	13.6412
PF3D7_1452000.1	7915	7916	16791.6	102.503
PF3D7_1452100.1	1374	1375	996.974	35.0372
PF3D7_1452200.1	1829	1830	602.032	15.8971
PF3D7_1452300.1	1573	1574	239.042	7.33868
PF3D7_1452400.1	4394	4395	3244.5	35.6728
PF3D7_1452500.1	2060	2061	9756.09	228.742
PF3D7_1452600.1	10949	10950	8509.15	37.5509
PF3D7_1452700.1	1468	1469	4533	149.112
PF3D7_1452800.1	1374	1375	352.699	12.3951
PF3D7_1452900.1	1105	1106	4045.3	176.744
PF3D7_1453000.1	3415	3416	2190	30.9795
PF3D7_1453100.1	1893	1894	1399	35.6932
PF3D7_1453200.1	4596	4597	6405	67.3276
PF3D7_1453300.1	231	232	117	24.3695
PF3D7_1453400.1	6370	6371	29706.1	225.313
PF3D7_1453500.1	3531	3532	129	1.76489
PF3D7_1453600.1	5721	5722	953.314	8.05075
PF3D7_1453700.1	2762	2763	58304.8	1019.7
PF3D7_1453800.1	4283	4284	1909.03	21.5334
PF3D7_1453900.1	4694	4695	2091.22	21.5235
PF3D7_1454000.1	2378	2379	854.474	17.3561
PF3D7_1454100.1	980	981	4930.05	242.846
PF3D7_1454200.1	4802	4803	556	5.59385
PF3D7_1454300.1	3402	3403	366.697	5.20707
PF3D7_1454400.1	4129	4130	13807.4	161.551
PF3D7_1454500.1	1653	1654	440.886	12.8807
PF3D7_1454600.1	1258	1259	3658.54	140.42
PF3D7_1454700.1	2567	2568	2306.76	43.4067
PF3D7_1454800.1	495	496	51	4.96863
PF3D7_1454900.1	835	836	1581.51	91.414
PF3D7_1455000.1	2437	2438	241	4.77674
PF3D7_1455100.1	1071	1072	86163.9	3884
PF3D7_1455200.1	3345	3346	4391.53	63.4218
PF3D7_1455300.1	3953	3954	18156.3	221.891
PF3D7_1455400.1	1638	1639	609.327	17.9647
PF3D7_1455500.1	4100	4101	552.16	6.50614
PF3D7_1455600.1	6364	6365	1605.43	12.1882
PF3D7_1455700.1	4351	4352	8418.98	93.48
PF3D7_1455800.1	4854	4855	7923	78.8585
PF3D7_1455900.1	1618	1619	7174	214.123
PF3D7_1456000.1	4601	4602	2541.04	26.6817
PF3D7_1456100.1	1735	1736	91.6191	2.55026
PF3D7_1456200.1	3568	3569	451.118	6.10789
PF3D7_1456300.1	2092	2093	312.228	7.20859
PF3D7_1456400.1	3048	3049	68	1.0777
PF3D7_1456500.1	7998	7999	6545.87	39.5439
PF3D7_1456600.1	846	847	321	18.3134
PF3D7_1456700.1	3526	3527	1710.08	23.4292
PF3D7_1456800.1	3447	3448	4178	58.553
PF3D7_1456900.1	2376	2377	664.46	13.5079
PF3D7_1457000.1	2165	2166	15569.3	347.343
PF3D7_1457100.1	3377	3378	1164.06	16.6519
PF3D7_1457200.1	886	887	10301	561.182
PF3D7_1457300.1	3695	3696	11300.6	147.747
PF3D7_1457400.1	11143	11144	10148.5	44.0055
PF3D7_1457500.1	2356	2357	3957.72	81.1398
PF3D7_1457600.1	1906	1907	854	21.6399
PF3D7_1457700.1	5635	5636	3521.54	30.1933
PF3D7_1457800.1	2336	2337	1820.99	37.6528
PF3D7_1457900.1	11473	11474	9464.01	39.8574
PF3D7_1458000.1	2837	2838	1764.44	30.043
PF3D7_1458100.1	654	655	617.391	45.5478
PF3D7_1458200.1	771	772	58.0012	3.63051
PF3D7_1458300.1	5554	5555	6028.55	52.4418
PF3D7_1458400.1	1964	1965	222.068	5.46101
PF3D7_1458500.1	5200	5201	4639.51	43.1056
PF3D7_1458600.1	4560	4561	883.008	9.3552
PF3D7_1458700.1	3796	3797	1639.79	20.8687
PF3D7_1458800.1	4149	4150	4210.13	49.0225
PF3D7_1458900.1	1115	1116	361.17	15.6385
PF3D7_1459000.1	3219	3220	3736.74	56.0771
PF3D7_1459100.1	2950	2951	526.108	8.61498
PF3D7_1459200.1	4011	4012	1720.72	20.7251
PF3D7_1459300.1	1891	1892	3029.86	77.3837
PF3D7_1459400.1	2463	2464	1300.66	25.5077
PF3D7_1459500.1	2922	2923	1197	19.7885
PF3D7_1459600.1	3763	3764	4525.93	58.1041
PF3D7_1459700.1	1815	1816	5107.26	135.9
PF3D7_1459800.1	1274	1275	16035.3	607.734
PF3D7_1459900.1	1376	1377	275.209	9.65776
PF3D7_1460000.1	1282	1283	15.0006	0.564978
PF3D7_1460100.1	1562	1563	408	12.6139
PF3D7_1460200.1	1257	1258	1147	44.0586
PF3D7_1460300.1	775	776	14554	906.294
PF3D7_1460400.1	1270	1271	4430	168.425
PF3D7_1460500.1	7927	7928	3631.84	22.1366
PF3D7_1460600.1	1679	1680	51870	1491.95
PF3D7_1460700.1	943	944	12429	636.228
PF3D7_1460800.1	1923	1924	1189	29.8624
PF3D7_1460900.1	1499	1500	1054.81	33.9805
PF3D7_1460900.2	825	826	3311.97	193.756
PF3D7_1461000.1	2495	2496	4889	94.6507
PF3D7_1461100.1	3123	3124	5381.49	83.2415
PF3D7_1461200.1	1432	1433	489	16.4896
PF3D7_1461300.1	1562	1563	6119.84	189.204
PF3D7_1461400.1	1398	1399	10624.8	366.989
PF3D7_1461500.1	615	616	57	4.47139
PF3D7_1461600.1	2885	2886	6396.43	107.1
PF3D7_1461700.1	1319	1320	2376.36	86.9936
PF3D7_1461800.1	10686	10687	4218.47	19.0742
PF3D7_1461900.1	4389	4390	8429.78	92.7897
PF3D7_1462000.1	366	367	4.0806	0.537287
PF3D7_1462100.1	4231	4232	876.26	10.0054
PF3D7_1462200.1	803	804	8097.62	486.687
PF3D7_1462300.1	5486	5487	4085.66	35.9812
PF3D7_1462400.1	12725	12726	2631.71	9.99297
PF3D7_1462500.1	2289	2290	426	8.98923
PF3D7_1462600.1	1572	1573	24	0.737277
PF3D7_1462700.1	1865	1866	13565.8	351.303
PF3D7_1462800.1	2689	2690	26508.9	476.199
PF3D7_1462900.1	2923	2924	393	6.49477
PF3D7_1463000.1	1608	1609	1608.41	48.3047
PF3D7_1463100.1	1215	1216	313.008	12.4385
PF3D7_1463200.1	2032	2033	197.036	4.68336
PF3D7_1463300.1	2108	2109	482.135	11.0469
PF3D7_1463400.1	1976	1977	1245.66	30.4468
PF3D7_1463500.1	2390	2391	286.326	5.78667
PF3D7_1463600.1	353	354	17	2.32057
PF3D7_1463700.1	1544	1545	1594.55	49.8721
PF3D7_1463800.1	748	749	1594	102.838
PF3D7_1463900.1	4770	4771	91521.8	926.966
PF3D7_1464000.1	2911	2912	16113	267.382
PF3D7_1464100.1	3601	3602	2249.75	30.1814
PF3D7_1464200.1	1375	1376	394.875	13.8672
PF3D7_1464300.1	2757	2758	180.242	3.15799
PF3D7_1464400.1	1675	1676	8450.75	243.652
PF3D7_1464500.1	12044	12045	8748.82	35.0987
PF3D7_1464600.1	6208	6209	10176.3	79.1987
PF3D7_1464700.1	2384	2385	10174.9	206.154
PF3D7_1464800.1	360	361	36	4.81885
PF3D7_1464900.1	3448	3449	1085.24	15.2048
PF3D7_1465000.1	1634	1635	8354.9	246.929
PF3D7_1465100.1	3301	3302	1429.04	20.913
PF3D7_1465200.1	2064	2065	8861.52	207.366
PF3D7_1465300.1	3594	3595	1209.73	16.2606
PF3D7_1465400.1	1605	1606	935.839	28.1581
PF3D7_1465500.1	4386	4387	206	2.26907
PF3D7_1465600.1	1458	1459	321	10.6316
PF3D7_1465700.1	1158	1159	498	20.7632
PF3D7_1465800.1	19458	19459	1023	2.54041
PF3D7_1465900.1	1430	1431	13132	443.445
PF3D7_1466000.1	942	943	124	6.35416
PF3D7_1466100.1	3760	3761	1195.44	15.3594
PF3D7_1466200.1	11963	11964	3852	15.5582
PF3D7_1466300.1	4335	4336	11623.9	129.542
PF3D7_1466400.1	5511	5512	1508.68	13.2262
PF3D7_1466500.1	995	996	341	16.5441
PF3D7_1466600.1	843	844	2375	135.978
PF3D7_1466700.1	1152	1153	518	21.7094
PF3D7_1466800.1	4066	4067	7348.93	87.3169
PF3D7_1466900.1	5568	5569	6232.13	54.0763
PF3D7_1467000.1	2706	2707	702.919	12.5477
PF3D7_1467100.1	3947	3948	2276.44	27.8629
PF3D7_1467200.1	1946	1947	6788	168.471
PF3D7_1467300.1	2351	2352	3551	72.9561
PF3D7_1467400.1	2053	2054	1394.39	32.8044
PF3D7_1467500.1	2323	2324	3036.17	63.1304
PF3D7_1467600.1	8460	8461	3415.87	19.5087
PF3D7_1467700.1	1005	1006	1081.12	51.9306
PF3D7_1467800.1	358	359	27	3.63427
PF3D7_1467900.1	6453	6454	18323.8	137.194
PF3D7_1468000.1	5901	5902	5718	46.8159
PF3D7_1468100.1	12210	12211	38761.9	153.392
PF3D7_1468200.1	1454	1455	32524.3	1080.17
PF3D7_1468300.1	750	751	80	5.14752
PF3D7_1468400.1	3061	3062	86472.1	1364.64
PF3D7_1468500.1	1398	1399	1836.94	63.4491
PF3D7_1468600.1	6027	6028	1783.21	14.2948
PF3D7_1468700.1	1973	1974	7961.17	194.885
PF3D7_1468800.1	3637	3638	6022.66	79.9971
PF3D7_1468900.1	3235	3236	1780.52	26.5881
PF3D7_1469000.1	1542	1543	1535.09	48.0747
PF3D7_1469100.1	1457	1458	9783.19	324.244
PF3D7_1469200.1	1871	1872	1582.41	40.8472
PF3D7_1469300.1	1696	1697	1519.17	43.2587
PF3D7_1469400.1	2930	2931	1608.11	26.5123
PF3D7_1469500.1	2583	2584	321.348	6.0094
PF3D7_1469600.1	11778	11779	1857.98	7.62222
PF3D7_1469700.1	1676	1677	841.155	24.2377
PF3D7_1469800.1	849	850	5620.02	319.497
PF3D7_1469900.1	1405	1406	8784.91	301.926
PF3D7_1470000.1	508	509	11842	1124.23
PF3D7_1470100.1	8297	8298	2415.67	14.0674
PF3D7_1470200.1	1465	1466	898.512	29.6168
PF3D7_1470300.1	1565	1566	1179.14	36.3851
PF3D7_1470400.1	1333	1334	3339.61	120.973
PF3D7_1470500.1	4096	4097	9985.34	117.773
PF3D7_1470600.1	2137	2138	653.636	14.7733
PF3D7_1470700.1	2838	2839	1513.76	25.7655
PF3D7_1470800.1	3631	3632	27196	361.832
PF3D7_1470900.1	1872	1873	3664.35	94.5383
PF3D7_1470950.1	276	277	159	27.7374
PF3D7_1471000.1	2124	2125	742.387	16.8818
PF3D7_1471100.1	2929	2930	132308	2182.06
PF3D7_1471200.1	3690	3691	67367.6	881.973
PF3D7_1471300.1	2283	2284	7879.44	166.704
PF3D7_1471400.1	3118	3119	2457.18	38.0689
PF3D7_1471500.1	1332	1333	3702	134.201
PF3D7_1471600.1	3953	3954	328	4.00853
PF3D7_1471700.1	1725	1726	29	0.811905
PF3D7_1471800.1	1192	1193	306	12.3945
PF3D7_1471900.1	6832	6833	5042.29	35.6586
PF3D7_1472000.1	1219	1220	399.87	15.8383
PF3D7_1472100.1	3167	3168	3916.1	59.7333
PF3D7_1472200.1	9360	9361	10339.1	53.3714
PF3D7_1472300.1	1773	1774	2116.45	57.6504
PF3D7_1472400.1	4074	4075	11621.8	137.814
PF3D7_1472500.1	966	967	411	20.5383
PF3D7_1472600.1	1784	1785	6566	177.751
PF3D7_1472700.1	2712	2713	25300.8	450.643
PF3D7_1472800.1	1690	1691	6335	181.03
PF3D7_1472900.1	2366	2367	1426.54	29.1229
PF3D7_1473000.1	378	379	22	2.80499
PF3D7_1473100.1	2854	2855	3215.67	54.4269
PF3D7_1473200.1	3869	3870	2804.11	35.0132
PF3D7_1473300.1	2841	2842	466.436	7.93079
PF3D7_1473400.1	4001	4002	5500.77	66.4193
PF3D7_1473500.1	3245	3246	1504.04	22.3903
PF3D7_1473600.1	1847	1848	2670.22	69.8223
PF3D7_1473700.1	6598	6599	1187.32	8.69437
PF3D7_1473900.1	3794	3795	855.917	10.8985
PF3D7_1474000.1	9505	9506	1839.95	9.35314
PF3D7_1474100.1	1615	1616	410.402	12.272
PF3D7_1474200.1	14298	14299	4149.77	14.0238
PF3D7_1474300.1	3032	3033	14898	237.358
PF3D7_1474400.1	8934	8935	3244.07	17.5446
PF3D7_1474500.1	3763	3764	2723.31	34.9619
PF3D7_1474600.1	2460	2461	12968	254.63
PF3D7_1474700.1	2262	2263	1500	32.0299
PF3D7_1474800.1	1803	1804	41017	1098.69
PF3D7_1474900.1	4233	4234	2109.15	24.0716
PF3D7_1475000.1	399	400	199	24.0404
PF3D7_1475100.1	5273	5274	2113	19.3601
PF3D7_1475200.1	2886	2887	7862	131.594
PF3D7_1475300.1	2124	2125	374.476	8.51556
PF3D7_1475400.1	17721	17722	1799.45	4.90655
PF3D7_1475500.1	5472	5473	2524	22.285
PF3D7_1475600.1	3603	3604	4024.94	53.9663
PF3D7_1475700.1	1560	1561	367	11.3609
PF3D7_1475800.1	930	931	794	41.2116
PF3D7_1475900.1	2412	2413	44	0.881137
PF3D7_1476000.1	825	826	461.174	26.9794
PF3D7_1476100.1	534	535	42	3.79353
PF3D7_1476200.1	2978	2979	1847.23	29.9639
PF3D7_1476300.1	4452	4453	12943	140.453
PF3D7_1476400.1	1872	1873	4392	113.311
PF3D7_1476500.1	3710	3711	659.06	8.58188
PF3D7_1476600.1	5544	5545	675.167	5.8838
PF3D7_1476700.1	1485	1486	2841.41	92.3982
PF3D7_1476800.1	1400	1401	293.593	10.1264
PF3D7_1476900.1	837	838	36	2.0759
PF3D7_1477000.1	3039	3040	1833.84	29.1498
PF3D7_1477100.1	1002	1003	7	0.337245
PF3D7_1477200.1	885	886	1	0.0545399
PF3D7_1477300.1	2672	2673	678.266	12.2617
PF3D7_1477400.1	1603	1604	57.3559	1.72791
PF3D7_1477500.1	3687	3688	1133.59	14.853
PF3D7_1477600.1	6871	6872	141.445	0.994608
PF3D7_1477700.1	2151	2152	1728.47	38.8121
PF3D7_1477800.1	1189	1190	3248	131.892
PF3D7_1477900.1	2445	2446	153	3.02262
PF3D7_1478000.1	1550	1551	8990	280.089
PF3D7_1478100.1	1366	1367	727.142	25.7039
PF3D7_1478200.1	675	676	0	0
PF3D7_1478300.1	576	577	0	0
PF3D7_1478400.1	1236	1237	38	1.48444
PF3D7_1478500.1	795	796	0	0
PF3D7_1478600.1	5749	5750	2481.3	20.8526
PF3D7_1478700.1	1122	1123	21	0.903624
PF3D7_1478800.1	1541	1542	64	2.0056
PF3D7_1478900.1	3988	3989	3780	45.7906
PF3D7_1479000.1	3225	3226	357.803	5.35954
PF3D7_1479100.1	633	634	28.6667	2.18492
PF3D7_1479200.1	855	856	53.3448	3.01139
PF3D7_1479300.1	834	835	0	0
PF3D7_1479400.1	1080	1081	4	0.178806
PF3D7_1479500.1	900	901	1.51187	0.0810843
PF3D7_1479600.1	1053	1054	2.01391	0.0923308
PF3D7_1479700.1	1047	1048	50.6761	2.33663
PF3D7_1479800.1	1035	1036	102.901	4.79962
PF3D7_1479900.1	915	916	1.05037	0.0554106
PF3D7_1480000.1	1023	1024	19.9607	0.94194
PF3D7_1480100.1	549	550	0	0
PF3D7_API00100.1	627	628	0	0
PF3D7_API00200.1	72	73	0	0
PF3D7_API00300.1	71	72	0	0
PF3D7_API00450.1	85	86	0	0
PF3D7_API00600.1	87	88	0	0
PF3D7_API00700.1	84	85	3	1.7055
PF3D7_API00800.1	92	93	3	1.55879
PF3D7_API00900.1	76	77	3	1.88269
PF3D7_API01000.1	73	74	0	0
PF3D7_API01100.1	70	71	2	1.36119
PF3D7_API01200.1	72	73	21	13.901
PF3D7_API01300.1	573	574	7	0.589297
PF3D7_API01400.1	228	229	2	0.422029
PF3D7_API01500.1	738	739	412	26.9402
PF3D7_API01600.1	273	274	5	0.881795
PF3D7_API01700.1	645	646	27	2.01967
PF3D7_API01800.1	390	391	54	6.67368
PF3D7_API01900.1	225	226	0	0
PF3D7_API02000.1	357	358	3	0.404936
PF3D7_API02100.1	387	388	1	0.124542
PF3D7_API02200.1	507	508	1	0.0951228
PF3D7_API02300.1	720	721	21	1.40745
PF3D7_API02400.1	276	277	20	3.48898
PF3D7_API02500.1	111	112	0	0
PF3D7_API02600.1	399	400	115	13.8927
PF3D7_API02700.1	369	370	20	2.61202
PF3D7_API02800.1	429	430	13	1.46091
PF3D7_API02900.1	1233	1234	473	18.5223
PF3D7_API03000.1	237	238	0	0
PF3D7_API03100.1	72	73	0	0
PF3D7_API03200.1	72	73	0	0
PF3D7_API03300.1	70	71	0	0
PF3D7_API03400.1	71	72	4	2.68458
PF3D7_API03500.1	390	391	33	4.07836
PF3D7_API03600.1	2304	2305	777	16.2891
PF3D7_API03700.1	72	73	126	83.4057
PF3D7_API03800.1	240	241	53	10.6269
PF3D7_API03900.1	87	88	89	48.8715
PF3D7_API04000.1	366	367	1	0.131669
PF3D7_API04100.1	684	685	0	0
PF3D7_API04200.1	2880	2881	6	0.100637
PF3D7_API04300.1	1728	1729	1	0.0279482
PF3D7_API04400.1	3075	3076	33	0.518413
PF3D7_API04500.1	306	307	0	0
PF3D7_API04600.1	156	157	2	0.615572
PF3D7_API04700.1	1413	1414	31	1.0594
PF3D7_API04800.1	73	74	8	5.22404
PF3D7_API04900.1	2696	2697	400	7.16683
PF3D7_API05000.1	74	75	30.9914	19.9677
PF3D7_API05100.1	72	73	0	0
PF3D7_API05200.1	72	73	0	0
PF3D7_API05300.1	72	73	0	0
PF3D7_API05400.1	79	80	0	0
PF3D7_API05500.1	72	73	1	0.66195
PF3D7_API05600.1	71	72	35.7667	24.0046
PF3D7_API05700.1	1426	1427	642.99	21.7735
PF3D7_API05800.1	72	73	0	0
PF3D7_API05900.1	1423	1424	0.00975123	0.000330901
PF3D7_API06000.1	71	72	1.23333	0.827744
PF3D7_API06100.1	72	73	1	0.66195
PF3D7_API06200.1	79	80	0	0
PF3D7_API06300.1	72	73	0	0
PF3D7_API06400.1	68	69	0	0
PF3D7_API06500.1	71	72	0	0
PF3D7_API06600.1	75	76	0.00863578	0.00549081
PF3D7_API06700.1	2692	2693	0	0
PF3D7_API06800.1	73	74	8	5.22404
PF3D7_MIT00100.1	31	32	214	323.156
PF3D7_MIT00200.1	38	39	293	363.037
PF3D7_MIT00300.1	54	55	148	130.031
PF3D7_MIT00400.1	40	41	148	174.432
PF3D7_MIT00500.1	33	34	281	399.37
PF3D7_MIT00600.1	22	23	0	0
PF3D7_MIT00700.1	37	38	1114	1416.61
PF3D7_MIT00800.1	20	21	0	0
PF3D7_MIT00900.1	107	108	2059	921.257
PF3D7_MIT01000.1	116	117	4893	2020.87
PF3D7_MIT01100.1	88	89	3054	1658.16
PF3D7_MIT01200.1	31	32	228	344.297
PF3D7_MIT01300.1	100	101	1570	751.15
PF3D7_MIT01400.1	750	751	46135	2968.51
PF3D7_MIT01500.1	64	65	1673	1243.74
PF3D7_MIT01600.1	43	44	320	351.435
PF3D7_MIT01700.1	66	67	394	284.164
PF3D7_MIT01800.1	43	44	127	139.476
PF3D7_MIT01900.1	23	24	0	0
PF3D7_MIT02000.1	81	82	436	256.934
PF3D7_MIT02100.1	1527	1528	38681	1223.27
PF3D7_MIT02200.1	81	82	0	0
PF3D7_MIT02300.1	1131	1132	42974	1834.46
PF3D7_MIT02400.1	54	55	0	0
PF3D7_MIT02500.1	33	34	0	0
PF3D7_MIT02600.1	75	76	3255	2069.6
PF3D7_MIT02700.1	84	85	22544	12816.2
PF3D7_MIT02800.1	58	59	535	438.177
PF3D7_MIT02900.1	52	53	2047	1866.34
PF3D7_MIT03000.1	25	26	0	0
PF3D7_MIT03100.1	30	31	0	0
PF3D7_MIT03200.1	176	177	2824	770.974
PF3D7_MIT03300.1	82	83	2449	1425.8
PF3D7_MIT03400.1	57	58	2150	1791.26
PF3D7_MIT03500.1	38	39	1157	1433.56
PF3D7_MIT03600.1	68	69	422	295.537
PF3D7_MIT03700.1	61	62	438	341.374
PF3D7_MIT03800.1	39	40	920	1111.41
PF3D7_MIT03900.1	30	31	0	0
PF3D7_MIT04000.1	195	196	14006	3453.08
PF3D7_MIT04100.1	83	84	2971	1709.12
PF3D7_MIT04200.1	94	95	2881	1465.44
