target_id	length	eff_length	est_counts	tpm
PF3D7_0100100.1	6492	6493	1136.52	5.93939
PF3D7_0100200.1	996	997	62.4352	2.12493
PF3D7_0100300.1	3984	3985	74.8319	0.637189
PF3D7_0100400.1	1119	1120	71.4214	2.16382
PF3D7_0100500.1	112	113	120.407	36.1564
PF3D7_0100600.1	1080	1081	3.26845	0.102595
PF3D7_0100700.1	204	205	5.169	0.855584
PF3D7_0100800.1	1035	1036	14	0.458541
PF3D7_0100900.1	1053	1054	31	0.998002
PF3D7_0101000.1	1077	1078	1.02826	0.0323665
PF3D7_0101100.1	930	931	6920.5	252.231
PF3D7_0101200.1	693	694	0	0
PF3D7_0101300.1	1232	1233	218.649	6.0172
PF3D7_0101400.1	828	829	0	0
PF3D7_0101500.1	1647	1648	61.7702	1.27184
PF3D7_0101600.1	1110	1111	48.9757	1.49581
PF3D7_0101700.1	1359	1360	71.2802	1.77844
PF3D7_0101800.1	870	871	7.73404	0.301299
PF3D7_0101900.1	1032	1033	3	0.0985442
PF3D7_0102000.1	759	760	5	0.223237
PF3D7_0102100.1	846	847	10757.5	430.963
PF3D7_0102200.1	5820	5821	659185	3842.55
PF3D7_0102300.1	1583	1584	727.081	15.5753
PF3D7_0102400.1	1152	1153	270	7.94593
PF3D7_0102500.1	8166	8167	61861.4	257.02
PF3D7_0102600.1	3407	3408	24448.1	243.42
PF3D7_0102700.1	1683	1684	1802.82	36.3263
PF3D7_0102800.1	2539	2540	210.908	2.81754
PF3D7_0102900.1	2986	2987	2997.68	34.0533
PF3D7_0103000.1	1766	1767	2899	55.6701
PF3D7_0103100.1	6217	6218	6267.33	34.2012
PF3D7_0103200.1	2303	2304	14724.6	216.856
PF3D7_0103300.1	3571	3572	6115.19	58.0909
PF3D7_0103400.1	5765	5766	117868	693.638
PF3D7_0103500.1	6183	6184	2633	14.4475
PF3D7_0103600.1	5107	5108	4209.66	27.9645
PF3D7_0103700.1	1624	1625	2528	52.7878
PF3D7_0103800.1	1623	1624	1662.57	34.7379
PF3D7_0103900.1	2586	2587	1240.92	16.2764
PF3D7_0104000.1	492	493	1773	122.031
PF3D7_0104100.1	4311	4312	3875.08	30.4938
PF3D7_0104200.1	2616	2617	36110.9	468.215
PF3D7_0104300.1	12443	12444	104154	284.006
PF3D7_0104400.1	2897	2898	3378.31	39.5559
PF3D7_0104500.1	1245	1246	15295	416.525
PF3D7_0104600.1	4462	4463	4806	36.5399
PF3D7_0104700.1	2136	2137	1054	16.7358
PF3D7_0104800.1	2474	2475	1390.02	19.057
PF3D7_0104900.1	308	309	37	4.06306
PF3D7_0105000.1	330	331	1080	110.715
PF3D7_0105100.1	1202	1203	915.287	25.8168
PF3D7_0105200.1	2416	2417	5136	72.1039
PF3D7_0105300.1	1199	1200	3192.5	90.2733
PF3D7_0105400.1	1202	1203	19170.9	540.739
PF3D7_0105400.2	402	403	503.321	42.3789
PF3D7_0105500.1	1035	1036	1433	46.935
PF3D7_0105600.1	4083	4084	12330.6	102.45
PF3D7_0105700.1	10811	10812	17623	55.3076
PF3D7_0105800.1	4343	4344	5245.91	40.9771
PF3D7_0105900.1	2683	2684	14469	182.922
PF3D7_0106000.1	3512	3513	6591.55	63.6677
PF3D7_0106100.1	1904	1905	2994.94	53.3463
PF3D7_0106200.1	1338	1339	8246	208.965
PF3D7_0106300.1	5469	5470	16283.9	101.014
PF3D7_0106400.1	926	927	13403	490.605
PF3D7_0106500.1	4654	4655	3247.78	23.6743
PF3D7_0106600.1	900	901	637.187	23.9967
PF3D7_0106700.1	5281	5282	12031.7	77.2924
PF3D7_0106800.1	1104	1105	3046	93.5358
PF3D7_0106900.1	2954	2955	5132.48	58.9359
PF3D7_0107000.1	1058	1059	4390	140.663
PF3D7_0107100.1	1783	1784	2442	46.4474
PF3D7_0107200.1	1303	1304	1436	37.3669
PF3D7_0107300.1	1581	1582	473	10.1453
PF3D7_0107400.1	1728	1729	2544.56	49.9377
PF3D7_0107500.1	8009	8010	114003	482.942
PF3D7_0107600.1	5702	5703	1505.61	8.95816
PF3D7_0107700.1	1341	1342	6793.7	171.777
PF3D7_0107800.1	4424	4425	2689.24	20.6218
PF3D7_0107900.1	1043	1044	788.332	25.6223
PF3D7_0108000.1	1354	1355	2877.82	72.0666
PF3D7_0108100.1	2238	2239	5435.18	82.3702
PF3D7_0108300.1	9996	9997	26932.9	91.4162
PF3D7_0108400.1	1800	1801	8742.16	164.708
PF3D7_0108400.2	525	526	1248.48	80.5392
PF3D7_0108500.1	3323	3324	41875.6	427.475
PF3D7_0108600.1	2145	2146	66509.3	1051.63
PF3D7_0108700.1	4759	4760	8585.05	61.1993
PF3D7_0108800.1	2103	2104	9488.15	153.019
PF3D7_0108900.1	600	601	12154.5	686.232
PF3D7_0109000.1	2138	2139	34415.4	545.95
PF3D7_0109100.1	3975	3976	4961.81	42.3452
PF3D7_0109200.1	1657	1658	671.571	13.7441
PF3D7_0109300.1	1689	1690	3329.08	66.8418
PF3D7_0109400.1	1672	1673	15287	310.053
PF3D7_0109500.1	1298	1299	880.21	22.9926
PF3D7_0109600.1	532	533	1517.36	96.5985
PF3D7_0109700.1	1328	1329	3067.34	78.3154
PF3D7_0109800.1	2315	2316	7585	111.129
PF3D7_0109850.1	1983	1984	9250	158.201
PF3D7_0109950.1	750	751	1913.02	86.4348
PF3D7_0110000.1	1368	1369	4620.36	114.52
PF3D7_0110100.1	3299	3300	6672.56	68.6102
PF3D7_0110200.1	1298	1299	7060.27	184.426
PF3D7_0110300.1	275	276	0	0
PF3D7_0110400.1	1317	1318	4009.59	103.227
PF3D7_0110500.1	7101	7102	6987.9	33.3869
PF3D7_0110600.1	6149	6150	23823.4	131.444
PF3D7_0110700.1	3926	3927	3595.63	31.0688
PF3D7_0110800.1	2382	2383	1604.22	22.8428
PF3D7_0110900.1	1216	1217	7822.81	218.113
PF3D7_0111000.1	7049	7050	4855.48	23.3697
PF3D7_0111200.1	618	619	1734	95.0536
PF3D7_0111300.1	5291	5292	3447.63	22.106
PF3D7_0111400.1	3190	3191	3872.49	41.1788
PF3D7_0111500.1	2150	2151	3466.41	54.6826
PF3D7_0111600.1	1094	1095	660.001	20.4522
PF3D7_0111700.1	1207	1208	148.075	4.15935
PF3D7_0111800.1	4284	4285	1296.27	10.2649
PF3D7_0111900.1	323	324	550	57.6007
PF3D7_0112000.1	1421	1422	4207	100.388
PF3D7_0112100.1	492	493	649	44.6692
PF3D7_0112200.1	8128	8129	23936.8	99.9169
PF3D7_0112300.1	2149	2150	647.829	10.2243
PF3D7_0112500.1	142	143	0	0
PF3D7_0112700.1	4104	4105	30614.4	253.06
PF3D7_0112800.1	1790	1791	463.409	8.77969
PF3D7_0112900.1	4119	4120	1874.92	15.4417
PF3D7_0113000.1	3449	3450	23359.6	229.751
PF3D7_0113100.1	5242	5243	2017.64	13.0579
PF3D7_0113200.1	2777	2778	2676.96	32.6979
PF3D7_0113300.1	2939	2940	3123.5	36.05
PF3D7_0113400.1	1981	1982	2523.14	43.1965
PF3D7_0113600.1	5682	5683	5166.61	30.8488
PF3D7_0113700.1	2777	2778	20565.4	251.197
PF3D7_0113800.1	9491	9492	12709.1	45.4326
PF3D7_0113900.1	1189	1190	1733	49.4153
PF3D7_0114000.1	5628	5629	51521.7	310.577
PF3D7_0114100.1	1331	1332	81.661	2.08027
PF3D7_0114200.1	1044	1045	159.406	5.17604
PF3D7_0114300.1	960	961	90	3.17782
PF3D7_0114400.1	1380	1381	41.0021	1.00745
PF3D7_0114500.1	1072	1073	176.651	5.58632
PF3D7_0114600.1	939	940	40.6061	1.4658
PF3D7_0114700.1	972	973	1	0.0348736
PF3D7_0114750.1	177	178	1	0.19063
PF3D7_0114800.1	633	634	16	0.856329
PF3D7_0114900.1	636	637	102.34	5.45151
PF3D7_0115000.1	5778	5779	1812.27	10.641
PF3D7_0115050.1	146	147	22.9267	5.29217
PF3D7_0115100.1	882	883	2684.32	103.154
PF3D7_0115150.1	606	607	63	3.52178
PF3D7_0115200.1	1107	1108	2.63537	0.0807071
PF3D7_0115300.1	1011	1012	5.63519	0.188946
PF3D7_0115400.1	906	907	0	0
PF3D7_0115500.1	1299	1300	0	0
PF3D7_0115600.1	1140	1141	51.2727	1.52479
PF3D7_0115700.1	6612	6613	343.108	1.76053
PF3D7_0200100.1	5136	5137	240.118	1.58608
PF3D7_0200200.1	1005	1006	0	0
PF3D7_0200300.1	1323	1324	115.923	2.97091
PF3D7_0200400.1	915	916	0	0
PF3D7_0200500.1	1113	1114	43.9631	1.3391
PF3D7_0200600.1	1128	1129	13	0.390715
PF3D7_0200700.1	993	994	9.16538	0.312877
PF3D7_0200800.1	1212	1213	10.7159	0.299763
PF3D7_0200900.1	894	895	41.5698	1.57603
PF3D7_0201000.1	939	940	45.5277	1.64345
PF3D7_0201100.1	213	214	0	0
PF3D7_0201200.1	1071	1072	43.0233	1.36182
PF3D7_0201300.1	918	919	40.7443	1.50439
PF3D7_0201400.1	471	472	173	12.437
PF3D7_0201500.1	4369	4370	20906.1	162.331
PF3D7_0201600.1	2624	2625	5056.79	65.3665
PF3D7_0201700.1	3915	3916	18130.7	157.102
PF3D7_0201800.1	2366	2367	31974	458.362
PF3D7_0201900.1	9758	9759	15675.4	54.5034
PF3D7_0202000.1	4079	4080	270924	2253.19
PF3D7_0202100.1	3334	3335	31129.5	316.728
PF3D7_0202200.1	2984	2985	3040.02	34.5575
PF3D7_0202300.1	1216	1217	472.027	13.1609
PF3D7_0202400.1	6256	6257	18846.5	102.206
PF3D7_0202500.1	1887	1888	290078	5213.43
PF3D7_0202600.1	4798	4799	1641.4	11.6057
PF3D7_0202600.2	4023	4024	3319.65	27.9927
PF3D7_0202700.1	2837	2838	863.466	10.3239
PF3D7_0202800.1	3628	3629	2919.61	27.2991
PF3D7_0202900.1	1244	1245	611.511	16.6665
PF3D7_0203000.1	7247	7248	16067.5	75.2212
PF3D7_0203100.1	8383	8384	25208.4	102.024
PF3D7_0203200.1	1955	1956	1666.5	28.9099
PF3D7_0203300.1	1058	1059	5242.49	167.978
PF3D7_0203400.1	1814	1815	8448.08	157.94
PF3D7_0203500.1	72	73	113	52.525
PF3D7_0203600.1	2648	2649	1770.24	22.6756
PF3D7_0203700.1	2053	2054	6846.27	113.1
PF3D7_0203800.1	2199	2200	1313.55	20.2597
PF3D7_0203900.1	2368	2369	1248.31	17.8801
PF3D7_0204000.1	2809	2810	5664.8	68.4051
PF3D7_0204100.1	8129	8130	25672.1	107.147
PF3D7_0204200.1	943	944	131921	4741.9
PF3D7_0204300.1	2880	2881	1271.47	14.9752
PF3D7_0204400.1	390	391	5	0.433914
PF3D7_0204500.1	1261	1262	16753	450.447
PF3D7_0204600.1	4566	4567	3581.08	26.6068
PF3D7_0204700.1	2642	2643	79046.8	1014.84
PF3D7_0204800.1	1881	1882	2270.48	40.9363
PF3D7_0204900.1	1354	1355	5053.68	126.555
PF3D7_0205000.1	2043	2044	1769.52	29.3755
PF3D7_0205100.1	2613	2614	3074.05	39.9039
PF3D7_0205200.1	591	592	565	32.3845
PF3D7_0205300.1	1851	1852	502.108	9.19955
PF3D7_0205400.1	2395	2396	6618.6	93.7324
PF3D7_0205500.1	942	943	72.3512	2.60342
PF3D7_0205600.1	2828	2829	2324.13	27.8764
PF3D7_0205700.1	987	988	46222.8	1587.48
PF3D7_0205700.2	669	670	1752.13	88.7361
PF3D7_0205800.1	892	893	6086	231.255
PF3D7_0205900.1	3985	3986	35106	298.851
PF3D7_0206000.1	5459	5460	6980.32	43.3803
PF3D7_0206100.1	3277	3278	7280.53	75.3641
PF3D7_0206200.1	2642	2643	12932.7	166.036
PF3D7_0206300.1	9201	9202	31958	117.844
PF3D7_0206500.1	5277	5278	5980.21	38.4465
PF3D7_0206600.1	2239	2240	6951.38	105.301
PF3D7_0206700.1	3338	3339	1774.97	18.0378
PF3D7_0206800.1	3342	3343	42985.2	436.308
PF3D7_0206900.1	1631	1632	121619	2528.67
PF3D7_0206900.2	1515	1516	2296.96	51.4119
PF3D7_0207000.1	2390	2391	32644.7	463.28
PF3D7_0207100.1	6221	6222	44214.7	241.128
PF3D7_0207200.1	1519	1520	8692.6	194.051
PF3D7_0207300.1	2040	2041	301	5.00419
PF3D7_0207400.1	3582	3583	12496.2	118.343
PF3D7_0207500.1	3869	3870	89433.4	784.149
PF3D7_0207600.1	3527	3528	193674	1862.74
PF3D7_0207700.1	3301	3302	9829.6	101.011
PF3D7_0207800.1	3455	3456	18066.2	177.38
PF3D7_0207900.1	3734	3735	2241.27	20.3617
PF3D7_0208000.1	3661	3662	27816.6	257.748
PF3D7_0208100.1	6090	6091	19348.2	107.786
PF3D7_0208200.1	1580	1581	3952	84.8194
PF3D7_0208300.1	5914	5915	3624.57	20.7928
PF3D7_0208400.1	9059	9060	13164.6	49.3049
PF3D7_0208500.1	2015	2016	5357.21	90.1692
PF3D7_0208600.1	2108	2109	7701.26	123.907
PF3D7_0208700.1	995	996	13074.2	445.415
PF3D7_0208800.1	2003	2004	7852.29	132.956
PF3D7_0208900.1	7527	7528	1364	6.14816
PF3D7_0209000.1	10806	10807	3830.67	12.0276
PF3D7_0209100.1	3035	3036	2491.49	27.8463
PF3D7_0209200.1	1469	1470	1586	36.6097
PF3D7_0209300.1	1151	1152	3048.03	89.7794
PF3D7_0209400.1	2057	2058	1321.04	21.7812
PF3D7_0209500.1	1650	1651	3769.79	77.4782
PF3D7_0209600.1	4208	4209	4190.43	33.7823
PF3D7_0209700.1	2678	2679	6626.05	83.9251
PF3D7_0209800.1	2911	2912	5722.73	66.684
PF3D7_0209900.1	539	540	607.189	38.154
PF3D7_0210000.1	1217	1218	2338.43	65.146
PF3D7_0210100.1	1251	1252	8516.95	230.829
PF3D7_0210100.2	108	109	2.05245	0.638933
PF3D7_0210200.1	8821	8822	11689.6	44.9617
PF3D7_0210300.1	2325	2326	435.207	6.34887
PF3D7_0210400.1	1061	1062	1015.06	32.4324
PF3D7_0210500.1	4451	4452	17439	132.916
PF3D7_0210600.1	1811	1812	383217	7176.23
PF3D7_0210700.1	1189	1190	2793.09	79.6432
PF3D7_0210800.1	2367	2368	1536.49	22.017
PF3D7_0210900.1	2190	2191	1572.19	24.3486
PF3D7_0211000.1	785	786	262	11.3107
PF3D7_0211100.1	3842	3843	1991.16	17.5811
PF3D7_0211200.1	1636	1637	921.277	19.0964
PF3D7_0211300.1	1133	1134	1178	35.2486
PF3D7_0211400.1	1378	1379	948.005	23.3269
PF3D7_0211500.1	4206	4207	7595.45	61.262
PF3D7_0211600.1	837	838	5884.74	238.283
PF3D7_0211700.1	4760	4761	5842.21	41.6379
PF3D7_0211800.1	2510	2511	8989.38	121.477
PF3D7_0211900.1	2321	2322	16180.1	236.445
PF3D7_0212000.1	1775	1776	18740.6	358.055
PF3D7_0212100.1	6381	6382	19471.3	103.525
PF3D7_0212200.1	1907	1908	320.072	5.6922
PF3D7_0212300.1	3059	3060	8204.09	90.9744
PF3D7_0212400.1	13149	13150	11836.8	30.5435
PF3D7_0212500.1	12856	12857	23275.7	61.429
PF3D7_0212600.1	1751	1752	92914.8	1799.54
PF3D7_0212700.1	1598	1599	1076.78	22.8502
PF3D7_0212800.1	5537	5538	4754.22	29.1298
PF3D7_0212900.1	2657	2658	2216.78	28.2995
PF3D7_0213000.1	2287	2288	1949.31	28.9091
PF3D7_0213100.1	2165	2166	21704.6	340.02
PF3D7_0213200.1	1077	1078	4235.6	133.324
PF3D7_0213300.1	798	799	101.764	4.32171
PF3D7_0213400.1	2440	2441	1746.03	24.2713
PF3D7_0213500.1	1807	1808	2355.65	44.2101
PF3D7_0213600.1	7257	7258	4474	20.9165
PF3D7_0213700.1	1293	1294	221.46	5.80727
PF3D7_0213800.1	2010	2011	523	8.8247
PF3D7_0213900.1	4524	4525	1938.79	14.5386
PF3D7_0214000.1	2705	2706	31147.2	390.572
PF3D7_0214100.1	5277	5278	9215.26	59.2446
PF3D7_0214200.1	1363	1364	110.001	2.73648
PF3D7_0214300.1	9270	9271	6076.14	22.2388
PF3D7_0214400.1	2497	2498	2974.19	40.4004
PF3D7_0214500.1	1643	1644	2034.08	41.9832
PF3D7_0214600.1	6526	6527	59169.3	307.605
PF3D7_0214700.1	1338	1339	15162.8	384.246
PF3D7_0214800.1	6448	6449	22122.9	116.402
PF3D7_0214900.1	4488	4489	15227	115.1
PF3D7_0215000.1	5880	5881	9954.78	57.4369
PF3D7_0215100.1	2039	2040	1447.71	24.0802
PF3D7_0215200.1	2629	2630	1915.77	24.7171
PF3D7_0215300.1	4591	4592	18159.9	134.191
PF3D7_0215400.1	4979	4980	14525.7	98.9735
PF3D7_0215500.1	3565	3566	2481.63	23.6138
PF3D7_0215600.1	2096	2097	4595.03	74.3533
PF3D7_0215700.1	4959	4960	6738.04	46.0958
PF3D7_0215800.1	3222	3223	3959.56	41.6867
PF3D7_0215900.1	783	784	418	18.0913
PF3D7_0216000.1	6965	6966	4690.13	22.8461
PF3D7_0216100.1	3728	3729	1538.88	14.003
PF3D7_0216200.1	1141	1142	4834.18	143.637
PF3D7_0216300.1	4886	4887	2084.91	14.4762
PF3D7_0216400.1	2643	2644	4700	60.318
PF3D7_0216500.1	6691	6692	18967.9	96.1775
PF3D7_0216600.1	3908	3909	2770.93	24.053
PF3D7_0216700.1	5126	5127	20797.9	137.647
PF3D7_0216700.2	4134	4135	18666.1	153.175
PF3D7_0216800.1	3717	3718	5790.99	52.851
PF3D7_0216900.1	1650	1651	534	10.975
PF3D7_0217000.1	3236	3237	1524	15.9754
PF3D7_0217100.1	2463	2464	41060.7	565.452
PF3D7_0217200.1	6134	6135	694.576	3.84163
PF3D7_0217300.1	615	616	279.266	15.3832
PF3D7_0217400.1	1808	1809	3154.74	59.1746
PF3D7_0217500.1	3702	3703	77346.9	708.76
PF3D7_0217600.1	6404	6405	7919.55	41.9557
PF3D7_0217700.1	1643	1644	905	18.6791
PF3D7_0217800.1	1005	1006	32624.9	1100.43
PF3D7_0217900.1	3160	3161	13620.8	146.213
PF3D7_0218000.1	1704	1705	9959.36	198.206
PF3D7_0218100.1	1514	1515	28235	632.39
PF3D7_0218200.1	4072	4073	1328.71	11.0695
PF3D7_0218300.1	1549	1550	12132.1	265.592
PF3D7_0218400.1	2024	2025	27812	466.034
PF3D7_0218500.1	2328	2329	3405.06	49.6096
PF3D7_0218600.1	8372	8373	7668.3	31.0762
PF3D7_0218700.1	2425	2426	4838.33	67.673
PF3D7_0218800.1	626	627	4301.49	232.789
PF3D7_0218900.1	160	161	6	1.26455
PF3D7_0219000.1	82	83	439	179.472
PF3D7_0219100.1	1933	1934	2372.07	41.6181
PF3D7_0219200.1	1224	1225	1365.49	37.8235
PF3D7_0219300.1	1021	1022	411.387	13.6587
PF3D7_0219400.1	1476	1477	3141.93	72.1815
PF3D7_0219500.1	1840	1841	6871.31	126.647
PF3D7_0219600.1	3629	3630	3662.89	34.2395
PF3D7_0219700.1	1429	1430	44833	1063.83
PF3D7_0219800.1	4046	4047	3715.04	31.1487
PF3D7_0219900.1	1818	1819	2036.83	37.9955
PF3D7_0220000.1	6846	6847	137960	683.697
PF3D7_0220100.1	4200	4201	9026.73	72.9101
PF3D7_0220200.1	3378	3379	11081.9	111.285
PF3D7_0220300.1	2773	2774	3214.62	39.3218
PF3D7_0220400.1	2010	2011	1938	32.7003
PF3D7_0220500.1	2072	2073	2583.46	42.2876
PF3D7_0220600.1	2774	2775	7274.37	88.9493
PF3D7_0220700.1	1783	1784	30736.8	584.621
PF3D7_0220800.1	5124	5125	60214.1	398.671
PF3D7_0220900.1	609	610	39	2.16943
PF3D7_0221000.1	909	910	46	1.71525
PF3D7_0221100.1	783	784	93	4.0251
PF3D7_0221200.1	2557	2558	254	3.36933
PF3D7_0221300.1	1104	1105	58	1.78105
PF3D7_0221400.1	924	925	9.07074	0.332745
PF3D7_0221500.1	678	679	46	2.29878
PF3D7_0221600.1	621	622	0	0
PF3D7_0221650.1	663	664	39	1.993
PF3D7_0221700.1	2760	2761	981.414	12.0614
PF3D7_0221800.1	1961	1962	1083.25	18.7344
PF3D7_0221900.1	1257	1258	0	0
PF3D7_0222000.1	849	850	10.4286	0.41631
PF3D7_0222100.1	1236	1237	251.08	6.88734
PF3D7_0222200.1	693	694	0	0
PF3D7_0222300.1	861	862	0	0
PF3D7_0222400.1	1080	1081	0	0
PF3D7_0222500.1	951	952	5.07046	0.180726
PF3D7_0222600.1	1107	1108	0	0
PF3D7_0222700.1	1047	1048	0	0
PF3D7_0222800.1	915	916	1.00558	0.0372503
PF3D7_0222900.1	1356	1357	0	0
PF3D7_0223100.1	993	994	0	0
PF3D7_0223200.1	1038	1039	27.3976	0.894762
PF3D7_0223300.1	1296	1297	102.417	2.67942
PF3D7_0223400.1	984	985	27.3843	0.943357
PF3D7_0223500.1	6534	6535	889.619	4.61922
PF3D7_0300100.1	6630	6631	2289.12	11.7139
PF3D7_0300200.1	981	982	48.6849	1.68226
PF3D7_0300300.1	1377	1378	0	0
PF3D7_0300400.1	891	892	0	0
PF3D7_0300500.1	1080	1081	50.5834	1.58779
PF3D7_0300600.1	213	214	6.24644	0.990442
PF3D7_0300700.1	1107	1108	88.6095	2.71363
PF3D7_0300800.1	966	967	34.2237	1.20091
PF3D7_0300900.1	788	789	132	5.67685
PF3D7_0301000.1	2460	2461	97.4877	1.34415
PF3D7_0301100.1	771	772	101	4.4393
PF3D7_0301200.1	2764	2765	3519.44	43.1905
PF3D7_0301300.1	2161	2162	2254	35.376
PF3D7_0301400.1	1295	1296	7488	196.052
PF3D7_0301500.1	3315	3316	1032.9	10.5695
PF3D7_0301600.1	2939	2940	10713.6	123.651
PF3D7_0301700.1	3514	3515	20288.9	195.859
PF3D7_0301800.1	2448	2449	8662.05	120.017
PF3D7_0301900.1	2068	2069	1479.77	24.2686
PF3D7_0302000.1	2571	2572	897	11.834
PF3D7_0302100.1	6706	6707	9700.62	49.0774
PF3D7_0302200.1	4800	4801	210581	1488.32
PF3D7_0302300.1	4173	4174	909	7.38961
PF3D7_0302400.1	1171	1172	828	23.9725
PF3D7_0302500.1	5711	5712	956115	5679.79
PF3D7_0302600.1	4821	4822	5769.95	40.6027
PF3D7_0302700.1	993	994	1418.72	48.4307
PF3D7_0302800.1	2625	2626	454.762	5.87623
PF3D7_0302900.1	6002	6003	5349.74	30.2395
PF3D7_0303000.1	2426	2427	2679	37.4553
PF3D7_0303100.1	6601	6602	9754.98	50.1373
PF3D7_0303200.1	4918	4919	82413.5	568.501
PF3D7_0303300.1	2101	2102	3627.89	58.5641
PF3D7_0303400.1	3451	3452	2565	25.2131
PF3D7_0303500.1	7158	7159	6050.17	28.6765
PF3D7_0303600.1	1135	1136	242.918	7.25591
PF3D7_0303700.1	1905	1906	4466.81	79.5215
PF3D7_0303800.1	2994	2995	1966.47	22.2792
PF3D7_0303900.1	757	758	290.138	12.9881
PF3D7_0304000.1	2586	2587	1978	25.9442
PF3D7_0304100.1	3078	3079	8533.53	94.0435
PF3D7_0304200.1	2349	2350	131867	1904.05
PF3D7_0304300.1	5052	5053	2137.15	14.3515
PF3D7_0304400.1	1700	1701	12336.9	246.1
PF3D7_0304500.1	1326	1327	4760.97	121.74
PF3D7_0304600.1	2034	2035	2800.43	46.695
PF3D7_0304700.1	1419	1420	967	23.1072
PF3D7_0304800.1	4734	4735	8528.53	61.1173
PF3D7_0304900.1	1299	1300	3189.65	83.2549
PF3D7_0305000.1	1737	1738	15051	293.85
PF3D7_0305100.1	11937	11938	7857.86	22.3348
PF3D7_0305200.1	4991	4992	8979.66	61.0373
PF3D7_0305300.1	4039	4040	13525.7	113.603
PF3D7_0305400.1	1098	1099	1775.33	54.8139
PF3D7_0305500.1	12811	12812	24805.1	65.6954
PF3D7_0305600.1	3382	3383	7166.41	71.8803
PF3D7_0305700.1	1374	1375	10697.7	263.997
PF3D7_0305800.1	3345	3346	2457	24.9166
PF3D7_0305900.1	864	865	718.149	28.1714
PF3D7_0306000.1	1105	1106	199.13	6.10929
PF3D7_0306100.1	3154	3155	1853.36	19.9329
PF3D7_0306200.1	2534	2535	2699.7	36.1366
PF3D7_0306300.1	2556	2557	4528.71	60.0971
PF3D7_0306400.1	3391	3392	1943.63	19.4432
PF3D7_0306500.1	1735	1736	310.553	6.0701
PF3D7_0306600.1	923	924	309.188	11.3543
PF3D7_0306700.1	1854	1855	2644.44	48.3726
PF3D7_0306800.1	2423	2424	73626.1	1030.65
PF3D7_0306900.1	2195	2196	31271.7	483.202
PF3D7_0307000.1	160	161	10	2.10758
PF3D7_0307100.1	1166	1167	4588.88	133.428
PF3D7_0307200.1	1635	1636	39342.2	815.991
PF3D7_0307300.1	1533	1534	1883	41.6519
PF3D7_0307400.1	1588	1589	22787.8	486.619
PF3D7_0307500.1	2075	2076	1850.12	30.24
PF3D7_0307600.1	2775	2776	6578.73	80.4142
PF3D7_0307700.1	6642	6643	20741.1	105.944
PF3D7_0307800.1	3717	3718	5068.33	46.2558
PF3D7_0307900.1	12097	12098	6137.6	17.2145
PF3D7_0308000.1	2516	2517	5692.28	76.7385
PF3D7_0308100.1	6070	6071	12288.4	68.6822
PF3D7_0308200.1	3236	3237	12585.6	131.929
PF3D7_0308300.1	1772	1773	5493.69	105.139
PF3D7_0308400.1	119	120	1885	533.016
PF3D7_0308500.1	1440	1441	14728.7	346.826
PF3D7_0308600.1	2979	2980	17524.1	199.54
PF3D7_0308700.1	2232	2233	62518	950.006
PF3D7_0308800.1	938	939	248.507	8.98016
PF3D7_0308900.1	4826	4827	6348.07	44.6246
PF3D7_0309000.1	2659	2660	1026.18	13.0904
PF3D7_0309100.1	844	845	1058.17	42.492
PF3D7_0309200.1	6962	6963	27342.2	133.244
PF3D7_0309300.1	3836	3837	1132.63	10.0162
PF3D7_0309400.1	119	120	7	1.97937
PF3D7_0309500.1	3297	3298	9377.49	96.4819
PF3D7_0309600.1	1767	1768	55562.2	1066.37
PF3D7_0309700.1	1827	1828	3819	70.8898
PF3D7_0309800.1	1699	1700	2485.67	49.614
PF3D7_0309900.1	5352	5353	12446	78.8938
PF3D7_0310000.1	1236	1237	5852.43	160.538
PF3D7_0310100.1	1689	1690	2689	53.9901
PF3D7_0310200.1	14855	14856	41354.5	94.4564
PF3D7_0310300.1	5411	5412	5026.74	31.5166
PF3D7_0310400.1	4085	4086	38064.9	316.108
PF3D7_0310500.1	7935	7936	6466.62	27.6494
PF3D7_0310600.1	1540	1541	1054	23.2086
PF3D7_0310700.1	1014	1015	2784.35	93.0823
PF3D7_0310800.1	535	536	178.606	11.3069
PF3D7_0310900.1	2813	2814	426.09	5.13792
PF3D7_0311000.1	618	619	183	10.0316
PF3D7_0311100.1	2704	2705	7424.99	93.1405
PF3D7_0311200.1	5341	5342	14889.9	94.5796
PF3D7_0311300.1	5901	5902	10737.6	61.7333
PF3D7_0311400.1	8499	8500	6221.7	24.8371
PF3D7_0311500.1	1482	1483	174.888	4.00155
PF3D7_0311600.1	2918	2919	3623.8	42.125
PF3D7_0311700.1	1386	1387	4047	99.0072
PF3D7_0311800.1	2404	2405	10927.1	154.17
PF3D7_0311900.1	2562	2563	404.821	5.3595
PF3D7_0312000.1	676	677	597.43	29.9439
PF3D7_0312100.1	3811	3812	5222.17	46.4845
PF3D7_0312200.1	4076	4077	2593.6	21.586
PF3D7_0312300.1	1175	1176	9025	260.405
PF3D7_0312400.1	4102	4103	11830.2	97.8362
PF3D7_0312500.1	2710	2711	597.616	7.48002
PF3D7_0312600.1	77	78	223	97.0109
PF3D7_0312700.1	76	77	91	40.1015
PF3D7_0312800.1	1256	1257	129102	3485.04
PF3D7_0312900.1	927	928	1888	69.0342
PF3D7_0313000.1	1330	1331	4191.77	106.864
PF3D7_0313100.1	3298	3299	9717.55	99.9504
PF3D7_0313200.1	933	934	308.512	11.2082
PF3D7_0313300.1	597	598	392	22.2431
PF3D7_0313400.1	2912	2913	7207.67	83.9585
PF3D7_0313500.1	3279	3280	2403.57	24.8653
PF3D7_0313600.1	2587	2588	2164.27	28.3764
PF3D7_0313700.1	1701	1702	13477.6	268.698
PF3D7_0313800.1	3322	3323	18825.9	192.236
PF3D7_0313900.1	3291	3292	1741.14	17.9467
PF3D7_0314000.1	1307	1308	3997.55	103.704
PF3D7_0314100.1	1516	1517	1211.68	27.1027
PF3D7_0314100.2	213	214	362.897	57.5413
PF3D7_0314200.1	4720	4721	1457.21	10.4737
PF3D7_0314300.1	1844	1845	1724.7	31.7196
PF3D7_0314400.1	2581	2582	354.784	4.66249
PF3D7_0314500.1	3654	3655	1955.19	18.1515
PF3D7_0314600.1	2245	2246	1384.85	20.9221
PF3D7_0314700.1	5805	5806	1077.87	6.2994
PF3D7_0314800.1	3726	3727	6873.19	62.5761
PF3D7_0314900.1	2401	2402	3621.12	51.154
PF3D7_0315000.1	1003	1004	3498.11	118.225
PF3D7_0315100.1	1827	1828	1246.27	23.1338
PF3D7_0315200.1	6345	6346	19874	106.266
PF3D7_0315300.1	5304	5305	7732.41	49.4583
PF3D7_0315400.1	1480	1481	1743.79	39.9531
PF3D7_0315500.1	1551	1552	1144.84	25.0301
PF3D7_0315600.1	2594	2595	1458.04	19.0653
PF3D7_0315700.1	2811	2812	2386	28.7916
PF3D7_0315800.1	1769	1770	210.185	4.02939
PF3D7_0315900.1	834	835	803	32.6317
PF3D7_0316000.1	2260	2261	13458.8	201.984
PF3D7_0316100.1	2311	2312	5127.6	75.2552
PF3D7_0316200.1	7547	7548	9030.49	40.5966
PF3D7_0316300.1	1480	1481	1095.3	25.0951
PF3D7_0316300.2	1296	1297	108991	2851.43
PF3D7_0316400.1	3610	3611	4032.08	37.8889
PF3D7_0316500.1	3397	3398	1605.37	16.031
PF3D7_0316600.1	3365	3366	6705.87	67.6007
PF3D7_0316700.1	2282	2283	2557.93	38.0184
PF3D7_0316800.1	1916	1917	48706	862.125
PF3D7_0316900.1	2808	2809	6693.32	80.8537
PF3D7_0317000.1	2065	2066	677.602	11.129
PF3D7_0317100.1	2910	2911	517	6.02641
PF3D7_0317200.1	7170	7171	33647.3	159.214
PF3D7_0317300.1	11642	11643	28449	82.9111
PF3D7_0317400.1	1880	1881	7442.27	134.254
PF3D7_0317500.1	5699	5700	5163.97	30.7411
PF3D7_0317600.1	1302	1303	5119.44	133.318
PF3D7_0317700.1	9410	9411	7531.94	27.157
PF3D7_0317800.1	1596	1597	3024.51	64.2629
PF3D7_0317900.1	2626	2627	2412.56	31.1622
PF3D7_0318000.1	609	610	923	51.3431
PF3D7_0318100.1	1322	1323	6167.95	158.194
PF3D7_0318200.1	9211	9212	15497.5	57.0846
PF3D7_0318300.1	4042	4043	6353.57	53.3242
PF3D7_0318400.1	1776	1777	955	18.2359
PF3D7_0318500.1	15982	15983	24380.8	51.7606
PF3D7_0318600.1	4425	4426	7699.53	59.0287
PF3D7_0318700.1	1067	1068	36753.9	1167.73
PF3D7_0318800.1	1631	1632	508.014	10.5625
PF3D7_0318900.1	2466	2467	3512.07	48.3063
PF3D7_0319000.1	7351	7352	11730.4	54.14
PF3D7_0319100.1	1886	1887	2431.65	43.726
PF3D7_0319200.1	3220	3221	3901.7	41.1029
PF3D7_0319300.1	1260	1261	415.323	11.1759
PF3D7_0319400.1	5811	5812	6199.16	36.1924
PF3D7_0319500.1	1962	1963	13863	239.634
PF3D7_0319600.1	1643	1644	5278.47	108.947
PF3D7_0319700.1	10359	10360	15853.2	51.9238
PF3D7_0319800.1	1434	1435	1027.39	24.2936
PF3D7_0319900.1	1758	1759	2227.65	42.9726
PF3D7_0320000.1	839	840	17819	719.804
PF3D7_0320100.1	1711	1712	2310	45.7845
PF3D7_0320200.1	1982	1983	1063.15	18.192
PF3D7_0320300.1	3262	3263	979.077	10.1815
PF3D7_0320400.1	9258	9259	2386	8.74414
PF3D7_0320500.1	2556	2557	8135.58	107.961
PF3D7_0320600.1	1256	1257	1511.68	40.8069
PF3D7_0320700.1	1243	1244	55623.1	1517.21
PF3D7_0320800.1	2615	2616	5109	66.2687
PF3D7_0320900.1	1767	1768	11837.9	227.196
PF3D7_0321000.1	2083	2084	7636.43	124.338
PF3D7_0321100.1	6515	6516	19810.7	103.164
PF3D7_0321200.1	1973	1974	6772.33	116.413
PF3D7_0321300.1	3470	3471	1410.63	13.7902
PF3D7_0321400.1	1680	1681	11009.8	222.241
PF3D7_0321500.1	4148	4149	3695.54	30.2235
PF3D7_0321600.1	2947	2948	5160.89	59.4028
PF3D7_0321700.1	7038	7039	7860.47	37.892
PF3D7_0321800.1	9419	9420	21035.6	75.7728
PF3D7_0321900.1	5726	5727	8642.71	51.2074
PF3D7_0322000.1	1517	1518	15544.7	347.474
PF3D7_0322100.1	2713	2714	2665.19	33.3218
PF3D7_0322200.1	2262	2263	1081.47	16.2159
PF3D7_0322300.1	4559	4560	3548.47	26.405
PF3D7_0322400.1	3383	3384	13468.9	135.055
PF3D7_0322500.1	1557	1558	7215.3	157.144
PF3D7_0322600.1	4044	4045	1490	12.4991
PF3D7_0322700.1	10286	10287	6730.7	22.2015
PF3D7_0322800.1	546	547	258	16.0045
PF3D7_0322900.1	1697	1698	87642.9	1751.42
PF3D7_0323000.1	1513	1514	4281.64	95.9609
PF3D7_0323100.1	6329	6330	6269.09	33.6056
PF3D7_0323200.1	1675	1676	14698	297.573
PF3D7_0323300.1	1302	1303	823	21.4321
PF3D7_0323400.1	4147	4148	53057	434.024
PF3D7_0323500.1	1811	1812	33691	630.908
PF3D7_0323600.1	2717	2718	1639.14	20.4633
PF3D7_0323700.1	3345	3346	5688.23	57.6848
PF3D7_0323800.1	6075	6076	1939.72	10.8325
PF3D7_0323900.1	1392	1393	34.403	0.838022
PF3D7_0324000.1	849	850	10.4286	0.41631
PF3D7_0324100.1	1253	1254	177.549	4.80431
PF3D7_0324200.1	1174	1175	1501.36	43.3568
PF3D7_0324300.1	930	931	6920.5	252.231
PF3D7_0324400.1	1050	1051	39.8033	1.28507
PF3D7_0324500.1	954	955	0	0
PF3D7_0324600.1	906	907	0	0
PF3D7_0324700.1	1380	1381	0	0
PF3D7_0324800.1	1116	1117	138.86	4.21827
PF3D7_0324900.1	6510	6511	1584.15	8.2558
PF3D7_0400100.1	7941	7942	394.507	1.68553
PF3D7_0400200.1	1200	1201	249.662	7.05374
PF3D7_0400300.1	1113	1114	44.5528	1.35706
PF3D7_0400400.1	10404	10405	324.036	1.05672
PF3D7_0400500.1	1149	1150	2.9107	0.0858835
PF3D7_0400600.1	79	80	18.6012	7.88972
PF3D7_0400700.1	1143	1144	2.266	0.0672116
PF3D7_0400800.1	870	871	1	0.0389576
PF3D7_0400900.1	990	991	137.062	4.69304
PF3D7_0401000.1	930	931	22.384	0.815826
PF3D7_0401100.1	213	214	6.24644	0.990442
PF3D7_0401200.1	1104	1105	1.52295	0.0467663
PF3D7_0401300.1	1128	1129	56.1967	1.68899
PF3D7_0401400.1	990	991	194.113	6.64649
PF3D7_0401500.1	933	934	199.822	7.2595
PF3D7_0401600.1	1514	1515	42597.8	954.08
PF3D7_0401600.2	1041	1042	3149.18	102.551
PF3D7_0401700.1	1332	1333	406	10.3349
PF3D7_0401800.1	2889	2890	6785.28	79.6673
PF3D7_0401900.1	3306	3307	9725.9	99.7943
PF3D7_0402000.1	3128	3129	2901.01	31.4597
PF3D7_0402100.1	2632	2633	49693.9	640.416
PF3D7_0402200.1	6660	6661	40156.7	204.564
PF3D7_0402300.1	10074	10075	53910	181.566
PF3D7_0402400.1	2353	2354	28753.5	414.472
PF3D7_0402500.1	990	991	132	4.51971
PF3D7_0402600.1	906	907	3	0.112234
PF3D7_0402700.1	996	997	86	2.92694
PF3D7_0402800.1	4323	4324	56.0016	0.439466
PF3D7_0402900.1	1076	1077	712.051	22.434
PF3D7_0403000.1	74	75	11	4.9767
PF3D7_0403100.1	2358	2359	7029	101.106
PF3D7_0403200.1	3269	3270	5816.19	60.3532
PF3D7_0403300.1	801	802	3954.59	167.316
PF3D7_0403400.1	12401	12402	9362.08	25.6148
PF3D7_0403500.1	1717	1718	1243.3	24.5563
PF3D7_0403600.1	3435	3436	2810.45	27.7545
PF3D7_0403700.1	3140	3141	60267.4	651.065
PF3D7_0403800.1	6355	6356	11757.7	62.7696
PF3D7_0403900.1	4170	4171	11716.5	95.3166
PF3D7_0404000.1	1234	1235	61040	1677.1
PF3D7_0404100.1	6816	6817	2179	10.8461
PF3D7_0404200.1	1231	1232	418.29	11.5206
PF3D7_0404300.1	2615	2616	11024.8	143.002
PF3D7_0404400.1	1140	1141	1398	41.5749
PF3D7_0404500.1	1437	1438	773	18.2402
PF3D7_0404600.1	15301	15302	8416.5	18.6635
PF3D7_0404700.1	3694	3695	73930.5	678.921
PF3D7_0404800.1	2280	2281	6011	89.4194
PF3D7_0404900.1	2348	2349	9402.89	135.828
PF3D7_0405000.1	2148	2149	8164	128.907
PF3D7_0405100.1	5891	5892	1827.66	10.5255
PF3D7_0405200.1	2940	2941	14519	167.515
PF3D7_0405300.1	5895	5896	8206.58	47.2296
PF3D7_0405400.1	10492	10493	23045.9	74.5254
PF3D7_0405500.1	675	676	888	44.5735
PF3D7_0405600.1	1738	1739	552.349	10.7777
PF3D7_0405700.1	8072	8073	4064.89	17.0853
PF3D7_0405800.1	562	563	314	18.9248
PF3D7_0405900.1	3148	3149	26070.1	280.918
PF3D7_0406000.1	2470	2471	7714.88	105.942
PF3D7_0406100.1	2265	2266	9697.05	145.208
PF3D7_0406200.1	2167	2168	40046.5	626.78
PF3D7_0406400.1	1674	1675	7128.16	144.402
PF3D7_0406500.1	11445	11446	81443.7	241.443
PF3D7_0406600.1	420	421	526	42.3949
PF3D7_0406700.1	2906	2907	20593.5	240.378
PF3D7_0406800.1	1015	1016	4578.64	152.916
PF3D7_0406900.1	5256	5257	2238	14.4455
PF3D7_0407000.1	1525	1526	409.002	9.09455
PF3D7_0407100.1	2223	2224	4194.72	63.9997
PF3D7_0407200.1	967	968	23493.3	823.529
PF3D7_0407300.1	1438	1439	2481	58.5027
PF3D7_0407400.1	1215	1216	1402.39	39.1331
PF3D7_0407500.1	1143	1144	122	3.61863
PF3D7_0407600.1	3639	3640	1736.79	16.1903
PF3D7_0407700.1	6121	6122	14549.1	80.6402
PF3D7_0407800.1	7123	7124	29297.4	139.545
PF3D7_0407900.1	3179	3180	7058.2	75.3143
PF3D7_0408000.1	668	669	16938	859.105
PF3D7_0408100.1	4881	4882	5519.52	38.3631
PF3D7_0408200.1	2122	2123	1164.69	18.6153
PF3D7_0408300.1	1749	1750	1247.52	24.1891
PF3D7_0408400.1	2470	2471	1823.04	25.0342
PF3D7_0408500.1	2618	2619	4759.97	61.6707
PF3D7_0408600.1	2955	2956	661	7.58765
PF3D7_0408700.1	2529	2530	4565	61.2252
PF3D7_0408800.1	948	949	244	8.72436
PF3D7_0408900.1	3001	3002	4702.59	53.154
PF3D7_0408900.2	2076	2077	14439	235.891
PF3D7_0409000.1	8235	8236	2530.38	10.4251
PF3D7_0409100.1	2574	2575	9531.53	125.602
PF3D7_0409200.1	1966	1967	69716.8	1202.66
PF3D7_0409300.1	4302	4303	2078.24	16.3883
PF3D7_0409400.1	2815	2816	1314.09	15.8344
PF3D7_0409500.1	1853	1854	4701.12	86.0402
PF3D7_0409600.1	4548	4549	3015.88	22.4962
PF3D7_0409700.1	928	929	2567	93.7606
PF3D7_0409800.1	4394	4395	8318.45	64.2235
PF3D7_0409900.1	1715	1716	594.879	11.7631
PF3D7_0410000.1	4027	4028	263550	2220.15
PF3D7_0410100.1	82	83	14	5.72348
PF3D7_0410200.1	73	74	16	7.33666
PF3D7_0410300.1	3552	3553	5458.04	52.1256
PF3D7_0410400.1	1563	1564	298.887	6.48456
PF3D7_0410500.1	642	643	114	6.01595
PF3D7_0410600.1	1718	1719	2869.87	56.6496
PF3D7_0410700.1	4612	4613	36615	269.331
PF3D7_0410800.1	5023	5024	15016.5	101.421
PF3D7_0410900.1	3873	3874	2962.27	25.9462
PF3D7_0411000.1	5092	5093	3193.05	21.2736
PF3D7_0411100.1	683	684	167	8.28458
PF3D7_0411200.1	4249	4250	2189.25	17.479
PF3D7_0411300.1	2744	2745	712.104	8.8026
PF3D7_0411400.1	4497	4498	2332.68	17.5973
PF3D7_0411500.1	72	73	21	9.76128
PF3D7_0411600.1	72	73	367	170.59
PF3D7_0411700.1	417	418	30	2.43531
PF3D7_0411800.1	7141	7142	5001.5	23.7624
PF3D7_0411900.1	7652	7653	13542.8	60.0462
PF3D7_0412000.1	3760	3761	3281.66	29.6074
PF3D7_0412100.1	1923	1924	513.191	9.05074
PF3D7_0412200.1	1312	1313	388.003	10.0272
PF3D7_0412300.1	2369	2370	1073.37	15.3678
PF3D7_0412400.1	7817	7818	593.172	2.57451
PF3D7_0412500.1	135	136	0	0
PF3D7_0412600.1	1023	1024	1.16368	0.0385605
PF3D7_0412700.1	8324	8325	420.143	1.71247
PF3D7_0412800.1	135	136	3	0.748501
PF3D7_0412900.1	6939	6940	120.417	0.58876
PF3D7_0413000.1	135	136	3	0.748501
PF3D7_0413100.1	6981	6982	301.887	1.46715
PF3D7_0413200.1	1131	1132	64	1.91842
PF3D7_0413300.1	1041	1042	12	0.390772
PF3D7_0413400.1	1269	1270	828	22.1226
PF3D7_0413500.1	1525	1526	2399.69	53.3595
PF3D7_0413600.1	1804	1805	70865.3	1332.19
PF3D7_0413700.1	2217	2218	3696.86	56.5563
PF3D7_0413800.1	1365	1366	441.035	10.9555
PF3D7_0413900.1	3026	3027	27275.1	305.749
PF3D7_0414000.1	4294	4295	14208.5	112.252
PF3D7_0414100.1	5237	5238	8003.66	51.8481
PF3D7_0414200.1	1235	1236	449.596	12.3428
PF3D7_0414200.2	453	454	389.489	29.1105
PF3D7_0414300.1	1182	1183	9106	261.188
PF3D7_0414400.1	993	994	628.135	21.4426
PF3D7_0414500.1	2402	2403	886.035	12.5114
PF3D7_0414600.1	1507	1508	4376.79	98.4836
PF3D7_0414700.1	3037	3038	3013.31	33.6563
PF3D7_0414800.1	1787	1788	1430.05	27.139
PF3D7_0414900.1	1397	1398	30376.8	737.302
PF3D7_0415000.1	1494	1495	2282.11	51.7971
PF3D7_0415100.1	1927	1928	5233.67	92.1105
PF3D7_0415200.1	7684	7685	5071.9	22.3943
PF3D7_0415300.1	4895	4896	13209.1	91.5465
PF3D7_0415400.1	1458	1459	11891.8	276.567
PF3D7_0415500.1	1226	1227	626.901	17.3366
PF3D7_0415600.1	1392	1393	3001.25	73.1073
PF3D7_0415700.1	1915	1916	4553	80.6329
PF3D7_0415800.1	3543	3544	27673.6	264.961
PF3D7_0415900.1	2736	2737	19530.2	242.126
PF3D7_0416000.1	3810	3811	13440.8	119.673
PF3D7_0416100.1	3522	3523	10911.6	105.096
PF3D7_0416200.1	1246	1247	15711.9	427.535
PF3D7_0416300.1	5733	5734	9414.17	55.7102
PF3D7_0416400.1	5045	5046	14108.2	94.8709
PF3D7_0416500.1	2014	2015	13669.8	230.196
PF3D7_0416600.1	2501	2502	5111.77	69.3257
PF3D7_0416700.1	1436	1437	1966.39	46.4325
PF3D7_0416800.1	1346	1347	7862.68	198.067
PF3D7_0416900.1	8359	8360	11071.8	44.9389
PF3D7_0417000.1	1522	1523	1895.48	42.2307
PF3D7_0417100.1	1545	1546	105	2.30457
PF3D7_0417200.1	2169	2170	3184.11	49.7896
PF3D7_0417300.1	3036	3037	6832.79	76.342
PF3D7_0417400.1	21885	21886	32411.8	50.2513
PF3D7_0417500.1	1645	1646	6950.93	143.292
PF3D7_0417600.1	2560	2561	1896	25.1211
PF3D7_0417700.1	1542	1543	2610	57.3964
PF3D7_0417800.1	3075	3076	6923.61	76.3759
PF3D7_0417900.1	2378	2379	3810.45	54.3491
PF3D7_0418000.1	15607	15608	9456.97	20.5596
PF3D7_0418100.1	5590	5591	4738.77	28.7598
PF3D7_0418200.1	2859	2860	2052.24	24.3485
PF3D7_0418300.1	5993	5994	38193.1	216.211
PF3D7_0418400.1	647	648	1622.02	84.936
PF3D7_0418500.1	914	915	3962	146.928
PF3D7_0418600.1	7059	7060	35623.4	171.214
PF3D7_0418700.1	2461	2462	43606.7	601.001
PF3D7_0418800.1	786	787	586	25.2658
PF3D7_0418900.1	2016	2017	601.417	10.1177
PF3D7_0419000.1	1323	1324	602	15.4283
PF3D7_0419100.1	1772	1773	1899.59	36.3548
PF3D7_0419200.1	1175	1176	5.8771	0.169577
PF3D7_0419300.1	2609	2610	11068.3	143.896
PF3D7_0419400.1	7897	7898	6088.95	26.1598
PF3D7_0419500.1	3397	3398	8426.26	84.1437
PF3D7_0419600.1	2021	2022	22966.2	385.406
PF3D7_0419700.1	2522	2523	12202.3	164.11
PF3D7_0419800.1	1760	1761	2334.9	44.9903
PF3D7_0419900.1	17434	17435	28519.5	55.5047
PF3D7_0420000.1	12100	12101	15787.5	44.2693
PF3D7_0420100.1	3136	3137	4750.14	51.3809
PF3D7_0420200.1	2711	2712	1126.7	14.0971
PF3D7_0420300.1	12755	12756	69271.1	184.267
PF3D7_0420400.1	1062	1063	5506.34	175.768
PF3D7_0420500.1	921	922	1442	53.0694
PF3D7_0420600.1	2127	2128	8346.3	133.086
PF3D7_0420700.1	6459	6460	468.354	2.46009
PF3D7_0420800.1	135	136	4	0.998002
PF3D7_0420900.1	6606	6607	170.863	0.877512
PF3D7_0421000.1	135	136	4	0.998002
PF3D7_0421100.1	6546	6547	277.797	1.43978
PF3D7_0421200.1	1041	1042	4.52333	0.147299
PF3D7_0421300.1	6582	6583	186.69	0.962295
PF3D7_0421400.1	135	136	0	0
PF3D7_0421500.1	1011	1012	266.129	8.92321
PF3D7_0421600.1	1296	1297	133	3.47954
PF3D7_0421700.1	5811	5812	4602.37	26.8699
PF3D7_0421800.1	255	256	31	4.10896
PF3D7_0421900.1	216	217	1235	193.116
PF3D7_0422000.1	2450	2451	1880.06	26.0279
PF3D7_0422100.1	2300	2301	8271.33	121.975
PF3D7_0422200.1	15070	15071	11479.1	25.845
PF3D7_0422300.1	3770	3771	7445.72	66.9977
PF3D7_0422400.1	1987	1988	133839	2284.42
PF3D7_0422500.1	9275	9276	17968.6	65.73
PF3D7_0422600.1	887	888	76.0027	2.9042
PF3D7_0422700.1	2179	2180	2266.56	35.2794
PF3D7_0422800.1	1413	1414	5156	123.73
PF3D7_0422900.1	1101	1102	6483	199.62
PF3D7_0423000.1	1374	1375	1033	25.4922
PF3D7_0423100.1	1232	1233	9743.83	268.149
PF3D7_0423200.1	853	854	985.959	39.1752
PF3D7_0423300.1	2258	2259	5469.14	82.151
PF3D7_0423400.1	1361	1362	9215.74	229.595
PF3D7_0423500.1	2280	2281	79722	1185.94
PF3D7_0423600.1	5305	5306	19757	126.347
PF3D7_0423700.1	2211	2212	105765	1622.44
PF3D7_0423800.1	1821	1822	17468.2	325.319
PF3D7_0423900.1	801	802	4220.43	178.563
PF3D7_0424000.1	1959	1960	1143.6	19.7984
PF3D7_0424100.1	2253	2254	36999.5	556.995
PF3D7_0424200.1	5581	5582	28325	172.183
PF3D7_0424300.1	4293	4294	6766	53.4663
PF3D7_0424400.1	7985	7986	2082.32	8.84766
PF3D7_0424500.1	4085	4086	189539	1574.02
PF3D7_0424600.1	3804	3805	235482	2099.97
PF3D7_0424700.1	7078	7079	59373.9	284.599
PF3D7_0424800.1	1300	1301	12595.6	328.512
PF3D7_0424900.1	1925	1926	1742.16	30.6931
PF3D7_0425000.1	1137	1138	40	1.19269
PF3D7_0425050.1	447	448	108	8.18005
PF3D7_0425100.1	837	838	5575	225.741
PF3D7_0425200.1	1244	1245	1631	44.4524
PF3D7_0425250.1	546	547	8	0.496264
PF3D7_0425300.1	699	700	0	0
PF3D7_0425400.1	696	697	239	11.6352
PF3D7_0425500.1	915	916	210.147	7.78463
PF3D7_0425600.1	915	916	4.9834	0.184604
PF3D7_0425700.1	975	976	1.12545	0.0391279
PF3D7_0425800.1	10662	10663	197.776	0.629367
PF3D7_0425900.1	1536	1537	443.639	9.79413
PF3D7_0426000.1	6450	6451	157.269	0.827229
PF3D7_0500100.1	6624	6625	1677.27	8.59066
PF3D7_0500200.1	72	73	37.913	17.6228
PF3D7_0500300.1	1023	1024	30.1718	0.999795
PF3D7_0500400.1	1125	1126	11.7076	0.352808
PF3D7_0500500.1	930	931	13	0.47381
PF3D7_0500600.1	924	925	100.829	3.69874
PF3D7_0500700.1	275	276	47	5.77828
PF3D7_0500800.1	6015	6016	78831.5	444.634
PF3D7_0500900.1	2210	2211	4622	70.9335
PF3D7_0501000.1	1789	1790	7107.56	134.734
PF3D7_0501100.1	4267	4268	8093.09	64.3428
PF3D7_0501100.2	1173	1174	164.444	4.75292
PF3D7_0501200.1	2870	2871	11673.1	137.963
PF3D7_0501300.1	2875	2876	64843.7	765.049
PF3D7_0501400.1	7480	7481	445151	2019.1
PF3D7_0501500.1	2194	2195	8263.28	127.74
PF3D7_0501600.1	1753	1754	10905.1	210.965
PF3D7_0501700.1	2382	2383	5181	73.7734
PF3D7_0501800.1	4523	4524	7952.92	59.6505
PF3D7_0501900.1	1982	1983	914.066	15.641
PF3D7_0502000.1	4661	4662	6553.25	47.6974
PF3D7_0502100.1	2143	2144	1588.76	25.1445
PF3D7_0502200.1	2342	2343	7444.19	107.809
PF3D7_0502300.1	1620	1621	535.314	11.2056
PF3D7_0502400.1	2639	2640	2361.11	30.3474
PF3D7_0502500.1	1785	1786	186	3.5338
PF3D7_0502600.1	3012	3013	1026.73	11.5629
PF3D7_0502700.1	1512	1513	2243	50.3038
PF3D7_0502800.1	924	925	2063.61	75.6998
PF3D7_0502900.1	1015	1016	1425.28	47.6009
PF3D7_0503000.1	1240	1241	9769.14	267.113
PF3D7_0503100.1	2256	2257	3347.7	50.3298
PF3D7_0503200.1	3617	3618	1744.02	16.3566
PF3D7_0503300.1	3226	3227	1552.05	16.3198
PF3D7_0503400.1	1983	1984	106773	1826.12
PF3D7_0503500.1	3518	3519	1441.45	13.8992
PF3D7_0503600.1	3295	3296	21982.9	226.312
PF3D7_0503800.1	1099	1100	108273	3339.94
PF3D7_0503900.1	3128	3129	806.774	8.74896
PF3D7_0504000.1	8216	8217	4451.72	18.3834
PF3D7_0504100.1	1209	1210	783.237	21.9643
PF3D7_0504200.1	2207	2208	5622.79	86.4098
PF3D7_0504300.1	983	984	226.997	7.82771
PF3D7_0504400.1	2533	2534	3830	51.2864
PF3D7_0504500.1	1267	1268	815.15	21.8137
PF3D7_0504600.1	1788	1789	31843.1	603.969
PF3D7_0504700.1	7850	7851	4173.13	18.0363
PF3D7_0504800.1	17435	17436	37675.5	73.3201
PF3D7_0504900.1	877	878	39132.2	1512.34
PF3D7_0505000.1	10398	10399	7865.96	25.6667
PF3D7_0505100.1	10290	10291	22103.2	72.8798
PF3D7_0505200.1	2302	2303	566	8.33936
PF3D7_0505300.1	2698	2699	9502.52	119.466
PF3D7_0505400.1	3130	3131	7140.51	77.3849
PF3D7_0505500.1	4705	4706	6406.28	46.1917
PF3D7_0505600.1	1441	1442	1975.47	46.4854
PF3D7_0505700.1	3764	3765	4042.91	36.4367
PF3D7_0505800.1	2222	2223	2916.48	44.5174
PF3D7_0505900.1	1327	1328	728.57	18.6159
PF3D7_0506000.1	1219	1220	4560.91	126.853
PF3D7_0506100.1	2409	2410	1931.24	27.1912
PF3D7_0506200.1	1374	1375	327.204	8.0747
PF3D7_0506300.1	1646	1647	5565.81	114.669
PF3D7_0506400.1	351	352	601	57.9351
PF3D7_0506500.1	13082	13083	9761.61	25.3177
PF3D7_0506600.1	715	716	78	3.69651
PF3D7_0506700.1	3147	3148	7192.86	77.5313
PF3D7_0506800.1	3964	3965	51982.9	444.864
PF3D7_0506900.1	3517	3518	26637.1	256.922
PF3D7_0507000.1	1217	1218	1311.08	36.525
PF3D7_0507100.1	2621	2622	43661.5	565.036
PF3D7_0507200.1	2931	2932	16273	188.328
PF3D7_0507300.1	3684	3685	3972.09	36.5756
PF3D7_0507400.1	1491	1492	13505.4	307.148
PF3D7_0507500.1	3031	3032	13641.6	152.668
PF3D7_0507600.1	3089	3090	5774.37	63.4098
PF3D7_0507700.1	2423	2424	12066.5	168.911
PF3D7_0507800.1	6575	6576	20268.3	104.584
PF3D7_0507900.1	354	355	773	73.8858
PF3D7_0508000.1	2091	2092	3844.4	62.3558
PF3D7_0508100.1	5625	5626	146169	881.587
PF3D7_0508200.1	2708	2709	1240.37	15.5365
PF3D7_0508300.1	3801	3802	2171.9	19.3837
PF3D7_0508400.1	1101	1102	211	6.49697
PF3D7_0508500.1	8442	8443	6679.93	26.8463
PF3D7_0508600.1	1102	1103	1235	37.9928
PF3D7_0508700.1	4791	4792	5734.08	40.6029
PF3D7_0508800.1	2889	2890	5930.42	69.6302
PF3D7_0508900.1	10153	10154	49889.9	166.719
PF3D7_0509000.1	1875	1876	764.689	13.8313
PF3D7_0509100.1	6212	6213	8967.49	48.9756
PF3D7_0509200.1	1017	1018	1813.92	60.4618
PF3D7_0509300.1	1478	1479	1114.47	25.5688
PF3D7_0509400.1	9749	9750	20701.5	72.0456
PF3D7_0509500.1	1648	1649	2904	59.7566
PF3D7_0509600.1	2719	2720	3297.41	41.1352
PF3D7_0509700.1	1188	1189	206	5.87889
PF3D7_0509800.1	5995	5996	42410.6	240.006
PF3D7_0509900.1	1709	1710	607	12.0449
PF3D7_0510000.1	3423	3424	2485.46	24.6311
PF3D7_0510100.1	9864	9865	21363.6	73.4831
PF3D7_0510200.1	3908	3909	3671.39	31.8694
PF3D7_0510300.1	924	925	54	1.9809
PF3D7_0510400.1	2381	2382	634.941	9.04485
PF3D7_0510500.1	3319	3320	16231.6	165.895
PF3D7_0510600.1	80	81	25	10.4729
PF3D7_0510700.1	1044	1045	220	7.14359
PF3D7_0510800.1	1929	1930	619	10.8829
PF3D7_0510900.1	158	159	4001	853.85
PF3D7_0511000.1	1313	1314	3965	102.39
PF3D7_0511100.1	842	843	1399.13	56.3172
PF3D7_0511200.1	3741	3742	15803	143.3
PF3D7_0511300.1	4451	4452	6851.79	52.2227
PF3D7_0511400.1	1146	1147	1712	50.6466
PF3D7_0511500.1	32487	32488	137429	143.537
PF3D7_0511600.1	1325	1326	22515.9	576.177
PF3D7_0511700.1	1841	1842	2214.27	40.7897
PF3D7_0511800.1	2707	2708	70876.1	888.098
PF3D7_0511900.1	2718	2719	840.065	10.4837
PF3D7_0512000.1	817	818	15359.2	637.128
PF3D7_0512100.1	605	606	514.8	28.8254
PF3D7_0512200.1	2649	2650	468.122	5.99409
PF3D7_0512300.1	2057	2058	449.145	7.40545
PF3D7_0512400.1	705	706	272	13.073
PF3D7_0512450.1	1350	1351	591.113	14.8465
PF3D7_0512500.1	3706	3707	5087.02	46.5641
PF3D7_0512600.1	1763	1764	8603.49	165.496
PF3D7_0512700.1	1551	1552	1083.16	23.6816
PF3D7_0512800.1	5687	5688	1075.83	6.41791
PF3D7_0512900.1	849	850	6510	259.88
PF3D7_0513000.1	1388	1389	4186.49	102.272
PF3D7_0513100.1	1158	1159	2092.7	61.2681
PF3D7_0513200.1	9371	9372	6149.7	22.2655
PF3D7_0513300.1	1934	1935	625.346	10.966
PF3D7_0513400.1	1317	1318	1408.43	36.2601
PF3D7_0513500.1	825	826	1509.25	62
PF3D7_0513600.1	4866	4867	9832.52	68.5509
PF3D7_0513700.1	2920	2921	1121.26	13.0253
PF3D7_0513800.1	1155	1156	5845	171.568
PF3D7_0513900.1	1077	1078	565.005	17.7846
PF3D7_0514000.1	1303	1304	1005	26.1516
PF3D7_0514100.1	4582	4583	4073	30.1561
PF3D7_0514200.1	3207	3208	1625.83	17.197
PF3D7_0514300.1	3910	3911	7348.28	63.7541
PF3D7_0514400.1	73	74	0	0
PF3D7_0514500.1	1059	1060	907	29.0343
PF3D7_0514600.1	1981	1982	395.705	6.77451
PF3D7_0514700.1	4683	4684	592.034	4.28884
PF3D7_0514800.1	2971	2972	2527	28.8514
PF3D7_0514900.1	2004	2005	5421.82	91.7574
PF3D7_0515000.1	3947	3948	2976.84	25.5852
PF3D7_0515100.1	1830	1831	1050.31	19.4644
PF3D7_0515200.1	438	439	2054	158.762
PF3D7_0515300.1	6629	6630	25491.7	130.465
PF3D7_0515400.1	3187	3188	6702.55	71.3398
PF3D7_0515500.1	2883	2884	1706	20.0721
PF3D7_0515600.1	4427	4428	4871.02	37.3269
PF3D7_0515700.1	2833	2834	12786.7	153.097
PF3D7_0515800.1	1584	1585	1505.04	32.2202
PF3D7_0515900.1	1762	1763	1997.21	38.4397
PF3D7_0516000.1	4567	4568	3776.25	28.0508
PF3D7_0516100.1	7676	7677	3003.86	13.277
PF3D7_0516200.1	1997	1998	2879.81	48.9078
PF3D7_0516300.1	3841	3842	4777.64	42.1955
PF3D7_0516400.1	1677	1678	668.85	13.5253
PF3D7_0516500.1	1329	1330	214	5.45974
PF3D7_0516600.1	7106	7107	10508.2	50.1711
PF3D7_0516700.1	5653	5654	24451.8	146.746
PF3D7_0516800.1	8693	8694	8733.13	34.0848
PF3D7_0516900.1	1709	1710	196602	3901.24
PF3D7_0517000.1	2161	2162	11683.1	183.364
PF3D7_0517100.1	2141	2142	5565.54	88.1653
PF3D7_0517200.1	2236	2237	3546.43	53.7943
PF3D7_0517300.1	4349	4350	8840.89	68.9631
PF3D7_0517400.1	3926	3927	12983.2	112.184
PF3D7_0517500.1	3084	3085	3149.79	34.6447
PF3D7_0517600.1	1715	1716	875.9	17.32
PF3D7_0517700.1	2836	2837	10076.3	120.518
PF3D7_0517800.1	717	718	225	10.6333
PF3D7_0517900.1	2183	2184	26900.6	417.945
PF3D7_0518000.1	1243	1244	6845	186.708
PF3D7_0518100.1	4752	4753	3815.5	27.2392
PF3D7_0518200.1	1451	1452	1150.29	26.8813
PF3D7_0518300.1	1662	1663	1302.83	26.5832
PF3D7_0518400.1	690	691	59	2.89724
PF3D7_0518500.1	4129	4130	6763.01	55.5648
PF3D7_0518600.1	5230	5231	4246.79	27.5478
PF3D7_0518700.1	6186	6187	954.35	5.23405
PF3D7_0518800.1	612	613	871	48.2134
PF3D7_0518900.1	585	586	314	18.182
PF3D7_0519000.1	1947	1948	1585.15	27.6115
PF3D7_0519100.1	1133	1134	367.668	11.0015
PF3D7_0519200.1	1305	1306	14636.7	380.286
PF3D7_0519300.1	2735	2736	1565.91	19.4205
PF3D7_0519400.1	1417	1418	2977.43	71.2484
PF3D7_0519500.1	9147	9148	4510.96	16.7322
PF3D7_0519600.1	3604	3605	1954.82	18.3997
PF3D7_0519700.1	1881	1882	15408	277.802
PF3D7_0519800.1	4306	4307	15244.4	120.1
PF3D7_0519900.1	3002	3003	2952.91	33.3661
PF3D7_0520000.1	1500	1501	19273.1	435.692
PF3D7_0520100.1	3371	3372	2479.71	24.953
PF3D7_0520200.1	3156	3157	1097.06	11.7914
PF3D7_0520300.1	1191	1192	4962.77	141.273
PF3D7_0520400.1	1880	1881	498.926	9.00031
PF3D7_0520500.1	1352	1353	1618	40.578
PF3D7_0520600.1	1402	1403	4789.01	115.824
PF3D7_0520700.1	3454	3455	4526.67	44.4571
PF3D7_0520800.1	6866	6867	11016	54.4336
PF3D7_0520900.1	2868	2869	11401.3	134.844
PF3D7_0521000.1	2801	2802	2777.61	33.6367
PF3D7_0521100.1	4581	4582	1858	13.7594
PF3D7_0521200.1	1250	1251	2466	66.8876
PF3D7_0521300.1	4994	4995	7119.17	48.362
PF3D7_0521400.1	1961	1962	1070.01	18.5054
PF3D7_0521500.1	1986	1987	7260.47	123.987
PF3D7_0521600.1	1816	1817	380.598	7.10757
PF3D7_0521700.1	3094	3095	1217.09	13.3436
PF3D7_0521800.1	1908	1909	1017	18.0769
PF3D7_0521900.1	5328	5329	5335	33.9703
PF3D7_0522000.1	1294	1295	1376.39	36.0648
PF3D7_0522100.1	3520	3521	12536.3	120.813
PF3D7_0522200.1	1544	1545	17007.9	373.535
PF3D7_0522300.1	1724	1725	3413.88	67.1535
PF3D7_0522400.1	29306	29307	57929.3	67.0713
PF3D7_0522500.1	501	502	3730	252.125
PF3D7_0522600.1	2918	2919	23225.6	269.987
PF3D7_0522700.1	1107	1108	990.26	30.3263
PF3D7_0522800.1	1750	1751	5714.74	110.744
PF3D7_0522900.1	5731	5732	1699.23	10.0591
PF3D7_0523000.1	7141	7142	30087.1	142.946
PF3D7_0523100.1	2749	2750	2585.61	31.9037
PF3D7_0523200.1	4376	4377	1263.32	9.79368
PF3D7_0523300.1	1510	1511	13578.7	304.933
PF3D7_0523400.1	2099	2100	54201	875.786
PF3D7_0523500.1	813	814	1299	54.1496
PF3D7_0523600.1	1037	1038	302	9.87233
PF3D7_0523700.1	5376	5377	1084.46	6.84356
PF3D7_0523800.1	5006	5007	1007.13	6.82522
PF3D7_0523900.1	3875	3876	21388.2	187.241
PF3D7_0524000.1	6741	6742	19639.5	98.8446
PF3D7_0524100.1	5544	5545	8715.57	53.334
PF3D7_0524200.1	950	951	447	15.9491
PF3D7_0524300.1	2268	2269	7216.38	107.918
PF3D7_0524400.1	2142	2143	1988.35	31.4833
PF3D7_0524500.1	1734	1735	1019.41	19.9369
PF3D7_0524600.1	1715	1716	1124.04	22.2266
PF3D7_0524700.1	1462	1463	57.1042	1.32444
PF3D7_0524800.1	3061	3062	2751.09	30.4867
PF3D7_0524900.1	4239	4240	4289.34	34.3269
PF3D7_0525000.1	4671	4672	3817.01	27.7224
PF3D7_0525100.1	3000	3001	20132.2	227.633
PF3D7_0525200.1	6994	6995	12902.9	62.5907
PF3D7_0525300.1	1747	1748	2166.07	42.0476
PF3D7_0525400.1	1534	1535	6268.56	138.57
PF3D7_0525500.1	6224	6225	4467.33	24.3511
PF3D7_0525600.1	4079	4080	10599.9	88.1558
PF3D7_0525700.1	1500	1501	30756.7	695.295
PF3D7_0525800.1	1895	1896	42719	764.527
PF3D7_0525900.1	1090	1091	594	18.4745
PF3D7_0526000.1	3246	3247	1006.93	10.5227
PF3D7_0526100.1	2089	2090	3253.19	52.8169
PF3D7_0526200.1	2842	2843	16841.6	201.01
PF3D7_0526200.2	2839	2840	3490.67	41.7062
PF3D7_0526300.1	1833	1834	6591.22	121.948
PF3D7_0526400.1	1748	1749	264.693	5.13527
PF3D7_0526500.1	4693	4694	9128.72	65.9898
PF3D7_0526600.1	17362	17363	15747.6	30.775
PF3D7_0526700.1	2781	2782	676.201	8.24762
PF3D7_0526800.1	2412	2413	1705.46	23.9825
PF3D7_0526900.1	1653	1654	6233.27	127.876
PF3D7_0527000.1	4184	4185	14911.9	120.906
PF3D7_0527100.1	1505	1506	612.081	13.7909
PF3D7_0527200.1	2534	2535	15780.1	211.223
PF3D7_0527300.1	2303	2304	3576.81	52.6774
PF3D7_0527400.1	3020	3021	18511.7	207.925
PF3D7_0527500.1	2571	2572	5648.04	74.5138
PF3D7_0527600.1	2296	2297	2134.05	31.525
PF3D7_0527700.1	73	74	8	3.66833
PF3D7_0527800.1	83	84	46	18.5818
PF3D7_0527900.1	2487	2488	1161.07	15.835
PF3D7_0528000.1	920	921	1405	51.7639
PF3D7_0528100.1	3827	3828	6728	59.6382
PF3D7_0528200.1	2430	2431	5358.15	74.7894
PF3D7_0528300.1	3332	3333	5099.93	51.9205
PF3D7_0528400.1	3214	3215	12440.1	131.296
PF3D7_0528500.1	1543	1544	7619.58	167.453
PF3D7_0528600.1	694	695	11547.3	563.774
PF3D7_0528700.1	1919	1920	1771.06	31.2998
PF3D7_0528800.1	2525	2526	1332.48	17.8994
PF3D7_0528900.1	1363	1364	742.585	18.4732
PF3D7_0529000.1	3837	3838	16553.6	146.352
PF3D7_0529100.1	890	891	653	24.8683
PF3D7_0529200.1	1647	1648	1697.42	34.9495
PF3D7_0529300.1	1527	1528	1393.21	30.9388
PF3D7_0529400.1	5907	5908	11778.9	67.6508
PF3D7_0529400.2	5667	5668	1768.36	10.5865
PF3D7_0529500.1	1121	1122	3249.06	98.2597
PF3D7_0529600.1	73	74	8	3.66833
PF3D7_0529700.1	4063	4064	1266.92	10.5781
PF3D7_0529800.1	7317	7318	8367.12	38.7966
PF3D7_0529900.1	3218	3219	58622.9	617.954
PF3D7_0530000.1	2603	2604	21833.9	284.512
PF3D7_0530100.1	2118	2119	974.743	15.6088
PF3D7_0530200.1	2418	2419	9155.27	128.424
PF3D7_0530300.1	5813	5814	5134.68	29.9673
PF3D7_0530400.1	5880	5881	752.41	4.34123
PF3D7_0530500.1	3030	3031	525.31	5.88084
PF3D7_0530600.1	1771	1772	1675.75	32.089
PF3D7_0530700.1	4330	4331	5254.02	41.1636
PF3D7_0530750.1	849	850	22.2639	0.888777
PF3D7_0530800.1	1299	1300	2134.56	55.7154
PF3D7_0530900.1	8693	8694	12026	46.9366
PF3D7_0531000.1	2698	2699	3081	38.7346
PF3D7_0531100.1	9062	9063	4304.71	16.1169
PF3D7_0531200.1	1333	1334	592.799	15.0786
PF3D7_0531300.1	1303	1304	3411.65	88.7762
PF3D7_0531400.1	4313	4314	3126.43	24.5912
PF3D7_0531500.1	750	751	6855	309.726
PF3D7_0531600.1	2092	2093	871459	14128.2
PF3D7_0531800.1	159	160	5189	1100.46
PF3D7_0532000.1	3790	3791	2.00696e+06	17963.7
PF3D7_0532100.1	2553	2554	93760.8	1245.69
PF3D7_0532200.1	1022	1023	19705	653.598
PF3D7_0532300.1	3341	3342	7535.69	76.5115
PF3D7_0532400.1	3267	3268	7418.4	77.0261
PF3D7_0532500.1	498	499	1358	92.3441
PF3D7_0532600.1	1288	1289	843	22.1914
PF3D7_0532700.1	849	850	132.576	5.29246
PF3D7_0532800.1	786	787	17	0.732967
PF3D7_0532900.1	957	958	18.431	0.652819
PF3D7_0533000.1	1029	1030	87	2.86611
PF3D7_0533100.1	9495	9496	6775	24.2091
PF3D7_0600100.1	780	781	0	0
PF3D7_0600200.1	8640	8641	358.968	1.40962
PF3D7_0600300.1	1116	1117	26.0894	0.792539
PF3D7_0600400.1	5134	5135	293.767	1.94121
PF3D7_0600500.1	1119	1120	3.23649	0.0980542
PF3D7_0600600.1	1323	1324	42.4028	1.08672
PF3D7_0600700.1	1050	1051	17.7098	0.57177
PF3D7_0600800.1	1068	1069	1	0.0317419
PF3D7_0600900.1	963	964	5.17759	0.182247
PF3D7_0601000.1	930	931	10938.5	398.676
PF3D7_0601100.1	693	694	110.945	5.42447
PF3D7_0601200.1	1335	1336	545.794	13.8622
PF3D7_0601300.1	849	850	10.4286	0.41631
PF3D7_0601400.1	1548	1549	4.02081	0.088079
PF3D7_0601500.1	2955	2956	1873.4	21.5048
PF3D7_0601600.1	1504	1505	517.881	11.6763
PF3D7_0601700.1	870	871	964	37.5551
PF3D7_0601800.1	151	152	8.14663	1.81863
PF3D7_0601900.1	3185	3186	10717	114.14
PF3D7_0602000.1	7338	7339	1750.77	8.09475
PF3D7_0602100.1	5413	5414	11593.3	72.6608
PF3D7_0602200.1	1614	1615	463.054	9.72902
PF3D7_0602300.1	945	946	227	8.14226
PF3D7_0602400.1	2994	2995	7207.23	81.6548
PF3D7_0602500.1	2380	2381	331.66	4.72654
PF3D7_0602600.1	4940	4941	1635.04	11.2286
PF3D7_0602700.1	1887	1888	318	5.71525
PF3D7_0602800.1	2591	2592	2157.71	28.2467
PF3D7_0602900.1	2538	2539	3327.98	44.4763
PF3D7_0603000.1	3599	3600	14365.4	135.402
PF3D7_0603100.1	2009	2010	9011.51	152.129
PF3D7_0603200.1	2094	2095	1227.46	19.8808
PF3D7_0603300.1	2602	2603	2677.73	34.9063
PF3D7_0603400.1	5312	5313	4000.01	25.5465
PF3D7_0603500.1	2347	2348	1866.85	26.9787
PF3D7_0603600.1	8390	8391	4728.12	19.1199
PF3D7_0603700.1	2193	2194	2321.8	35.9086
PF3D7_0603800.1	5744	5745	32857	194.065
PF3D7_0603900.1	1792	1793	566.585	10.7225
PF3D7_0604000.1	6782	6783	724.185	3.62275
PF3D7_0604100.1	8210	8211	29636.2	122.472
PF3D7_0604200.1	799	800	493.126	20.916
PF3D7_0604300.1	3081	3082	2795.57	30.7786
PF3D7_0604400.1	537	538	335	21.1287
PF3D7_0604500.1	9868	9869	32401.5	111.404
PF3D7_0604600.1	5139	5140	6208	40.9825
PF3D7_0604700.1	1532	1533	5313.04	117.601
PF3D7_0604800.1	4996	4997	729	4.95026
PF3D7_0604900.1	894	895	1034.45	39.2189
PF3D7_0605000.1	1083	1084	2907.89	91.0247
PF3D7_0605100.1	5335	5336	6999.95	44.5133
PF3D7_0605200.1	1101	1102	1255.89	38.6704
PF3D7_0605300.1	1893	1894	1412.45	25.3048
PF3D7_0605400.1	650	651	207.14	10.7967
PF3D7_0605500.1	2283	2284	946.023	14.0545
PF3D7_0605600.1	5487	5488	7714	47.6953
PF3D7_0605700.1	855	856	158	6.26317
PF3D7_0605800.1	8661	8662	7359.12	28.8282
PF3D7_0605900.1	3012	3013	26247.9	295.601
PF3D7_0606000.1	6030	6031	27656.3	155.602
PF3D7_0606100.1	2721	2722	7471.31	93.1363
PF3D7_0606200.1	1919	1920	2054.25	36.3047
PF3D7_0606300.1	1223	1224	1578.44	43.758
PF3D7_0606400.1	378	379	588	52.6439
PF3D7_0606500.1	4429	4430	2612.42	20.0101
PF3D7_0606600.1	9404	9405	18992.1	68.5211
PF3D7_0606700.1	5460	5461	23192.7	144.108
PF3D7_0606800.1	2682	2683	9319.9	117.869
PF3D7_0606900.1	2483	2484	483.642	6.60666
PF3D7_0607000.1	5841	5842	23634.6	137.277
PF3D7_0607100.1	1419	1420	495	11.8284
PF3D7_0607200.1	2048	2049	3407.75	56.4334
PF3D7_0607300.1	2142	2143	4468.31	70.7508
PF3D7_0607400.1	2465	2466	5641.92	77.6325
PF3D7_0607500.1	2992	2993	498.37	5.65009
PF3D7_0607600.1	6287	6288	3381.17	18.2458
PF3D7_0607700.1	9924	9925	6983.65	23.876
PF3D7_0607800.1	2596	2597	4011.4	52.4124
PF3D7_0607900.1	3303	3304	8516.2	87.4613
PF3D7_0608000.1	1154	1155	4691.59	137.832
PF3D7_0608100.1	5684	5685	15969.3	95.3158
PF3D7_0608200.1	591	592	985.949	56.5123
PF3D7_0608300.1	5462	5463	5354.78	33.2598
PF3D7_0608310.1	1760	1761	987.217	19.0223
PF3D7_0608400.1	524	525	2898	187.305
PF3D7_0608500.1	2790	2791	3441.49	41.8404
PF3D7_0608600.1	1546	1547	1359.13	29.8113
PF3D7_0608700.1	3688	3689	4624.62	42.5381
PF3D7_0608800.1	1861	1862	180701	3292.99
PF3D7_0608900.1	4370	4371	14187.4	110.137
PF3D7_0609000.1	19584	19585	50524.8	87.5368
PF3D7_0609100.1	2846	2847	1932.81	23.0363
PF3D7_0609200.1	2177	2178	615.201	9.58449
PF3D7_0609300.1	3089	3090	3871.54	42.5143
PF3D7_0609400.1	2756	2757	3679.02	45.2799
PF3D7_0609500.1	3204	3205	1750	18.5276
PF3D7_0609600.1	3774	3775	2172	19.5233
PF3D7_0609700.1	7392	7393	40273.6	184.846
PF3D7_0609800.1	2110	2111	1253.41	20.1473
PF3D7_0609900.1	8471	8472	7197.8	28.8286
PF3D7_0610000.1	1664	1665	2843.43	57.9481
PF3D7_0610100.1	2121	2122	2385.63	38.1477
PF3D7_0610200.1	3682	3683	20162.1	185.757
PF3D7_0610300.1	414	415	154	12.5917
PF3D7_0610400.1	1222	1223	47447.9	1316.44
PF3D7_0610500.1	1996	1997	5430.1	92.2657
PF3D7_0610600.1	2467	2468	2545.08	34.9918
PF3D7_0610700.1	455	456	1697	126.278
PF3D7_0610800.1	2752	2753	3625.73	44.6889
PF3D7_0610900.1	4823	4824	19921	140.124
PF3D7_0611000.1	1858	1859	2316.44	42.2816
PF3D7_0611100.1	491	492	937.336	64.6458
PF3D7_0611200.1	1606	1607	8372	176.776
PF3D7_0611300.1	1504	1505	661.948	14.9244
PF3D7_0611400.1	3382	3383	1519.05	15.2363
PF3D7_0611500.1	1083	1084	354	11.0811
PF3D7_0611600.1	2826	2827	10970.7	131.68
PF3D7_0611700.1	534	535	16033	1016.88
PF3D7_0611800.1	10682	10683	6432.3	20.4307
PF3D7_0611900.1	1992	1993	644.668	10.9759
PF3D7_0612000.1	1673	1674	2197.95	44.5526
PF3D7_0612100.1	3234	3235	3148.01	33.0196
PF3D7_0612200.1	6241	6242	62832.8	341.565
PF3D7_0612300.1	729	730	1225	56.9408
PF3D7_0612400.1	1036	1037	272.045	8.90168
PF3D7_0612500.1	366	367	1413	130.643
PF3D7_0612600.1	2795	2796	5122.33	62.1643
PF3D7_0612700.1	2115	2116	59540.6	954.79
PF3D7_0612800.1	1566	1567	2913.21	63.083
PF3D7_0612900.1	2973	2974	5353.29	61.0787
PF3D7_0613000.1	1134	1135	471.475	14.0952
PF3D7_0613000.2	351	352	149.554	14.4167
PF3D7_0613000.3	357	358	222.491	21.0882
PF3D7_0613100.1	1348	1349	1367.87	34.4066
PF3D7_0613200.1	693	694	2203.69	107.746
PF3D7_0613300.1	5275	5276	10601	68.1791
PF3D7_0613400.1	1107	1108	17335.9	530.906
PF3D7_0613500.1	4645	4646	2608.08	19.0481
PF3D7_0613600.1	4359	4360	8598.4	66.9177
PF3D7_0613700.1	3907	3908	81170.5	704.781
PF3D7_0613800.1	12782	12783	42566.6	112.992
PF3D7_0613900.1	7340	7341	138836	641.737
PF3D7_0614000.1	2480	2481	20223.7	276.594
PF3D7_0614100.1	3889	3890	3194.42	27.8646
PF3D7_0614200.1	2863	2864	18745.3	222.09
PF3D7_0614300.1	5912	5913	13387	76.8222
PF3D7_0614400.1	3840	3841	19250.2	170.06
PF3D7_0614500.1	2576	2577	5349.83	70.4427
PF3D7_0614600.1	2364	2365	1857.03	26.6439
PF3D7_0614700.1	2297	2298	3452.41	50.9779
PF3D7_0614800.1	1984	1985	3452.01	59.0094
PF3D7_0614900.1	4015	4016	20546.2	173.599
PF3D7_0615000.1	917	918	414.462	15.3198
PF3D7_0615100.1	1724	1725	307.351	6.04583
PF3D7_0615200.1	1379	1380	831.001	20.433
PF3D7_0615300.1	2653	2654	7957	101.732
PF3D7_0615400.1	10916	10917	26304.2	81.7584
PF3D7_0615500.1	3543	3544	52270.4	500.464
PF3D7_0615600.1	8190	8191	17359.5	71.9136
PF3D7_0615700.1	1120	1121	360.97	10.9264
PF3D7_0615800.1	4272	4273	2042.27	16.2178
PF3D7_0615900.1	6655	6656	8365.19	42.6455
PF3D7_0616000.1	2490	2491	685.865	9.34276
PF3D7_0616100.1	923	924	2147.09	78.8477
PF3D7_0616200.1	2095	2096	49951.7	808.667
PF3D7_0616300.1	1323	1324	642.592	16.4686
PF3D7_0616400.1	6024	6025	1306.44	7.35771
PF3D7_0616500.1	4116	4117	1877	15.4701
PF3D7_0616600.1	2057	2058	5794.49	95.5389
PF3D7_0616700.1	3101	3102	1364.62	14.9272
PF3D7_0616800.1	3156	3157	4132.25	44.4142
PF3D7_0616900.1	5429	5430	3345.26	20.9045
PF3D7_0617000.1	1968	1969	566.279	9.75877
PF3D7_0617100.1	6197	6198	8440.65	46.2098
PF3D7_0617200.1	4684	4685	14798	107.178
PF3D7_0617300.1	1028	1029	2019.59	66.5974
PF3D7_0617400.1	7934	7935	530.668	2.26927
PF3D7_0617500.1	1014	1015	38	1.27036
PF3D7_0617600.1	1418	1419	34.04	0.813986
PF3D7_0617700.1	996	997	33	1.12313
PF3D7_0617800.1	1957	1958	237882	4122.49
PF3D7_0617900.1	2659	2660	305458	3896.55
PF3D7_0618000.1	4377	4378	9150.31	70.9202
PF3D7_0618100.1	2846	2847	5198.1	61.9537
PF3D7_0618200.1	1495	1496	2202.42	49.955
PF3D7_0618300.1	2055	2056	13477.8	222.437
PF3D7_0618400.1	1797	1798	1657	31.2711
PF3D7_0618500.1	1561	1562	9764.94	212.128
PF3D7_0618600.1	825	826	2415	99.2081
PF3D7_0618700.1	1248	1249	5159.23	140.163
PF3D7_0618800.1	3712	3713	2716.46	24.825
PF3D7_0618900.1	3086	3087	2112.56	23.2211
PF3D7_0618900.2	1731	1732	10533.7	206.369
PF3D7_0619000.1	6087	6088	16167.5	90.111
PF3D7_0619000.2	5394	5395	48240.2	303.409
PF3D7_0619100.1	1775	1776	2390	45.6631
PF3D7_0619200.1	3962	3963	23470.4	200.959
PF3D7_0619300.1	11256	11257	9281.69	27.9779
PF3D7_0619400.1	3473	3474	23058.6	225.224
PF3D7_0619500.1	4750	4751	11096.6	79.2532
PF3D7_0619600.1	3341	3342	1513.51	15.367
PF3D7_0619700.1	1979	1980	1993	34.1548
PF3D7_0619800.1	8720	8721	9148.15	35.594
PF3D7_0619900.1	1925	1926	909.488	16.0233
PF3D7_0620000.1	1518	1519	294	6.56749
PF3D7_0620100.1	1186	1187	416	11.8919
PF3D7_0620200.1	1491	1492	326.88	7.43412
PF3D7_0620300.1	2830	2831	3421.62	41.0111
PF3D7_0620400.1	2039	2040	15634.7	260.057
PF3D7_0620500.1	3504	3505	6609.27	63.9846
PF3D7_0620600.1	1625	1626	3386.19	70.6644
PF3D7_0620700.1	2033	2034	9036.25	150.746
PF3D7_0620800.1	72	73	21	9.76128
PF3D7_0620900.1	81	82	60	24.8283
PF3D7_0621000.1	3073	3074	3219	35.5326
PF3D7_0621100.1	4958	4959	8278.28	56.6443
PF3D7_0621200.1	1971	1972	6660.54	114.607
PF3D7_0621300.1	4493	4494	4185.95	31.6061
PF3D7_0621350.1	417	418	78.4388	6.36744
PF3D7_0621400.1	2490	2491	901.321	12.2777
PF3D7_0621500.1	1323	1324	2418.08	61.9716
PF3D7_0621600.1	82	83	236	96.4815
PF3D7_0621700.1	5908	5909	1786.47	10.2587
PF3D7_0621800.1	1756	1757	3879	74.9132
PF3D7_0621900.1	3326	3327	6300.38	64.2575
PF3D7_0622000.1	979	980	1072.52	37.1354
PF3D7_0622100.1	4766	4767	1442.15	10.2654
PF3D7_0622200.1	2997	2998	12798.9	144.861
PF3D7_0622300.1	3055	3056	570.166	6.33079
PF3D7_0622400.1	895	896	348.096	13.1826
PF3D7_0622500.1	1946	1947	492	8.57451
PF3D7_0622600.1	646	647	4133	216.756
PF3D7_0622700.1	1917	1918	4352.28	76.9977
PF3D7_0622800.1	5966	5967	23309.7	132.554
PF3D7_0622900.1	8900	8901	77538.6	295.59
PF3D7_0623000.1	2438	2439	11301.8	157.234
PF3D7_0623100.1	4094	4095	13007.9	107.786
PF3D7_0623200.1	2530	2531	1086.23	14.5626
PF3D7_0623300.1	1701	1702	3485.92	69.4973
PF3D7_0623400.1	1284	1285	742	19.5934
PF3D7_0623500.1	1073	1074	454.4	14.3563
PF3D7_0623600.1	3178	3179	1601.3	17.0919
PF3D7_0623700.1	3723	3724	6069.09	55.2998
PF3D7_0623800.1	11662	11663	46512.1	135.321
PF3D7_0623900.1	1364	1365	30192.5	750.545
PF3D7_0624000.1	3051	3052	890.445	9.89994
PF3D7_0624100.1	2041	2042	606.632	10.0804
PF3D7_0624200.1	1364	1365	7638.48	189.882
PF3D7_0624300.1	558	559	1555	94.3906
PF3D7_0624400.1	2324	2325	9848.25	143.73
PF3D7_0624500.1	2773	2774	6900.5	84.4082
PF3D7_0624600.1	10910	10911	68800.7	213.963
PF3D7_0624700.1	1301	1302	1395.8	36.3765
PF3D7_0624800.1	1875	1876	277	5.01022
PF3D7_0624900.1	1986	1987	2145.26	36.6346
PF3D7_0625000.1	2273	2274	954.911	14.2489
PF3D7_0625000.2	1386	1387	489.055	11.9644
PF3D7_0625100.1	1200	1201	515	14.5504
PF3D7_0625200.1	1931	1932	4832.67	84.8769
PF3D7_0625300.1	4944	4945	9078.18	62.2935
PF3D7_0625400.1	2503	2504	3533.95	47.889
PF3D7_0625500.1	3240	3241	5431.62	56.867
PF3D7_0625600.1	4447	4448	7382.33	56.3169
PF3D7_0625700.1	1264	1265	226	6.06217
PF3D7_0625800.1	2554	2555	1360	18.0617
PF3D7_0625900.1	981	982	375	12.9578
PF3D7_0626000.1	6755	6756	4508.01	22.6415
PF3D7_0626100.1	1583	1584	2118.72	45.3867
PF3D7_0626200.1	1685	1686	3081.51	62.0178
PF3D7_0626300.1	1422	1423	1636	39.0111
PF3D7_0626400.1	3782	3783	5693	51.064
PF3D7_0626500.1	2844	2845	776	9.25528
PF3D7_0626600.1	1074	1075	683.67	21.5798
PF3D7_0626700.1	2531	2532	1284.98	17.2204
PF3D7_0626800.1	3264	3265	25340	263.35
PF3D7_0626840.1	229	230	10	1.47531
PF3D7_0626900.1	1859	1860	1239.9	22.6196
PF3D7_0627000.1	3500	3501	4686.89	45.4259
PF3D7_0627100.1	7312	7313	34178.5	158.587
PF3D7_0627200.1	748	749	1018.49	46.1409
PF3D7_0627300.1	2043	2044	67477.5	1120.18
PF3D7_0627400.1	1243	1244	525.889	14.3444
PF3D7_0627500.1	1695	1696	5598.64	112.013
PF3D7_0627600.1	2438	2439	697.204	9.69969
PF3D7_0627700.1	7580	7581	8948.93	40.0548
PF3D7_0627800.1	4176	4177	9118.12	74.0715
PF3D7_0627900.1	2567	2568	1510.24	19.9554
PF3D7_0628000.1	997	998	116.305	3.95439
PF3D7_0628100.1	32160	32161	269172	283.995
PF3D7_0628200.1	11064	11065	34714	106.454
PF3D7_0628300.1	3394	3395	203137	2030.3
PF3D7_0628400.1	1417	1418	657	15.7217
PF3D7_0628500.1	1471	1472	734.036	16.9208
PF3D7_0628600.1	1657	1658	33985.8	695.541
PF3D7_0628700.1	2754	2755	3398.54	41.8582
PF3D7_0628800.1	4147	4148	1190.48	9.73852
PF3D7_0628900.1	4329	4330	491.032	3.84797
PF3D7_0629000.1	914	915	581	21.5459
PF3D7_0629100.1	2904	2905	2088.48	24.3946
PF3D7_0629200.1	3703	3704	8802.57	80.6397
PF3D7_0629300.1	3317	3318	14321.1	146.457
PF3D7_0629400.1	4785	4786	3323.35	23.5621
PF3D7_0629500.1	3731	3732	4015.14	36.5064
PF3D7_0629600.1	2281	2282	4098.62	60.9442
PF3D7_0629700.1	21239	21240	52888.5	84.4922
PF3D7_0629800.1	4244	4245	3350.56	26.7824
PF3D7_0629900.1	3211	3212	1202.33	12.7016
PF3D7_0630000.1	843	844	11	0.442242
PF3D7_0630100.1	2658	2659	8637.69	110.227
PF3D7_0630200.1	408	409	636	52.7648
PF3D7_0630300.1	10085	10086	9670.39	32.5338
PF3D7_0630400.1	2202	2203	1781.37	27.4378
PF3D7_0630500.1	2859	2860	6814.15	80.8455
PF3D7_0630600.1	3115	3116	17846.2	194.338
PF3D7_0630700.1	2671	2672	1721.05	21.8558
PF3D7_0630800.1	1484	1485	5837.43	133.384
PF3D7_0630900.1	2694	2695	6227.57	78.4097
PF3D7_0631000.1	2532	2533	2868.95	38.4325
PF3D7_0631100.1	2951	2952	4127.76	47.4469
PF3D7_0631200.1	1419	1420	0	0
PF3D7_0631300.1	849	850	3.60962	0.144096
PF3D7_0631400.1	696	697	311.276	15.1539
PF3D7_0631500.1	693	694	4.55814	0.222863
PF3D7_0631600.1	930	931	10938.5	398.676
PF3D7_0631700.1	1083	1084	15.9314	0.498696
PF3D7_0631800.1	1029	1030	4.16933	0.137353
PF3D7_0631900.1	912	913	0	0
PF3D7_0632000.1	1113	1114	2.09604	0.0638446
PF3D7_0632100.1	972	973	17.504	0.610429
PF3D7_0632200.1	1134	1135	6.71084	0.200628
PF3D7_0632250.1	204	205	20.5988	3.40956
PF3D7_0632300.1	1080	1081	35.4374	1.11236
PF3D7_0632400.1	1134	1135	39.7164	1.18736
PF3D7_0632500.1	11865	11866	788.497	2.25479
PF3D7_0632600.1	1050	1051	288.637	9.31877
PF3D7_0632700.1	1131	1132	13.5664	0.406656
PF3D7_0632800.1	6717	6718	828.945	4.18693
PF3D7_0700100.1	6861	6862	323.205	1.59822
PF3D7_0700200.1	972	973	8.03191	0.280102
PF3D7_0700300.1	951	952	0	0
PF3D7_0700400.1	903	904	3.1359	0.117707
PF3D7_0700500.1	1074	1075	14.4143	0.454983
PF3D7_0700600.1	870	871	5.26613e-07	2.05156e-08
PF3D7_0700700.1	864	865	1	0.0392278
PF3D7_0700800.1	1433	1434	118.39	2.8014
PF3D7_0700900.1	1053	1054	0	0
PF3D7_0701000.1	1548	1549	52.3781	1.14738
PF3D7_0701100.1	990	991	3.17702	0.108782
PF3D7_0701200.1	924	925	69.7881	2.56006
PF3D7_0701300.1	1083	1084	15.9314	0.498696
PF3D7_0701400.1	927	928	229.821	8.40334
PF3D7_0701500.1	693	694	52.8656	2.58478
PF3D7_0701600.1	1321	1322	384.97	9.88112
PF3D7_0701700.1	849	850	2.66122	0.106236
PF3D7_0701800.1	996	997	22	0.748751
PF3D7_0701900.1	4227	4228	12096	97.0771
PF3D7_0702000.1	2459	2460	10921	150.639
PF3D7_0702100.1	2016	2017	26528	446.281
PF3D7_0702200.1	3872	3873	9259.46	81.1238
PF3D7_0702300.1	3548	3549	6706.42	64.1202
PF3D7_0702400.1	2842	2843	15224	181.703
PF3D7_0702500.1	2449	2450	3164.28	43.8248
PF3D7_0702600.1	264	265	723	92.5769
PF3D7_0702700.1	73	74	10	4.58541
PF3D7_0702800.1	84	85	18	7.18561
PF3D7_0702900.1	1349	1350	2368.44	59.5304
PF3D7_0703000.1	5771	5772	1931.64	11.3556
PF3D7_0703100.1	1347	1348	299.584	7.54118
PF3D7_0703200.1	5429	5430	6469.55	40.4282
PF3D7_0703300.1	973	974	70.0001	2.43865
PF3D7_0703400.1	3027	3028	1321.31	14.8067
PF3D7_0703500.1	9778	9779	19098.7	66.2705
PF3D7_0703600.1	1819	1820	8714.96	162.482
PF3D7_0703700.1	1665	1666	1273.24	25.9325
PF3D7_0703800.1	3177	3178	1146	12.236
PF3D7_0703900.1	13906	13907	18820.7	45.9211
PF3D7_0704000.1	10298	10299	13284.9	43.7698
PF3D7_0704100.1	11359	11360	21889.5	65.3834
PF3D7_0704200.1	4263	4264	4744.85	37.7586
PF3D7_0704300.1	7537	7538	33074.3	148.883
PF3D7_0704400.1	4115	4116	1189.3	9.80448
PF3D7_0704500.1	5894	5895	9887.11	56.9109
PF3D7_0704600.1	14398	14399	58876.2	138.745
PF3D7_0704700.1	5402	5403	3858.03	24.2293
PF3D7_0704800.1	4297	4298	9113.5	71.9497
PF3D7_0704900.1	1119	1120	652	19.7533
PF3D7_0705000.1	4854	4855	9127.46	63.7927
PF3D7_0705100.1	3509	3510	6483.25	62.6752
PF3D7_0705200.1	5061	5062	757.089	5.07499
PF3D7_0705300.1	3291	3292	16470	169.763
PF3D7_0705400.1	3195	3196	7833.08	83.1641
PF3D7_0705500.1	10458	10459	67115.7	217.743
PF3D7_0705600.1	4319	4320	1190.08	9.34762
PF3D7_0705700.1	1422	1423	22225.8	529.985
PF3D7_0705800.1	582	583	569	33.1172
PF3D7_0705900.1	1466	1467	759.317	17.5632
PF3D7_0706000.1	5266	5267	55625.6	358.362
PF3D7_0706100.1	5580	5581	16766.8	101.941
PF3D7_0706200.1	1072	1073	1631	51.578
PF3D7_0706300.1	1090	1091	8872.91	275.963
PF3D7_0706400.1	1953	1954	6191.38	107.516
PF3D7_0706500.1	7137	7138	9281.09	44.1197
PF3D7_0706600.1	2883	2884	1832.34	21.5586
PF3D7_0706700.1	2622	2623	1283	16.5973
PF3D7_0706800.1	73	74	10	4.58541
PF3D7_0706900.1	72	73	14	6.50752
PF3D7_0707000.1	73	74	2	0.917082
PF3D7_0707100.1	73	74	0	0
PF3D7_0707200.1	6869	6870	5728.73	28.2951
PF3D7_0707300.1	4727	4728	82394.2	591.329
PF3D7_0707400.1	3069	3070	3468	38.3311
PF3D7_0707420.1	348	349	303	29.4596
PF3D7_0707500.1	5962	5963	9892.9	56.2949
PF3D7_0707600.1	1709	1710	1097.28	21.7737
PF3D7_0707700.1	3853	3854	14197.3	124.998
PF3D7_0707800.1	4760	4761	10733.6	76.4993
PF3D7_0707900.1	1989	1990	1405.14	23.9595
PF3D7_0708000.1	3311	3312	5533	56.6866
PF3D7_0708100.1	1268	1269	666	17.8083
PF3D7_0708200.1	2865	2866	1768.2	20.9347
PF3D7_0708300.1	1384	1385	62.0127	1.51929
PF3D7_0708400.1	4313	4314	77046.4	606.014
PF3D7_0708500.1	3461	3462	3166.1	31.0318
PF3D7_0708600.1	759	760	773	34.5125
PF3D7_0708700.1	1939	1940	481.699	8.42527
PF3D7_0708800.1	5300	5301	25050.4	160.35
PF3D7_0708900.1	1910	1911	6620.16	117.549
PF3D7_0709000.1	2136	2137	15544.8	246.826
PF3D7_0709050.1	629	630	403.166	21.7147
PF3D7_0709100.1	4223	4224	6648.1	53.4052
PF3D7_0709200.1	1070	1071	476.291	15.0901
PF3D7_0709300.1	8877	8878	13584.5	51.9206
PF3D7_0709400.1	4452	4453	22408.2	170.752
PF3D7_0709500.1	2010	2011	1336.55	22.5519
PF3D7_0709600.1	4030	4031	2135.78	17.9785
PF3D7_0709700.1	1771	1772	5107.15	97.7969
PF3D7_0709800.1	1072	1073	6222.85	196.789
PF3D7_0709900.1	7445	7446	6331.51	28.8532
PF3D7_0710000.1	10490	10491	13358	43.2052
PF3D7_0710100.1	2272	2273	1999.85	29.8544
PF3D7_0710200.1	10111	10112	12232.4	41.0472
PF3D7_0710300.1	1335	1336	438.759	11.1437
PF3D7_0710400.1	1619	1620	1516.74	31.7691
PF3D7_0710500.1	1128	1129	5881.29	176.762
PF3D7_0710600.1	1383	1384	54573.2	1337.99
PF3D7_0710700.1	1638	1639	26066.8	539.658
PF3D7_0710800.1	1819	1820	8052.22	150.125
PF3D7_0710900.1	2069	2070	2156.8	35.3549
PF3D7_0711000.1	4968	4969	7714.52	52.6805
PF3D7_0711100.1	2489	2490	1428.06	19.4606
PF3D7_0711200.1	3649	3650	3395.8	31.5689
PF3D7_0711300.1	1111	1112	20306	619.626
PF3D7_0711400.1	3334	3335	1834.41	18.6643
PF3D7_0711500.1	3325	3326	4634.42	47.2806
PF3D7_0711600.1	135	136	0	0
PF3D7_0711700.1	6648	6649	863.989	4.40922
PF3D7_0711800.1	135	136	8.4	2.0958
PF3D7_0711900.1	1074	1075	65.5921	2.07039
PF3D7_0712000.1	6828	6829	353.957	1.75875
PF3D7_0712100.1	135	136	0	0
PF3D7_0712200.1	1017	1018	1	0.0333321
PF3D7_0712300.1	6804	6805	445.661	2.22222
PF3D7_0712400.1	6195	6196	234.031	1.28166
PF3D7_0712500.1	1137	1138	10	0.298173
PF3D7_0712600.1	6648	6649	496.598	2.5343
PF3D7_0712700.1	135	136	0	0
PF3D7_0712800.1	6720	6721	2713.66	13.7004
PF3D7_0712900.1	6579	6580	402.059	2.07336
PF3D7_0713000.1	1041	1042	18	0.586158
PF3D7_0713100.1	1320	1321	274.7	7.05611
PF3D7_0713200.1	2066	2067	74.0576	1.21574
PF3D7_0713300.1	1224	1225	140.424	3.88968
PF3D7_0713400.1	1543	1544	1927.01	42.3493
PF3D7_0713500.1	3984	3985	1883.17	16.0351
PF3D7_0713600.1	3009	3010	1563	17.6199
PF3D7_0713700.1	1199	1200	4519.01	127.783
PF3D7_0713800.1	1557	1558	1530.91	33.3419
PF3D7_0713900.1	14840	14841	23757.5	54.3184
PF3D7_0714000.1	1798	1799	2085.26	39.3315
PF3D7_0714100.1	2049	2050	830	13.7383
PF3D7_0714200.1	4677	4678	6985.86	50.6722
PF3D7_0714300.1	4726	4727	10929.7	78.4575
PF3D7_0714400.1	1664	1665	501	10.2102
PF3D7_0714500.1	3223	3224	12107.2	127.427
PF3D7_0714600.1	2615	2616	6333.13	82.1468
PF3D7_0714700.1	72	73	1	0.464823
PF3D7_0714800.1	80	81	4	1.67566
PF3D7_0714900.1	82	83	70	28.6174
PF3D7_0715000.1	1435	1436	913.146	21.5773
PF3D7_0715100.1	553	554	867	53.103
PF3D7_0715200.1	7378	7379	6044.4	27.7949
PF3D7_0715300.1	3268	3269	3628.71	37.6658
PF3D7_0715400.1	1220	1221	667.094	18.5388
PF3D7_0715500.1	919	920	1711.58	63.1276
PF3D7_0715600.1	2919	2920	4372.61	50.8123
PF3D7_0715700.1	1106	1107	158.706	4.8647
PF3D7_0715800.1	2090	2091	3622.42	58.7834
PF3D7_0715900.1	3313	3314	2227.24	22.8047
PF3D7_0716000.1	4121	4122	5772.97	47.5227
PF3D7_0716100.1	4209	4210	7286.39	58.7274
PF3D7_0716200.1	3227	3228	16705.4	175.603
PF3D7_0716300.1	2947	2948	10034.5	115.5
PF3D7_0716400.1	1157	1158	5135	150.467
PF3D7_0716500.1	1694	1695	3623.04	72.5293
PF3D7_0716600.1	2101	2102	2151.03	34.7235
PF3D7_0716700.1	3068	3069	13485	149.095
PF3D7_0716800.1	1954	1955	2983.48	51.783
PF3D7_0716900.1	2852	2853	2949.56	35.0804
PF3D7_0717000.1	1854	1855	2362.31	43.2119
PF3D7_0717100.1	3220	3221	5101	53.7372
PF3D7_0717200.1	2243	2244	2469.4	37.3404
PF3D7_0717300.1	2799	2800	78453.3	950.744
PF3D7_0717400.1	3444	3445	6743.61	66.4222
PF3D7_0717500.1	3012	3013	36047.5	405.963
PF3D7_0717600.1	3875	3876	74279.5	650.273
PF3D7_0717700.1	2251	2252	48800	735.295
PF3D7_0717800.1	4593	4594	2423.98	17.9039
PF3D7_0717900.1	2326	2327	2543.63	37.091
PF3D7_0718000.1	17541	17542	3429.31	6.63342
PF3D7_0718100.1	9090	9091	5122.46	19.1195
PF3D7_0718300.1	7632	7633	1403	6.23695
PF3D7_0718400.1	1548	1549	4413.12	96.6728
PF3D7_0718500.1	1519	1520	3770.52	84.172
PF3D7_0718600.1	3824	3825	4641.26	41.1732
PF3D7_0718700.1	1781	1782	1588.86	30.2545
PF3D7_0718800.1	822	823	71	2.92731
PF3D7_0718900.1	705	706	3	0.144187
PF3D7_0719000.1	1523	1524	1820.68	40.5378
PF3D7_0719100.1	1097	1098	10429.2	322.299
PF3D7_0719200.1	1543	1544	436.131	9.58473
PF3D7_0719300.1	4737	4738	5326.75	38.1485
PF3D7_0719400.1	5669	5670	5959.39	35.6639
PF3D7_0719500.1	2179	2180	5506.45	85.7088
PF3D7_0719600.1	2688	2689	4413.36	55.6914
PF3D7_0719700.1	2931	2932	3173.42	36.7261
PF3D7_0719800.1	2727	2728	3700.94	46.0339
PF3D7_0719900.1	10536	10537	16391	52.7837
PF3D7_0720000.1	1287	1288	396.14	10.4362
PF3D7_0720100.1	1493	1494	498	11.3107
PF3D7_0720200.1	904	905	6305.63	236.423
PF3D7_0720300.1	315	316	4707	505.437
PF3D7_0720400.1	2857	2858	2837.15	33.6845
PF3D7_0720500.1	1561	1562	510.985	11.1004
PF3D7_0720600.1	2365	2366	3106.09	44.5461
PF3D7_0720700.1	8463	8464	30513.3	122.327
PF3D7_0720800.1	1039	1040	7814.68	254.969
PF3D7_0720900.1	1605	1606	8355.45	176.537
PF3D7_0721000.1	11177	11178	14484.9	43.9706
PF3D7_0721100.1	1986	1987	17193	293.606
PF3D7_0721200.1	3524	3525	1472.31	14.1727
PF3D7_0721300.1	4251	4252	5087.78	40.6018
PF3D7_0721400.1	1668	1669	2824.15	57.4172
PF3D7_0721500.1	2626	2627	4045	52.2479
PF3D7_0721600.1	1532	1533	35070.4	776.262
PF3D7_0721700.1	2197	2198	314.521	4.85548
PF3D7_0721800.1	1317	1318	3246.65	83.5854
PF3D7_0721900.1	1043	1044	5224.41	169.804
PF3D7_0722000.1	2068	2069	64946	1065.13
PF3D7_0722100.1	2524	2525	3891.92	52.3013
PF3D7_0722200.1	3241	3242	237827	2489.19
PF3D7_0722300.1	5059	5060	11743.9	78.7537
PF3D7_0722400.1	1908	1909	7289.14	129.563
PF3D7_0722500.1	1357	1358	1311.01	32.7579
PF3D7_0722600.1	2989	2990	4947.97	56.1521
PF3D7_0722700.1	1225	1226	668.066	18.4901
PF3D7_0722800.1	1740	1741	558	10.8754
PF3D7_0722900.1	1232	1233	4461.46	122.779
PF3D7_0723000.1	1936	1937	2073.17	36.3175
PF3D7_0723100.1	1386	1387	993	24.2931
PF3D7_0723200.1	1077	1078	202	6.35833
PF3D7_0723300.1	3136	3137	48009.1	519.301
PF3D7_0723400.1	5535	5536	10496.3	64.3357
PF3D7_0723500.1	1545	1546	576.692	12.6574
PF3D7_0723600.1	1156	1157	4681.4	137.294
PF3D7_0723700.1	3546	3547	3957.75	37.8615
PF3D7_0723800.1	7915	7916	22494.9	96.4247
PF3D7_0723900.1	4893	4894	3871.75	26.8444
PF3D7_0724000.1	6058	6059	5845.83	32.7383
PF3D7_0724100.1	5171	5172	41240.2	270.566
PF3D7_0724200.1	1570	1571	14364	310.248
PF3D7_0724300.1	1430	1431	526.173	12.4767
PF3D7_0724400.1	912	913	1851.08	68.7961
PF3D7_0724500.1	924	925	1716.9	62.9817
PF3D7_0724600.1	7205	7206	1411.48	6.64645
PF3D7_0724700.1	11439	11440	15718.3	46.6219
PF3D7_0724800.1	2404	2405	4354	61.4304
PF3D7_0724900.1	6022	6023	67332.8	379.336
PF3D7_0725000.1	5309	5310	6221.47	39.7566
PF3D7_0725100.1	6048	6049	5048.06	28.3172
PF3D7_0725200.1	1125	1126	916.751	27.6263
PF3D7_0725300.1	2989	2990	4977	56.4815
PF3D7_0725400.1	722	723	658038	30883.2
PF3D7_0725600.1	2087	2088	148661	2415.89
PF3D7_0725800.1	159	160	5189	1100.46
PF3D7_0726000.1	3788	3789	2.48478e+06	22252.2
PF3D7_0726050.1	303	304	778	86.8393
PF3D7_0726100.1	3623	3624	10745	100.607
PF3D7_0726200.1	4307	4308	1149	9.05015
PF3D7_0726300.1	4690	4691	4096.35	29.6307
PF3D7_0726400.1	16006	16007	14099.4	29.8883
PF3D7_0726500.1	12216	12217	13322.2	37.0017
PF3D7_0726600.1	3033	3034	1190.51	13.3146
PF3D7_0726700.1	728	729	26469	1232.03
PF3D7_0726800.1	607	608	473.854	26.4455
PF3D7_0726900.1	2675	2676	1294.31	16.4121
PF3D7_0727000.1	4354	4355	2835.76	22.0949
PF3D7_0727100.1	3777	3778	1193.53	10.7196
PF3D7_0727200.1	2664	2665	1182.11	15.0512
PF3D7_0727300.1	2619	2620	7786.53	100.845
PF3D7_0727400.1	1354	1355	1628.03	40.7693
PF3D7_0727500.1	2687	2688	10343.1	130.567
PF3D7_0727600.1	3389	3390	2418.93	24.2122
PF3D7_0727700.1	3239	3240	4177.84	43.7539
PF3D7_0727800.1	6477	6478	11170.7	58.5126
PF3D7_0727900.1	6544	6545	4050.28	20.9984
PF3D7_0728000.1	2030	2031	1298.77	21.6987
PF3D7_0728100.1	17102	17103	9269.48	18.3905
PF3D7_0728200.1	2203	2204	5606.11	86.3098
PF3D7_0728300.1	1133	1134	616.605	18.4503
PF3D7_0728400.1	764	765	9350.89	414.765
PF3D7_0728500.1	432	433	2640	206.884
PF3D7_0728600.1	7946	7947	10908.2	46.5759
PF3D7_0728700.1	3836	3837	1880.99	16.6343
PF3D7_0728800.1	2331	2332	6258.18	91.0605
PF3D7_0728900.1	2312	2313	2096.51	30.7562
PF3D7_0729000.1	682	683	2148	106.715
PF3D7_0729100.1	8674	8675	20765.8	81.2251
PF3D7_0729200.1	1364	1365	692	17.2022
PF3D7_0729300.1	3424	3425	3942.12	39.0552
PF3D7_0729400.1	2242	2243	11416.4	172.707
PF3D7_0729500.1	3578	3579	5286.52	50.1209
PF3D7_0729600.1	1166	1167	2665.52	77.5035
PF3D7_0729700.1	2754	2755	12077.1	148.748
PF3D7_0729800.1	1760	1761	4275.79	82.3886
PF3D7_0729900.1	15198	15199	11407	25.4663
PF3D7_0730000.1	1472	1473	603.026	13.8913
PF3D7_0730100.1	3379	3380	1948.77	19.5638
PF3D7_0730200.1	3326	3327	2417	24.651
PF3D7_0730300.1	4947	4948	19226.3	131.849
PF3D7_0730400.1	477	478	17969	1275.58
PF3D7_0730500.1	10486	10487	18276.8	59.137
PF3D7_0730600.1	73	74	5.15152	2.36218
PF3D7_0730700.1	72	73	79	36.721
PF3D7_0730800.1	2858	2859	46057.3	546.632
PF3D7_0730900.1	9383	9384	153823	556.216
PF3D7_0731000.1	1764	1765	2352.3	45.2228
PF3D7_0731100.1	5859	5860	50209.2	290.734
PF3D7_0731200.1	1949	1950	3926.49	68.325
PF3D7_0731300.1	3239	3240	12120.8	126.939
PF3D7_0731400.1	1605	1606	1450	30.636
PF3D7_0731500.1	6037	6038	189367	1064.2
PF3D7_0731600.1	4410	4411	53960.4	415.096
PF3D7_0731700.1	1469	1470	598.133	13.8067
PF3D7_0731800.1	4128	4129	18114.7	148.866
PF3D7_0731900.1	957	958	237	8.39446
PF3D7_0732000.1	891	892	0	0
PF3D7_0732100.1	1284	1285	11.6441	0.307478
PF3D7_0732200.1	1101	1102	1.96813	0.0606014
PF3D7_0732300.1	1017	1018	0	0
PF3D7_0732400.1	1149	1150	2	0.0590123
PF3D7_0732500.1	1119	1120	46.1605	1.3985
PF3D7_0732600.1	213	214	6.24644	0.990442
PF3D7_0732700.1	1080	1081	23.2811	0.730783
PF3D7_0732800.1	1329	1330	20.7085	0.528333
PF3D7_0732900.1	1020	1021	68.2302	2.26757
PF3D7_0733000.1	7788	7789	680.192	2.96319
PF3D7_0800100.1	6363	6364	2741.2	14.6157
PF3D7_0800200.1	9779	9780	766.774	2.66035
PF3D7_0800300.1	10075	10076	3818.54	12.8594
PF3D7_0800400.1	993	994	45.2059	1.54319
PF3D7_0800500.1	1128	1129	13.0951	0.393573
PF3D7_0800600.1	876	877	279.676	10.821
PF3D7_0800650.1	146	147	22.9267	5.29217
PF3D7_0800700.1	8556	8557	3439.75	13.64
PF3D7_0800750.1	576	577	724.66	42.6156
PF3D7_0800800.1	1451	1452	202.023	4.72111
PF3D7_0800900.1	636	637	131	6.97818
PF3D7_0801000.1	5877	5878	7017.89	40.5123
PF3D7_0801100.1	6175	6176	997.692	5.4815
PF3D7_0801200.1	162	163	5.00426	1.04175
PF3D7_0801300.1	873	874	151	5.8624
PF3D7_0801400.1	949	950	676.466	24.162
PF3D7_0801500.1	2446	2447	3648.02	50.5864
PF3D7_0801600.1	707	708	186.936	8.95922
PF3D7_0801700.1	6899	6900	4878.48	23.9908
PF3D7_0801800.1	4641	4642	36940.8	270.03
PF3D7_0801900.1	17669	17670	13410.3	25.7521
PF3D7_0802000.1	6028	6029	38728.6	217.97
PF3D7_0802100.1	9490	9491	12499.9	44.6893
PF3D7_0802200.1	1973	1974	55638.3	956.394
PF3D7_0802300.1	4285	4286	3986	31.557
PF3D7_0802400.1	2187	2188	7810	121.119
PF3D7_0802500.1	5631	5632	5060.56	30.4892
PF3D7_0802600.1	7479	7480	93186.6	422.729
PF3D7_0802700.1	1233	1234	1393	38.3042
PF3D7_0802800.1	2764	2765	36182	444.025
PF3D7_0802900.1	1375	1376	171.896	4.23895
PF3D7_0803000.1	2442	2443	3344	46.4465
PF3D7_0803100.1	4591	4592	5810.47	42.9358
PF3D7_0803200.1	3094	3095	3987.53	43.7173
PF3D7_0803300.1	1537	1538	587.035	12.9514
PF3D7_0803400.1	5951	5952	21250.8	121.15
PF3D7_0803500.1	5114	5115	10461.9	69.4026
PF3D7_0803600.1	5954	5955	12217	69.6133
PF3D7_0803700.1	2408	2409	515.36	7.25913
PF3D7_0803800.1	1654	1655	77089.3	1580.54
PF3D7_0803900.1	130	131	449	116.301
PF3D7_0804000.1	3546	3547	7337.49	70.1934
PF3D7_0804100.1	85	86	3	1.18368
PF3D7_0804200.1	160	161	37	7.79805
PF3D7_0804300.1	3196	3197	7236.38	76.8049
PF3D7_0804400.1	3414	3415	2387.9	23.7266
PF3D7_0804500.1	19773	19774	34713.2	59.5676
PF3D7_0804600.1	2374	2375	2055.28	29.3642
PF3D7_0804700.1	5997	5998	15327.7	86.7124
PF3D7_0804800.1	1125	1126	16198.2	488.132
PF3D7_0804900.1	2765	2766	43592.1	534.769
PF3D7_0805000.1	1977	1978	1632	27.9965
PF3D7_0805100.1	2767	2768	1192.17	14.6144
PF3D7_0805200.1	1118	1119	8597	260.692
PF3D7_0805300.1	4228	4229	18736	150.331
PF3D7_0805400.1	1180	1181	14407	413.937
PF3D7_0805500.1	5734	5735	17961.8	106.274
PF3D7_0805600.1	2465	2466	2736.19	37.6499
PF3D7_0805700.1	6243	6244	4695.45	25.5167
PF3D7_0805800.1	1311	1312	179	4.62945
PF3D7_0805900.1	750	751	480	21.6876
PF3D7_0806000.1	4165	4166	2243.73	18.2752
PF3D7_0806100.1	2546	2547	2596.05	34.5855
PF3D7_0806200.1	3386	3387	7792	78.0628
PF3D7_0806300.1	5343	5344	7916	50.2631
PF3D7_0806400.1	1328	1329	680.226	17.3675
PF3D7_0806500.1	3318	3319	7843.39	80.1875
PF3D7_0806600.1	3281	3282	6268.93	64.8134
PF3D7_0806700.1	8860	8861	11008.5	42.1556
PF3D7_0806800.1	4316	4317	43167.9	339.304
PF3D7_0806900.1	2004	2005	0	0
PF3D7_0807000.1	4028	4029	6932.73	58.3871
PF3D7_0807100.1	4597	4598	6896.5	50.8944
PF3D7_0807200.1	2139	2140	863.309	13.6887
PF3D7_0807300.1	1582	1583	59065.3	1266.08
PF3D7_0807400.1	1827	1828	3574	66.342
PF3D7_0807500.1	2281	2282	1707.11	25.3838
PF3D7_0807600.1	6650	6651	30478.1	155.493
PF3D7_0807700.1	3166	3167	6619.93	70.9276
PF3D7_0807800.1	1970	1971	33347.8	574.104
PF3D7_0807900.1	2005	2006	6352	107.446
PF3D7_0808000.1	4916	4917	3154.58	21.7697
PF3D7_0808100.1	6048	6049	2742.45	15.3839
PF3D7_0808200.1	3518	3519	17309.3	166.905
PF3D7_0808300.1	2388	2389	32483.5	461.378
PF3D7_0808400.1	1883	1884	9101.66	163.927
PF3D7_0808450.1	273	274	5881	728.301
PF3D7_0808500.1	135	136	0	0
PF3D7_0808600.1	7804	7805	1016.46	4.41905
PF3D7_0808700.1	6696	6697	708.324	3.58891
PF3D7_0808800.1	1167	1168	5	0.145257
PF3D7_0808900.1	999	1000	133	4.51296
PF3D7_0809000.1	135	136	0	0
PF3D7_0809100.1	7018	7019	1132.72	5.47591
PF3D7_0809200.1	4975	4976	4683.43	31.9369
PF3D7_0809250.1	204	205	10540	1744.6
PF3D7_0809400.1	3042	3043	31313.2	349.169
PF3D7_0809500.1	915	916	62.8411	2.32787
PF3D7_0809600.1	17994	17995	7148.99	13.4804
PF3D7_0809700.1	1563	1564	2599	56.3871
PF3D7_0809800.1	3894	3895	3447	30.0292
PF3D7_0809900.1	4952	4953	3060.64	20.9678
PF3D7_0810000.1	1243	1244	4310.74	117.582
PF3D7_0810100.1	1256	1257	2084.17	56.261
PF3D7_0810200.1	3581	3582	5930.81	56.1822
PF3D7_0810300.1	4433	4434	108801	832.623
PF3D7_0810400.1	1812	1813	18049	337.805
PF3D7_0810500.1	1413	1414	14247.7	341.904
PF3D7_0810600.1	7019	7020	6351.49	30.7007
PF3D7_0810700.1	1392	1393	1906.28	46.435
PF3D7_0810800.1	2866	2867	2062.06	24.4053
PF3D7_0810900.1	2282	2283	13374.8	198.788
PF3D7_0810900.2	366	367	1061.55	98.1491
PF3D7_0811000.1	4754	4755	7549.46	53.8735
PF3D7_0811100.1	2686	2687	628.089	7.93165
PF3D7_0811200.1	4349	4350	8467.39	66.0496
PF3D7_0811300.1	7196	7197	21771	102.645
PF3D7_0811400.1	4044	4045	14638.6	122.798
PF3D7_0811500.1	3899	3900	1403.95	12.2151
PF3D7_0811600.1	4090	4091	15412.1	127.833
PF3D7_0811700.1	5242	5243	17877	115.698
PF3D7_0811800.1	2686	2687	12752.8	161.045
PF3D7_0811900.1	4523	4524	45404.5	340.554
PF3D7_0812000.1	1459	1460	4974.82	115.621
PF3D7_0812100.1	8840	8841	22337	85.7302
PF3D7_0812200.1	1325	1326	1024	26.2039
PF3D7_0812220.1	1304	1305	2519.87	65.5205
PF3D7_0812300.1	1386	1387	334	8.17109
PF3D7_0812400.1	3209	3210	13198.4	139.516
PF3D7_0812500.1	5332	5333	7319.43	46.571
PF3D7_0812600.1	1615	1616	790.62	16.6011
PF3D7_0812700.1	1892	1893	5709.13	102.336
PF3D7_0812800.1	219	220	101	15.5779
PF3D7_0812900.1	6113	6114	12809	71.0885
PF3D7_0813000.1	2093	2094	22814	369.688
PF3D7_0813100.1	3598	3599	6157.38	58.0529
PF3D7_0813200.1	2083	2084	22345.8	363.838
PF3D7_0813300.1	2317	2318	62543.7	915.546
PF3D7_0813400.1	4327	4328	12214.8	95.7654
PF3D7_0813500.1	1548	1549	2904	63.6144
PF3D7_0813600.1	2139	2140	10301.7	163.345
PF3D7_0813700.1	4960	4961	14896	101.885
PF3D7_0813800.1	1385	1386	2364	57.8754
PF3D7_0813900.1	1760	1761	14854.6	286.229
PF3D7_0814000.1	2401	2402	63965.4	903.612
PF3D7_0814100.1	2362	2363	3870.32	55.5768
PF3D7_0814200.1	3970	3971	62604	534.949
PF3D7_0814300.1	4361	4362	1669.69	12.9886
PF3D7_0814400.1	2991	2992	12759.6	144.706
PF3D7_0814500.1	3410	3411	4836.42	48.1119
PF3D7_0814600.1	1182	1183	1939	55.6164
PF3D7_0814700.1	1547	1548	4892.05	107.233
PF3D7_0814900.1	1432	1433	816.419	19.332
PF3D7_0815000.1	1988	1989	2196.65	37.4745
PF3D7_0815100.1	2928	2929	7646.21	88.5803
PF3D7_0815200.1	5148	5149	3791.88	24.9886
PF3D7_0815300.1	4305	4306	857.168	6.75464
PF3D7_0815400.1	1122	1123	87.8764	2.65523
PF3D7_0815500.1	3017	3018	4988.64	56.0884
PF3D7_0815600.1	1371	1372	10587	261.835
PF3D7_0815700.1	2005	2006	756.853	12.8024
PF3D7_0815800.1	6653	6654	9858.81	50.2749
PF3D7_0815900.1	2240	2241	2395.33	36.2689
PF3D7_0816000.1	2197	2198	1329.28	20.521
PF3D7_0816100.1	1290	1291	2836.92	74.5644
PF3D7_0816200.1	1273	1274	2439.01	64.9613
PF3D7_0816300.1	3000	3001	3514.33	39.7363
PF3D7_0816400.1	1424	1425	1524.15	36.293
PF3D7_0816500.1	519	520	35	2.28389
PF3D7_0816600.1	4309	4310	6363.26	50.0971
PF3D7_0816700.1	1294	1295	2044	53.5576
PF3D7_0816800.1	1055	1056	147	4.7235
PF3D7_0816900.1	1086	1087	1464.06	45.7026
PF3D7_0817000.1	1170	1171	210	6.08517
PF3D7_0817100.1	2998	2999	2707.07	30.629
PF3D7_0817200.1	3509	3510	3898.08	37.6837
PF3D7_0817300.1	9235	9236	7844.79	28.8209
PF3D7_0817400.1	3260	3261	2747.26	28.5863
PF3D7_0817500.1	1536	1537	26035.6	574.782
PF3D7_0817600.1	4164	4165	36730.5	299.242
PF3D7_0817700.1	5135	5136	22510.2	148.718
PF3D7_0817800.1	1535	1536	16628.9	367.352
PF3D7_0817900.1	1091	1092	7370.36	229.022
PF3D7_0818000.1	3563	3564	66721.8	635.244
PF3D7_0818100.1	3056	3057	15784.4	175.203
PF3D7_0818200.1	3935	3936	3062.7	26.4034
PF3D7_0818300.1	1683	1684	1383	27.867
PF3D7_0818400.1	1410	1411	7971.33	191.696
PF3D7_0818500.1	2662	2663	7064.83	90.0203
PF3D7_0818600.1	1547	1548	5235	114.751
PF3D7_0818700.1	6197	6198	10702.6	58.5935
PF3D7_0818800.1	1816	1817	30579.7	571.068
PF3D7_0818900.1	4431	4432	241081	1845.76
PF3D7_0819000.1	4711	4712	11751.9	84.6274
PF3D7_0819100.1	2200	2201	972.092	14.9864
PF3D7_0819200.1	2031	2032	1698	28.3546
PF3D7_0819300.1	3596	3597	863	8.14105
PF3D7_0819400.1	1965	1966	551	9.50995
PF3D7_0819500.1	1776	1777	597.779	11.4147
PF3D7_0819600.1	3035	3036	6084.22	68.0006
PF3D7_0819700.1	2346	2347	11945	172.696
PF3D7_0819800.1	4227	4228	11081	88.9312
PF3D7_0819900.1	497	498	3923	267.3
PF3D7_0820000.1	7710	7711	8766.04	38.5747
PF3D7_0820100.1	1416	1417	1952	46.7434
PF3D7_0820200.1	3760	3761	12462.3	112.436
PF3D7_0820300.1	4415	4416	3596.99	27.6389
PF3D7_0820400.1	2441	2442	980.594	13.6255
PF3D7_0820500.1	2921	2922	4644.84	53.9388
PF3D7_0820600.1	2052	2053	436.01	7.20639
PF3D7_0820700.1	4055	4056	6469.2	54.1206
PF3D7_0820800.1	3012	3013	4729.37	53.2616
PF3D7_0820900.1	5053	5054	19855	133.304
PF3D7_0821000.1	2238	2239	4689.42	71.0681
PF3D7_0821100.1	3227	3228	7051.59	74.1248
PF3D7_0821200.1	1160	1161	481.141	14.0621
PF3D7_0821300.1	3217	3218	6655.43	70.1779
PF3D7_0821400.1	2381	2382	1776.09	25.3008
PF3D7_0821500.1	1405	1406	1121.59	27.0683
PF3D7_0821600.1	2504	2505	18330.2	248.297
PF3D7_0821700.1	1728	1729	1513.32	29.6994
PF3D7_0821800.1	1689	1690	1908.49	38.3189
PF3D7_0821900.1	1053	1054	967.087	31.134
PF3D7_0822000.1	2192	2193	1314.56	20.34
PF3D7_0822100.1	1450	1451	2866.88	67.0428
PF3D7_0822200.1	4557	4558	8825.15	65.6989
PF3D7_0822300.1	1130	1131	3190	95.7058
PF3D7_0822400.1	1738	1739	1878.15	36.6473
PF3D7_0822500.1	963	964	875.424	30.8142
PF3D7_0822600.1	3568	3569	2181.85	20.7438
PF3D7_0822700.1	3590	3591	3799.27	35.9
PF3D7_0822800.1	1984	1985	625.439	10.6914
PF3D7_0822900.1	5252	5253	34210.9	220.987
PF3D7_0823000.1	4157	4158	5748.94	46.9152
PF3D7_0823100.1	2786	2787	1663.25	20.2502
PF3D7_0823200.1	3980	3981	8917.97	76.0123
PF3D7_0823300.1	5437	5438	6655.73	41.5305
PF3D7_0823400.1	1485	1486	609	13.9062
PF3D7_0823500.1	1792	1793	446.556	8.45095
PF3D7_0823600.1	1634	1635	836.095	17.3519
PF3D7_0823700.1	954	955	305.011	10.8373
PF3D7_0823800.1	3474	3475	5496.12	53.6675
PF3D7_0823900.1	1754	1755	229.294	4.43329
PF3D7_0824000.1	2704	2705	5990.15	75.1416
PF3D7_0824100.1	1953	1954	14466.1	251.21
PF3D7_0824200.1	3849	3850	11660.2	102.767
PF3D7_0824300.1	2322	2323	13585	198.436
PF3D7_0824400.1	3195	3196	5382.12	57.1422
PF3D7_0824500.1	1726	1727	3704.4	72.784
PF3D7_0824600.1	1438	1439	1490	35.1346
PF3D7_0824700.1	2405	2406	4367.38	61.5936
PF3D7_0824800.1	4921	4922	2233.78	15.3996
PF3D7_0824900.1	3973	3974	6630.27	56.6127
PF3D7_0825000.1	5630	5631	5043.21	30.3901
PF3D7_0825100.1	561	562	209	12.6189
PF3D7_0825200.1	1196	1197	4474.73	126.848
PF3D7_0825300.1	1179	1180	7720.86	222.021
PF3D7_0825400.1	923	924	3276.63	120.328
PF3D7_0825500.1	2872	2873	9688.28	114.425
PF3D7_0825600.1	817	818	5611	232.754
PF3D7_0825700.1	918	919	1636	60.4057
PF3D7_0825800.1	1341	1342	3396	85.8668
PF3D7_0825900.1	2685	2686	350.021	4.4218
PF3D7_0826000.1	3955	3956	677.293	5.80939
PF3D7_0826100.1	27924	27925	58019.5	70.5003
PF3D7_0826200.1	2474	2475	3004	41.1846
PF3D7_0826300.1	2964	2965	1951.46	22.3329
PF3D7_0826400.1	954	955	1258	44.6979
PF3D7_0826500.1	5939	5940	7921.71	45.2525
PF3D7_0826600.1	2001	2002	639.299	10.8355
PF3D7_0826700.1	2141	2142	20625	326.727
PF3D7_0826800.1	98	99	4	1.37099
PF3D7_0826900.1	2758	2759	8002.47	98.4198
PF3D7_0827000.1	4346	4347	22856.1	178.411
PF3D7_0827100.1	5011	5012	1075.1	7.27858
PF3D7_0827200.1	3015	3016	257.538	2.89748
PF3D7_0827300.1	2653	2654	7070.92	90.4034
PF3D7_0827400.1	657	658	1277	65.8529
PF3D7_0827500.1	1650	1651	7728.86	158.847
PF3D7_0827600.1	6024	6025	25237.4	142.134
PF3D7_0827700.1	2832	2833	486	5.82103
PF3D7_0827800.1	7596	7597	21337.1	95.3021
PF3D7_0827900.1	2424	2425	35087.6	490.966
PF3D7_0828000.1	804	805	93	3.9201
PF3D7_0828100.1	3639	3640	2236.09	20.8448
PF3D7_0828200.1	5250	5251	9769.55	63.131
PF3D7_0828300.1	3415	3416	3492.85	34.6954
PF3D7_0828400.1	2510	2511	569.049	7.68977
PF3D7_0828500.1	1706	1707	28364	563.825
PF3D7_0828600.1	2371	2372	8932.25	127.778
PF3D7_0828700.1	3978	3979	2089.69	17.8204
PF3D7_0828800.1	4046	4047	48020.8	402.63
PF3D7_0828900.1	1870	1871	12879	233.571
PF3D7_0829000.1	6927	6928	22893.5	112.128
PF3D7_0829100.1	1476	1477	1539.44	35.3666
PF3D7_0829200.1	1464	1465	590.269	13.6717
PF3D7_0829300.1	1709	1710	1715.5	34.0412
PF3D7_0829400.1	2922	2923	11211.8	130.153
PF3D7_0829500.1	7015	7016	1639	7.92682
PF3D7_0829600.1	1486	1487	3159.84	72.1048
PF3D7_0829700.1	813	814	884	36.85
PF3D7_0829800.1	2739	2740	117.032	1.44932
PF3D7_0829900.1	3171	3172	5313.92	56.8449
PF3D7_0830000.1	111	112	0	0
PF3D7_0830100.1	2827	2828	39483.7	473.749
PF3D7_0830200.1	4371	4372	1755.7	13.6264
PF3D7_0830300.1	1167	1168	109	3.1666
PF3D7_0830400.1	1992	1993	18219.8	310.203
PF3D7_0830500.1	3696	3697	105143	965.035
PF3D7_0830600.1	3670	3671	14001.5	129.42
PF3D7_0830700.1	2172	2173	1562.21	24.3944
PF3D7_0830800.1	8209	8210	7460.69	30.8351
PF3D7_0830900.1	1743	1744	1471.87	28.6373
PF3D7_0831000.1	2027	2028	738.065	12.3491
PF3D7_0831100.1	6752	6753	1492.7	7.50044
PF3D7_0831200.1	3982	3983	8799	74.9606
PF3D7_0831300.1	4356	4357	4377.25	34.0898
PF3D7_0831400.1	2167	2168	2099.56	32.8609
PF3D7_0831500.1	3811	3812	4755.09	42.3269
PF3D7_0831600.1	4332	4333	116754	914.31
PF3D7_0831700.1	4215	4216	76136.5	612.777
PF3D7_0831750.1	867	868	1509	58.9902
PF3D7_0831800.1	3631	3632	63978.2	597.718
PF3D7_0831900.1	864	865	1695	66.4911
PF3D7_0832000.1	912	913	310	11.5213
PF3D7_0832100.1	1026	1027	1402	46.322
PF3D7_0832200.1	2640	2641	1700.4	21.847
PF3D7_0832200.2	882	883	13.576	0.521699
PF3D7_0832250.1	483	484	25	1.75269
PF3D7_0832300.1	780	781	39	1.69443
PF3D7_0832400.1	915	916	18.1429	0.67208
PF3D7_0832500.1	981	982	0	0
PF3D7_0832600.1	954	955	0	0
PF3D7_0832700.1	783	784	0	0
PF3D7_0832800.1	921	922	0	0
PF3D7_0832900.1	915	916	0	0
PF3D7_0833000.1	1107	1108	14.7582	0.451963
PF3D7_0833100.1	1107	1108	68.4221	2.0954
PF3D7_0833150.1	213	214	11	1.74417
PF3D7_0833200.1	1071	1072	0	0
PF3D7_0833300.1	1185	1186	42.081	1.20396
PF3D7_0833400.1	1023	1024	6.20195	0.205513
PF3D7_0833500.1	6810	6811	962.463	4.79494
PF3D7_0900100.1	6813	6814	413.894	2.06109
PF3D7_0900200.1	1131	1132	34.2581	1.0269
PF3D7_0900300.1	1080	1081	65.4336	2.05393
PF3D7_0900350.1	213	214	1	0.158561
PF3D7_0900400.1	1032	1033	43.001	1.4125
PF3D7_0900500.1	1017	1018	3.09188	0.103059
PF3D7_0900600.1	1104	1105	276.008	8.47559
PF3D7_0900700.1	1146	1147	12.2796	0.363272
PF3D7_0900800.1	1368	1369	542.286	13.4411
PF3D7_0900900.1	903	904	12.0242	0.451334
PF3D7_0901000.1	930	931	0	0
PF3D7_0901100.1	1053	1054	10.1982	0.328318
PF3D7_0901200.1	213	214	1	0.158561
PF3D7_0901300.1	1137	1138	74.8974	2.23324
PF3D7_0901400.1	1053	1054	80	2.57549
PF3D7_0901500.1	1098	1099	56.0295	1.72993
PF3D7_0901600.1	912	913	4.0611	0.150933
PF3D7_0901700.1	1948	1949	6341	110.397
PF3D7_0901800.1	1868	1869	2507.64	45.5266
PF3D7_0901900.1	2156	2157	134.133	2.11006
PF3D7_0902000.1	2537	2538	1516	20.2683
PF3D7_0902100.1	1835	1836	24045	444.388
PF3D7_0902200.1	3256	3257	4938.52	51.4505
PF3D7_0902300.1	3113	3114	7066.06	76.9961
PF3D7_0902400.1	1623	1624	870	18.1779
PF3D7_0902500.1	3034	3035	8664	96.8657
PF3D7_0902600.1	1854	1855	6525.19	119.36
PF3D7_0902700.1	1347	1348	1681	42.3144
PF3D7_0902800.1	3697	3698	19375	177.781
PF3D7_0902900.1	309	310	51	5.58237
PF3D7_0903000.1	1247	1248	2004.23	54.4934
PF3D7_0903100.1	957	958	198.013	7.01356
PF3D7_0903200.1	2134	2135	10488.4	166.695
PF3D7_0903300.1	12689	12690	21931.1	58.6419
PF3D7_0903400.1	10124	10125	33378.6	111.862
PF3D7_0903500.1	5435	5436	10689.8	66.7267
PF3D7_0903600.1	2924	2925	125012	1450.23
PF3D7_0903700.1	2775	2776	4728.85	57.8024
PF3D7_0903800.1	4572	4573	844.016	6.26267
PF3D7_0903900.1	772	773	3134.94	137.613
PF3D7_0904000.1	4251	4252	9983.95	79.6745
PF3D7_0904100.1	4167	4168	2462.41	20.0467
PF3D7_0904200.1	1166	1167	988.038	28.7285
PF3D7_0904300.1	7464	7465	3266	14.8456
PF3D7_0904400.1	1497	1498	1911	43.2872
PF3D7_0904500.1	1551	1552	1206.91	26.3872
PF3D7_0904600.1	6753	6754	5803.7	29.1578
PF3D7_0904700.1	1432	1433	13980.9	331.053
PF3D7_0904800.1	2585	2586	5038.72	66.1153
PF3D7_0904900.1	9118	9119	27874.6	103.722
PF3D7_0905000.1	1593	1594	114.494	2.43728
PF3D7_0905100.1	6810	6811	11403	56.8092
PF3D7_0905200.1	4721	4722	1503	10.8005
PF3D7_0905300.1	18357	18358	9626	17.7922
PF3D7_0905400.1	3989	3990	334240	2842.47
PF3D7_0905500.1	3158	3159	28795.1	309.299
PF3D7_0905600.1	3663	3664	721.93	6.68575
PF3D7_0905700.1	1922	1923	1985.12	35.0282
PF3D7_0905700.2	942	943	0	0
PF3D7_0905700.3	372	373	184.951	16.8251
PF3D7_0905800.1	5278	5279	1754.63	11.2783
PF3D7_0905900.1	3277	3278	6279	64.9968
PF3D7_0906000.1	6431	6432	2121.88	11.194
PF3D7_0906100.1	866	867	2801	109.624
PF3D7_0906200.1	2716	2717	4733.83	59.1198
PF3D7_0906300.1	2345	2346	2217.03	32.0666
PF3D7_0906400.1	2755	2756	14672	180.643
PF3D7_0906500.1	2588	2589	3826.81	50.1551
PF3D7_0906600.1	3942	3943	6999.55	60.2356
PF3D7_0906700.1	2608	2609	8177.87	106.359
PF3D7_0906800.1	2829	2830	3228.53	38.7105
PF3D7_0906890.1	856	857	1654.67	65.5151
PF3D7_0906910.1	797	798	409	17.3912
PF3D7_0907000.1	724	725	1904.99	89.159
PF3D7_0907100.1	4403	4404	7805.52	60.1402
PF3D7_0907200.1	5512	5513	1844.95	11.3555
PF3D7_0907300.1	1716	1717	3701.09	73.1424
PF3D7_0907400.1	4424	4425	22071.3	169.248
PF3D7_0907500.1	1998	1999	9760.63	165.682
PF3D7_0907600.1	3950	3951	15400.4	132.262
PF3D7_0907700.1	2069	2070	623.632	10.2228
PF3D7_0907800.1	1177	1178	8060.81	232.19
PF3D7_0907900.1	908	909	19874	741.876
PF3D7_0908000.1	2089	2090	1267.35	20.5759
PF3D7_0908100.1	1431	1432	8211	194.564
PF3D7_0908200.1	5434	5435	3376.15	21.0782
PF3D7_0908300.1	2574	2575	3177.32	41.8691
PF3D7_0908300.2	792	793	2.68383	0.11484
PF3D7_0908400.1	1934	1935	3969.45	69.6081
PF3D7_0908500.1	6761	6762	49936.1	250.582
PF3D7_0908600.1	2140	2141	773.001	12.2511
PF3D7_0908700.1	1715	1716	3902.24	77.1626
PF3D7_0908800.1	3032	3033	680.203	7.60985
PF3D7_0908900.1	3965	3966	2478.48	21.2052
PF3D7_0909000.1	3039	3040	1391	15.5261
PF3D7_0909100.1	3270	3271	591.037	6.13118
PF3D7_0909200.1	1410	1411	418	10.0522
PF3D7_0909300.1	1515	1516	1758.61	39.3623
PF3D7_0909400.1	5592	5593	10033.8	60.8736
PF3D7_0909500.1	2481	2482	910.496	12.4476
PF3D7_0909600.1	2901	2902	63134.3	738.207
PF3D7_0909700.1	7313	7314	4705.6	21.8308
PF3D7_0909800.1	1185	1186	267.474	7.65257
PF3D7_0909900.1	5161	5162	4846.8	31.8601
PF3D7_0910000.1	3345	3346	410.115	4.15901
PF3D7_0910100.1	6299	6300	4527.95	24.3877
PF3D7_0910200.1	10714	10715	17257.5	54.6506
PF3D7_0910300.1	2686	2687	3470.3	43.8237
PF3D7_0910400.1	4220	4221	1914.07	15.3869
PF3D7_0910500.1	6223	6224	16522.6	90.0779
PF3D7_0910600.1	1305	1306	1912	49.6769
PF3D7_0910700.1	2138	2139	674.026	10.6924
PF3D7_0910800.1	2144	2145	514.448	8.13812
PF3D7_0910900.1	2588	2589	1410.35	18.4844
PF3D7_0911000.1	1740	1741	9921.36	193.367
PF3D7_0911100.1	4825	4826	47139.8	331.444
PF3D7_0911200.1	1462	1463	1490.82	34.5774
PF3D7_0911300.1	9942	9943	2964.42	10.1165
PF3D7_0911400.1	4554	4555	24089.6	179.453
PF3D7_0911500.1	1162	1163	1531.21	44.675
PF3D7_0911500.2	411	412	1141.79	94.0373
PF3D7_0911600.1	3220	3221	4759.55	50.1401
PF3D7_0911700.1	3894	3895	5775.9	50.3179
PF3D7_0911800.1	1252	1253	10613.9	287.432
PF3D7_0911900.1	2911	2912	16077.3	187.34
PF3D7_0912000.1	5376	5377	3274.33	20.663
PF3D7_0912100.1	2190	2191	2840.85	43.9963
PF3D7_0912200.1	1362	1363	1740	43.3175
PF3D7_0912400.1	3651	3652	2694.16	25.0324
PF3D7_0912500.1	1712	1713	28809.8	570.68
PF3D7_0912600.1	2721	2722	8220	102.469
PF3D7_0912700.1	732	733	1352.57	62.6131
PF3D7_0912800.1	2851	2852	1987.26	23.6437
PF3D7_0912900.1	1912	1913	4651	82.4976
PF3D7_0913000.1	970	971	6926.44	242.048
PF3D7_0913100.1	2319	2320	487	7.12281
PF3D7_0913150.1	138	139	27	6.59112
PF3D7_0913200.1	1488	1489	43589.6	993.342
PF3D7_0913300.1	2890	2891	897.502	10.5341
PF3D7_0913400.1	507	508	371	24.7811
PF3D7_0913500.1	1797	1798	5405	102.004
PF3D7_0913600.1	4222	4223	7277.41	58.4744
PF3D7_0913700.1	2378	2379	39143	558.303
PF3D7_0913800.1	829	830	19830.5	810.711
PF3D7_0913900.1	2963	2964	31399	359.458
PF3D7_0914000.1	3077	3078	10487.2	115.611
PF3D7_0914100.1	3918	3919	100808	872.83
PF3D7_0914200.1	2980	2981	3225.74	36.7179
PF3D7_0914300.1	2594	2595	3712.44	48.5436
PF3D7_0914400.1	912	913	1093	40.6218
PF3D7_0914500.1	5739	5740	4696.77	27.765
PF3D7_0914600.1	1826	1827	1728.83	32.1089
PF3D7_0914700.1	3021	3022	5084.6	57.0916
PF3D7_0914800.1	2606	2607	10910.4	142.007
PF3D7_0914900.1	3918	3919	2360.25	20.4358
PF3D7_0915000.1	2084	2085	8337.03	135.68
PF3D7_0915100.1	1589	1590	2149	45.8616
PF3D7_0915200.1	1765	1766	1871.05	35.9504
PF3D7_0915300.1	2843	2844	378.764	4.51907
PF3D7_0915400.1	6368	6369	16156.3	86.0758
PF3D7_0915500.1	2835	2836	594.001	7.10707
PF3D7_0915600.1	1330	1331	1756	44.7669
PF3D7_0915700.1	1336	1337	2036	51.6721
PF3D7_0915800.1	1035	1036	237.094	7.76554
PF3D7_0915900.1	2364	2365	2228.34	31.9713
PF3D7_0916000.1	4856	4857	11786	82.3394
PF3D7_0916100.1	1404	1405	1364	32.9419
PF3D7_0916200.1	4075	4076	8070.66	67.187
PF3D7_0916300.1	879	880	2431	93.7373
PF3D7_0916400.1	7945	7946	13387	57.1669
PF3D7_0916500.1	1796	1797	1798.19	33.9545
PF3D7_0916600.1	1076	1077	555.002	17.4859
PF3D7_0916700.1	6589	6590	57171.6	294.378
PF3D7_0916800.1	705	706	128.738	6.18746
PF3D7_0916900.1	2997	2998	6691.07	75.731
PF3D7_0917000.1	6337	6338	6902.14	36.9523
PF3D7_0917100.1	3223	3224	8173.89	86.0288
PF3D7_0917200.1	975	976	410	14.2542
PF3D7_0917300.1	2179	2180	3804	59.2099
PF3D7_0917400.1	5759	5760	2969.27	17.4919
PF3D7_0917500.1	3071	3072	4107.12	45.3655
PF3D7_0917600.1	3103	3104	1291.38	14.117
PF3D7_0917700.1	1635	1636	1074.06	22.277
PF3D7_0917800.1	1745	1746	237	4.6059
PF3D7_0917900.1	4655	4656	42930.4	312.869
PF3D7_0918000.1	3657	3658	32736.2	303.665
PF3D7_0918100.1	1981	1982	17487.5	299.387
PF3D7_0918200.1	1170	1171	4292.57	124.386
PF3D7_0918300.1	1868	1869	581.609	10.5592
PF3D7_0918400.1	5163	5164	1073.03	7.05074
PF3D7_0918500.1	2148	2149	15356.4	242.473
PF3D7_0918600.1	3033	3034	2925.59	32.7196
PF3D7_0918700.1	2740	2741	3828.22	47.3912
PF3D7_0918800.1	2777	2778	830.227	10.1409
PF3D7_0918900.1	5747	5748	7909.51	46.6921
PF3D7_0919000.1	2006	2007	13098.7	221.457
PF3D7_0919100.1	2891	2892	15295.4	179.462
PF3D7_0919200.1	2223	2224	62837.2	958.721
PF3D7_0919300.1	1212	1213	648.009	18.1272
PF3D7_0919400.1	2687	2688	2961.99	37.3907
PF3D7_0919500.1	1431	1432	172	4.07564
PF3D7_0919600.1	1975	1976	10269.5	176.349
PF3D7_0919700.1	1640	1641	2019.63	41.7611
PF3D7_0919800.1	4103	4104	13871.2	114.688
PF3D7_0919900.1	12058	12059	28455.3	80.0684
PF3D7_0920000.1	2778	2779	12801.3	156.307
PF3D7_0920100.1	1444	1445	633.74	14.8817
PF3D7_0920200.1	3548	3549	4876.29	46.6223
PF3D7_0920300.1	841	842	3417	137.703
PF3D7_0920400.1	6775	6776	7358.94	36.8512
PF3D7_0920500.1	2064	2065	2288.1	37.5981
PF3D7_0920600.1	4612	4613	6601.43	48.5584
PF3D7_0920700.1	2795	2796	18375.5	223.004
PF3D7_0920800.1	2772	2773	2011.5	24.6139
PF3D7_0920900.1	2259	2260	1955.91	29.3664
PF3D7_0921000.1	1594	1595	4594.23	97.7377
PF3D7_0921000.2	447	448	240.977	18.2519
PF3D7_0921100.1	1489	1490	1620.26	36.8985
PF3D7_0921200.1	7628	7629	6560.82	29.181
PF3D7_0921300.1	2047	2048	828.204	13.722
PF3D7_0921400.1	920	921	112	4.12637
PF3D7_0921500.1	1266	1267	1101	29.4863
PF3D7_0921600.1	5778	5779	3398.05	19.9521
PF3D7_0921700.1	1710	1711	23571	467.453
PF3D7_0921800.1	1520	1521	270	6.02345
PF3D7_0921900.1	1729	1730	3348.82	65.6834
PF3D7_0922000.1	2463	2464	1814	24.9808
PF3D7_0922100.1	6746	6747	9393.04	47.2395
PF3D7_0922200.1	4370	4371	26950.3	209.215
PF3D7_0922300.1	948	949	1839	65.7545
PF3D7_0922400.1	3081	3082	1241	13.6631
PF3D7_0922500.1	2934	2935	25008.2	289.124
PF3D7_0922600.1	2437	2438	16087.4	223.905
PF3D7_0922700.1	1553	1554	2117	46.2253
PF3D7_0922800.1	13480	13481	10060.1	25.3216
PF3D7_0922900.1	1277	1278	644	17.0988
PF3D7_0923000.1	1788	1789	13283.7	251.954
PF3D7_0923100.1	669	670	250	12.6612
PF3D7_0923200.1	3877	3878	2536.34	22.1927
PF3D7_0923300.1	2466	2467	197	2.70961
PF3D7_0923400.1	4278	4279	3111.07	24.6705
PF3D7_0923500.1	3873	3874	844.558	7.39742
PF3D7_0923600.1	1356	1357	4270.78	106.792
PF3D7_0923700.1	843	844	281	11.2973
PF3D7_0923800.1	2240	2241	8844.71	133.922
PF3D7_0923800.2	1626	1627	1583.61	33.0271
PF3D7_0923900.1	1978	1979	3091.7	53.0105
PF3D7_0924000.1	5412	5413	246365	1544.37
PF3D7_0924100.1	2696	2697	2012.7	25.3225
PF3D7_0924200.1	4817	4818	2460	17.3252
PF3D7_0924300.1	1609	1610	48582	1023.9
PF3D7_0924400.1	4883	4884	6324.49	43.94
PF3D7_0924500.1	4378	4379	8847.93	68.5609
PF3D7_0924600.1	7260	7261	5992.5	28.0041
PF3D7_0924700.1	2824	2825	8543.37	102.617
PF3D7_0924800.1	255	256	627	83.107
PF3D7_0924900.1	555	556	1173	71.5869
PF3D7_0925000.1	1394	1395	2350.07	57.1633
PF3D7_0925100.1	1041	1042	230.366	7.5017
PF3D7_0925200.1	1419	1420	32168	768.68
PF3D7_0925300.1	1740	1741	8680	169.173
PF3D7_0925400.1	1884	1885	2808	50.5471
PF3D7_0925500.1	1508	1509	2178.55	48.9878
PF3D7_0925600.1	1566	1567	812.564	17.5954
PF3D7_0925700.1	3602	3603	5091.25	47.9479
PF3D7_0925800.1	6107	6108	6830.95	37.9483
PF3D7_0925900.1	2507	2508	7093.19	95.9675
PF3D7_0926000.1	4393	4394	5603.16	43.2696
PF3D7_0926100.1	11164	11165	7291.64	22.1604
PF3D7_0926200.1	1690	1691	23517.6	471.91
PF3D7_0926300.1	4472	4473	8760.41	66.4562
PF3D7_0926400.1	2759	2760	6818.27	83.8253
PF3D7_0926500.1	8871	8872	21810.1	83.4154
PF3D7_0926600.1	4137	4138	11078.5	90.8448
PF3D7_0926700.1	3269	3270	2517.88	26.1274
PF3D7_0926800.1	3869	3870	28753	252.105
PF3D7_0926900.1	1910	1911	1237.13	21.9667
PF3D7_0927000.1	1291	1292	2003.13	52.6087
PF3D7_0927100.1	1488	1489	554.494	12.6361
PF3D7_0927200.1	5734	5735	6595.86	39.0255
PF3D7_0927300.1	2790	2791	6107.84	74.2571
PF3D7_0927400.1	2565	2566	2528	33.4296
PF3D7_0927500.1	1650	1651	12475.1	256.393
PF3D7_0927600.1	3601	3602	4467.85	42.0887
PF3D7_0927700.1	1594	1595	775.809	16.5046
PF3D7_0927800.1	1577	1578	4933.19	106.079
PF3D7_0927900.1	3470	3471	5894.03	57.6193
PF3D7_0928000.1	1365	1366	2643.88	65.6751
PF3D7_0928000.2	252	253	3520.02	472.1
PF3D7_0928100.1	2226	2227	614.669	9.36551
PF3D7_0928150.1	240	241	0	0
PF3D7_0928200.1	3450	3451	3827.26	37.6316
PF3D7_0928300.1	1619	1620	3829.48	80.2112
PF3D7_0928400.1	962	963	2.23164	0.0786337
PF3D7_0928500.1	1984	1985	3636.65	62.1657
PF3D7_0928600.1	1999	2000	880.482	14.9383
PF3D7_0928700.1	5507	5508	2646.75	16.3053
PF3D7_0928800.1	3782	3783	1996.32	17.9062
PF3D7_0928900.1	1276	1277	493.354	13.1093
PF3D7_0929000.1	1881	1882	918.01	16.5515
PF3D7_0929100.1	3019	3020	3321.38	37.3183
PF3D7_0929200.1	2064	2065	5467.79	89.8467
PF3D7_0929300.1	2431	2432	6727.08	93.8584
PF3D7_0929400.1	6219	6220	173406	945.982
PF3D7_0929500.1	630	631	61.0069	3.28065
PF3D7_0929600.1	1380	1381	1823.04	44.7932
PF3D7_0929700.1	1516	1517	9145	204.554
PF3D7_0929800.1	297	298	408	46.4573
PF3D7_0929900.1	1302	1303	2288.6	59.5986
PF3D7_0930000.1	1677	1678	1082	21.8799
PF3D7_0930100.1	3773	3774	5832.37	52.4388
PF3D7_0930200.1	4263	4264	30651.5	243.919
PF3D7_0930300.1	6272	6273	385403	2084.73
PF3D7_0930400.1	4427	4428	9789.28	75.0159
PF3D7_0930400.2	2748	2749	715.785	8.83523
PF3D7_0930500.1	5428	5429	17077.1	106.734
PF3D7_0930600.1	2989	2990	9490	107.697
PF3D7_0930700.1	2331	2332	439.922	6.40114
PF3D7_0930800.1	14798	14799	14325.5	32.8463
PF3D7_0930900.1	1448	1449	3495	81.8444
PF3D7_0931000.1	4492	4493	10617.5	80.1859
PF3D7_0931100.1	3892	3893	44535.5	388.179
PF3D7_0931200.1	1366	1367	850.51	21.1116
PF3D7_0931300.1	986	987	889	30.5629
PF3D7_0931400.1	2143	2144	8763.58	138.697
PF3D7_0931500.1	2672	2673	3204.41	40.678
PF3D7_0931600.1	756	757	606	27.1636
PF3D7_0931700.1	2148	2149	1222	19.2951
PF3D7_0931800.1	1814	1815	959.651	17.941
PF3D7_0931900.1	2005	2006	3849.31	65.1121
PF3D7_0932000.1	1265	1266	7251.79	194.367
PF3D7_0932100.1	5385	5386	25078.7	157.997
PF3D7_0932200.1	2315	2316	130568	1912.98
PF3D7_0932300.1	2745	2746	2610.97	32.2635
PF3D7_0932400.1	1764	1765	3045.01	58.5402
PF3D7_0932500.1	2094	2095	6780	109.814
PF3D7_0932600.1	744	745	6791	309.305
PF3D7_0932700.1	3955	3956	814.098	6.98282
PF3D7_0932800.1	5303	5304	2596.92	16.6137
PF3D7_0932900.1	1535	1536	233.158	5.15074
PF3D7_0933000.1	3398	3399	4158.26	41.5118
PF3D7_0933100.1	2846	2847	2297.01	27.3769
PF3D7_0933200.1	959	960	5333.3	188.51
PF3D7_0933300.1	3687	3688	9006	82.8612
PF3D7_0933400.1	1209	1210	2953.78	82.833
PF3D7_0933500.1	4905	4906	6590.09	45.58
PF3D7_0933600.1	3240	3241	5451.79	57.0782
PF3D7_0933700.1	925	926	258.061	9.45629
PF3D7_0933800.1	2208	2209	3518.31	54.0442
PF3D7_0933900.1	1429	1430	1542.22	36.595
PF3D7_0934000.1	2680	2681	7067.77	89.4531
PF3D7_0934100.1	4112	4113	2922.83	24.1132
PF3D7_0934200.1	882	883	153.178	5.88635
PF3D7_0934300.1	1286	1287	991.185	26.1328
PF3D7_0934400.1	976	977	8931.56	310.201
PF3D7_0934500.1	2925	2926	4915.27	57.0011
PF3D7_0934600.1	1261	1262	8656.35	232.748
PF3D7_0934700.1	3290	3291	21945.3	226.268
PF3D7_0934800.1	2446	2447	74179.5	1028.63
PF3D7_0934900.1	1985	1986	1176.67	20.1042
PF3D7_0935000.1	969	970	186.061	6.50871
PF3D7_0935100.1	535	536	5709	361.414
PF3D7_0935200.1	4621	4622	11537.8	84.7036
PF3D7_0935300.1	1038	1039	270.026	8.8186
PF3D7_0935390.1	2688	2689	1072.22	13.5301
PF3D7_0935400.1	3482	3483	4997.64	48.688
PF3D7_0935500.1	2497	2498	14813.8	201.226
PF3D7_0935600.1	3182	3183	26516.5	282.676
PF3D7_0935700.1	1917	1918	5839	103.3
PF3D7_0935800.1	5487	5488	20274.1	125.354
PF3D7_0935900.1	4698	4699	145245	1048.83
PF3D7_0936000.1	2695	2696	29626.9	372.886
PF3D7_0936100.1	2152	2153	1911.06	30.119
PF3D7_0936200.1	2557	2558	312.021	4.13898
PF3D7_0936300.1	3193	3194	168923	1794.58
PF3D7_0936400.1	2690	2691	7867.34	99.2029
PF3D7_0936500.1	1927	1928	325	5.71987
PF3D7_0936600.1	1779	1780	2605	49.659
PF3D7_0936700.1	1299	1300	222	5.79455
PF3D7_0936800.1	2428	2429	6164.86	86.1204
PF3D7_0936900.1	1092	1093	76	2.35941
PF3D7_0937000.1	2444	2445	419.019	5.81521
PF3D7_0937100.1	1267	1268	97.0715	2.59766
PF3D7_0937200.1	1700	1701	41.048	0.818838
PF3D7_0937300.1	1116	1117	2	0.0607557
PF3D7_0937400.1	1080	1081	6.06208	0.190286
PF3D7_0937500.1	1110	1111	0	0
PF3D7_0937600.1	3948	3949	40.0364	0.344016
PF3D7_0937700.1	1104	1105	0	0
PF3D7_0937800.1	6795	6796	1340.3	6.69202
PF3D7_1000100.1	6726	6727	851.405	4.29462
PF3D7_1000200.1	1116	1117	99.8335	3.03273
PF3D7_1000300.1	1038	1039	0	0
PF3D7_1000400.1	1116	1117	29.5462	0.897549
PF3D7_1000500.1	1110	1111	40.2855	1.23039
PF3D7_1000600.1	1878	1879	900	16.2527
PF3D7_1000700.1	867	868	22	0.860029
PF3D7_1000800.1	879	880	0	0
PF3D7_1000900.1	1338	1339	0	0
PF3D7_1001000.1	1698	1699	4909.94	98.0603
PF3D7_1001100.1	2334	2335	3778.57	54.9099
PF3D7_1001100.2	804	805	3141.79	132.432
PF3D7_1001200.1	1470	1471	1676.86	38.6806
PF3D7_1001300.1	1282	1283	3659.92	96.7954
PF3D7_1001400.1	4062	4063	14008	116.987
PF3D7_1001500.1	2275	2276	51464.9	767.272
PF3D7_1001600.1	5088	5089	45057	300.427
PF3D7_1001700.1	2026	2027	37388.8	625.89
PF3D7_1001800.1	1812	1813	1235.02	23.1146
PF3D7_1001900.1	1291	1292	2859	75.0865
PF3D7_1002000.1	2108	2109	2969	47.7687
PF3D7_1002100.1	3094	3095	47546.3	521.274
PF3D7_1002200.1	6121	6122	9224.26	51.1268
PF3D7_1002300.1	1293	1294	154	4.03828
PF3D7_1002400.1	3339	3340	12852.4	130.572
PF3D7_1002400.2	3333	3334	1309.96	13.3323
PF3D7_1002500.1	1713	1714	1731.08	34.2701
PF3D7_1002600.1	2353	2354	1694.25	24.422
PF3D7_1002700.1	4331	4332	1891.06	14.8125
PF3D7_1002800.1	5109	5110	2913.34	19.3455
PF3D7_1002900.1	1407	1408	2404	57.9351
PF3D7_1003000.1	5694	5695	5685.26	33.874
PF3D7_1003100.1	1292	1293	1003.29	26.3292
PF3D7_1003200.1	819	820	2441.17	101.017
PF3D7_1003300.1	1423	1424	3702.23	88.2194
PF3D7_1003400.1	6766	6767	12465.7	62.5071
PF3D7_1003500.1	3328	3329	23368	238.187
PF3D7_1003600.1	2514	2515	48628	656.083
PF3D7_1003700.1	5470	5471	3258.73	20.2112
PF3D7_1003800.1	5320	5321	10126	64.5733
PF3D7_1003900.1	765	766	434	19.2252
PF3D7_1004000.1	1407	1408	82189.2	1980.72
PF3D7_1004100.1	3573	3574	1165.05	11.0611
PF3D7_1004200.1	9555	9556	41974.5	149.046
PF3D7_1004300.1	5700	5701	9633.54	57.3383
PF3D7_1004400.1	3618	3619	4291	40.2328
PF3D7_1004500.1	3924	3925	2481.49	21.4527
PF3D7_1004600.1	3613	3614	12866.8	120.807
PF3D7_1004700.1	1432	1433	1598.45	37.8498
PF3D7_1004800.1	1280	1281	4583	121.398
PF3D7_1004900.1	1344	1345	2910.88	73.4366
PF3D7_1005000.1	2871	2872	391.569	4.6263
PF3D7_1005100.1	4149	4150	3385.6	27.682
PF3D7_1005200.1	499	500	901.218	61.1604
PF3D7_1005300.1	1032	1033	752	24.7017
PF3D7_1005400.1	801	802	109	4.61171
PF3D7_1005500.1	6768	6769	12241.5	61.3651
PF3D7_1005600.1	3506	3507	3365.36	32.5616
PF3D7_1005700.1	3271	3272	1201.09	12.4559
PF3D7_1005800.1	1414	1415	668.866	16.0396
PF3D7_1005900.1	2388	2389	26436	375.483
PF3D7_1006000.1	1825	1826	533.039	9.90532
PF3D7_1006100.1	1841	1842	503.011	9.26613
PF3D7_1006200.1	1955	1956	493.12	8.55448
PF3D7_1006300.1	432	433	626	49.0565
PF3D7_1006400.1	2954	2955	3765.88	43.2434
PF3D7_1006500.1	1707	1708	937.224	18.6194
PF3D7_1006600.1	1110	1111	3836	117.159
PF3D7_1006700.1	1784	1785	2406.48	45.7461
PF3D7_1006800.1	2978	2979	16670.4	189.883
PF3D7_1006900.1	1528	1529	831.704	18.4574
PF3D7_1007000.1	2214	2215	3496.86	53.5691
PF3D7_1007100.1	351	352	815.556	78.6178
PF3D7_1007200.1	3441	3442	10318.1	101.718
PF3D7_1007300.1	3390	3391	6689.93	66.9428
PF3D7_1007400.1	1670	1671	2540.19	51.5822
PF3D7_1007500.1	706	707	1862	89.3656
PF3D7_1007600.1	2018	2019	303.571	5.10193
PF3D7_1007700.1	6257	6258	859.576	4.66078
PF3D7_1007800.1	4118	4119	4064.16	33.4803
PF3D7_1007900.1	3264	3265	2718.36	28.251
PF3D7_1008000.1	8525	8526	33022.5	131.424
PF3D7_1008100.1	14146	14147	48586	116.535
PF3D7_1008200.1	1646	1647	21713.9	447.358
PF3D7_1008300.1	108	109	0	0
PF3D7_1008400.1	2707	2708	15683.5	196.519
PF3D7_1008500.1	6202	6203	6359.57	34.7885
PF3D7_1008600.1	1119	1120	44.0006	1.33306
PF3D7_1008700.1	4660	4661	22584.1	164.412
PF3D7_1008800.1	3112	3113	46052.2	501.974
PF3D7_1008900.1	1534	1535	1527.03	33.7559
PF3D7_1009000.1	1381	1382	604.042	14.831
PF3D7_1009100.1	1554	1555	230.684	5.03381
PF3D7_1009200.1	3395	3396	1041.35	10.405
PF3D7_1009300.1	2184	2185	5623.18	87.3254
PF3D7_1009400.1	1681	1682	964.917	19.4659
PF3D7_1009500.1	2383	2384	9747	138.731
PF3D7_1009600.1	1977	1978	3121.17	53.5428
PF3D7_1009700.1	4567	4568	10348.7	76.8725
PF3D7_1009800.1	5050	5051	8432.36	56.6477
PF3D7_1009900.1	2605	2606	4340.59	56.5177
PF3D7_1010000.1	1260	1261	2402.6	64.6513
PF3D7_1010100.1	1105	1106	19026.9	583.746
PF3D7_1010200.1	6543	6544	17943.2	93.0393
PF3D7_1010300.1	2572	2573	14048.5	185.267
PF3D7_1010400.1	1095	1096	12348.3	382.303
PF3D7_1010500.1	510	511	1664	110.495
PF3D7_1010600.1	2803	2804	2187.79	26.4751
PF3D7_1010700.1	1143	1144	4075.51	120.883
PF3D7_1010800.1	1555	1556	484.91	10.5745
PF3D7_1010900.1	1613	1614	2284.87	48.0362
PF3D7_1011000.1	1675	1676	603.02	12.2086
PF3D7_1011100.1	4076	4077	1625.35	13.5275
PF3D7_1011200.1	615	616	1485	81.8005
PF3D7_1011300.1	2545	2546	1239.61	16.521
PF3D7_1011400.1	1509	1510	1937.42	43.5369
PF3D7_1011500.1	2002	2003	7221.23	122.332
PF3D7_1011600.1	2549	2550	2765.11	36.7945
PF3D7_1011700.1	2431	2432	4972.31	69.3752
PF3D7_1011800.1	7221	7222	35994.2	169.116
PF3D7_1011900.1	1559	1560	4242.19	92.2733
PF3D7_1012000.1	3742	3743	4763.69	43.1851
PF3D7_1012100.1	2204	2205	5369	82.6219
PF3D7_1012200.1	1641	1642	7898.68	163.227
PF3D7_1012300.1	1529	1530	8392.47	186.127
PF3D7_1012400.1	1532	1533	26228.8	580.56
PF3D7_1012500.1	3365	3366	1546.77	15.5927
PF3D7_1012600.1	2968	2969	9922.08	113.397
PF3D7_1012700.1	6257	6258	3828.19	20.7572
PF3D7_1012800.1	4296	4297	1574.49	12.4332
PF3D7_1012900.1	3780	3781	4791.91	43.0043
PF3D7_1013000.1	2478	2479	1325.7	18.1459
PF3D7_1013100.1	6246	6247	4967.72	26.9834
PF3D7_1013200.1	6375	6376	9576.6	50.9651
PF3D7_1013300.1	2903	2904	1852.85	21.6497
PF3D7_1013400.1	2684	2685	5389.18	68.1064
PF3D7_1013500.1	4363	4364	13595	105.707
PF3D7_1013600.1	8071	8072	6899.43	29.003
PF3D7_1013700.1	907	908	5278	197.239
PF3D7_1013800.1	2015	2016	134340	2261.13
PF3D7_1013900.1	4122	4123	3861.42	31.7793
PF3D7_1014000.1	1982	1983	478.287	8.1842
PF3D7_1014100.1	5995	5996	31521.3	178.382
PF3D7_1014200.1	2670	2671	388	4.9291
PF3D7_1014300.1	9036	9037	13360.9	50.1673
PF3D7_1014400.1	2656	2657	8452.14	107.941
PF3D7_1014500.1	4619	4620	1207.04	8.86526
PF3D7_1014600.1	10487	10488	29975.5	96.9804
PF3D7_1014700.1	1579	1580	830.024	17.8256
PF3D7_1014800.1	2505	2506	4086	55.3258
PF3D7_1014900.1	7860	7861	19253.3	83.1071
PF3D7_1015000.1	2012	2013	1068.37	18.0089
PF3D7_1015100.1	2069	2070	1122.29	18.3968
PF3D7_1015200.1	2839	2840	272.526	3.25611
PF3D7_1015200.2	2031	2032	1331.92	22.2415
PF3D7_1015200.3	1782	1783	2738.2	52.1103
PF3D7_1015300.1	3116	3117	3108.89	33.8438
PF3D7_1015400.1	3173	3174	3363.25	35.9553
PF3D7_1015500.1	2318	2319	1294.35	18.9391
PF3D7_1015600.1	2576	2577	3533.08	46.521
PF3D7_1015700.1	1082	1083	2286.8	71.649
PF3D7_1015700.2	675	676	14.1982	0.712685
PF3D7_1015800.1	1721	1722	9215.63	181.594
PF3D7_1015900.1	2295	2296	32082	474.132
PF3D7_1016000.1	3193	3194	11658.3	123.854
PF3D7_1016100.1	774	775	80.3036	3.51596
PF3D7_1016200.1	2403	2404	996.42	14.0643
PF3D7_1016300.1	6359	6360	99567.6	531.216
PF3D7_1016400.1	3040	3041	5101.49	56.9234
PF3D7_1016500.1	3287	3288	4542.97	46.8833
PF3D7_1016600.1	1727	1728	3567.21	70.0479
PF3D7_1016700.1	4739	4740	9734.41	69.6854
PF3D7_1016800.1	3900	3901	15893.9	138.25
PF3D7_1016900.1	2506	2507	13420.4	181.644
PF3D7_1017000.1	4569	4570	5995.65	44.5174
PF3D7_1017100.1	2717	2718	6285.67	78.4715
PF3D7_1017200.1	1593	1594	441	9.38773
PF3D7_1017300.1	2364	2365	1976.38	28.3563
PF3D7_1017300.2	1752	1753	3396.64	65.7473
PF3D7_1017400.1	2019	2020	14584.5	244.991
PF3D7_1017500.1	2178	2179	43259.6	673.652
PF3D7_1017600.1	4200	4201	8022.65	64.8001
PF3D7_1017700.1	2116	2117	1699.56	27.2412
PF3D7_1017800.1	4336	4337	1577.16	12.3395
PF3D7_1017900.1	2612	2613	4692.62	60.9377
PF3D7_1018000.1	1808	1809	2371.15	44.4766
PF3D7_1018100.1	849	850	987	39.4011
PF3D7_1018200.1	6984	6985	96420.8	468.397
PF3D7_1018300.1	3526	3527	10561.1	101.604
PF3D7_1018400.1	1010	1011	811.207	27.2264
PF3D7_1018500.1	1190	1191	1052.11	29.9751
PF3D7_1018600.1	8251	8252	7595.31	31.2317
PF3D7_1018700.1	4583	4584	3729.37	27.6058
PF3D7_1018800.1	3249	3250	1903.36	19.8722
PF3D7_1018900.1	2438	2439	1668.42	23.2115
PF3D7_1019000.1	8489	8490	17948.4	71.7343
PF3D7_1019100.1	6465	6466	4526.69	23.755
PF3D7_1019200.1	960	961	152	5.36698
PF3D7_1019300.1	8372	8373	4634.22	18.7804
PF3D7_1019400.1	1456	1457	416.121	9.69104
PF3D7_1019500.1	4259	4260	8838.17	70.3984
PF3D7_1019500.2	3726	3727	21903.7	199.42
PF3D7_1019600.1	4365	4366	6198.5	48.174
PF3D7_1019700.1	3486	3487	3482.32	33.8865
PF3D7_1019800.1	3255	3256	6700.52	69.8287
PF3D7_1019900.1	1983	1984	2708.81	46.3284
PF3D7_1020000.1	2102	2103	15750.8	254.14
PF3D7_1020100.1	985	986	927.024	31.9025
PF3D7_1020200.1	2519	2520	5339	71.8902
PF3D7_1020300.1	2811	2812	687.423	8.29505
PF3D7_1020400.1	2496	2497	870.121	11.8242
PF3D7_1020500.1	1642	1643	584.142	12.064
PF3D7_1020600.1	6972	6973	2764.8	13.4541
PF3D7_1020700.1	4570	4571	5469.47	40.6017
PF3D7_1020800.1	2194	2195	5223.06	80.7423
PF3D7_1020900.1	2362	2363	19828.6	284.733
PF3D7_1021000.1	1531	1532	16815.9	372.453
PF3D7_1021100.1	6209	6210	1683	9.19608
PF3D7_1021200.1	2498	2499	3847	52.2355
PF3D7_1021300.1	2034	2035	424	7.06987
PF3D7_1021400.1	2911	2912	769.094	8.96187
PF3D7_1021500.1	2812	2813	7013.24	84.5978
PF3D7_1021600.1	2600	2601	693.584	9.04834
PF3D7_1021700.1	22154	22155	73807.4	113.042
PF3D7_1021800.1	7329	7330	168458	779.825
PF3D7_1021900.1	9179	9180	21612.9	79.8878
PF3D7_1022000.1	6919	6920	4047.99	19.8492
PF3D7_1022100.1	1313	1314	612.894	15.8271
PF3D7_1022200.1	2564	2565	2285.24	30.2312
PF3D7_1022300.1	2351	2352	603.381	8.70491
PF3D7_1022400.1	2537	2538	11091.4	148.288
PF3D7_1022500.1	3065	3066	6539.47	72.3736
PF3D7_1022600.1	4132	4133	48392.3	397.302
PF3D7_1022700.1	2349	2350	1771.01	25.5719
PF3D7_1022800.1	3546	3547	10892.1	104.198
PF3D7_1022900.1	1418	1419	545.79	13.0513
PF3D7_1023000.1	2071	2072	9651.26	158.054
PF3D7_1023100.1	17064	17065	4079.18	8.11105
PF3D7_1023200.1	1708	1709	5754.48	114.255
PF3D7_1023300.1	1405	1406	3947.4	95.2656
PF3D7_1023400.1	1798	1799	2838.8	53.5444
PF3D7_1023500.1	318	319	1161.32	123.53
PF3D7_1023600.1	1539	1540	3354	73.9014
PF3D7_1023700.1	2274	2275	104	1.55118
PF3D7_1023800.1	2601	2602	12908.3	168.334
PF3D7_1023900.1	12142	12143	154808	432.59
PF3D7_1024000.1	2524	2525	37905	509.384
PF3D7_1024100.1	4044	4045	991.404	8.31653
PF3D7_1024200.1	1166	1167	1316.88	38.2899
PF3D7_1024300.1	931	932	1625.08	59.1656
PF3D7_1024400.1	1821	1822	5148.15	95.8767
PF3D7_1024500.1	1496	1497	1477.74	33.4954
PF3D7_1024600.1	1717	1718	1569.97	31.0083
PF3D7_1024700.1	2177	2178	10790.4	168.108
PF3D7_1024800.1	7726	7727	150396	660.443
PF3D7_1024900.1	5303	5304	3328.86	21.2962
PF3D7_1025000.1	4829	4830	13980.4	98.2163
PF3D7_1025100.1	4184	4185	7288.26	59.0933
PF3D7_1025200.1	1560	1561	346.022	7.5216
PF3D7_1025300.1	3079	3080	8678.82	95.6137
PF3D7_1025400.1	4932	4933	5762	39.6344
PF3D7_1025500.1	17304	17305	9315.68	18.2664
PF3D7_1025600.1	433	434	2585	202.107
PF3D7_1025700.1	979	980	288.494	9.98897
PF3D7_1025800.1	1039	1040	2386.44	77.8622
PF3D7_1025900.1	5226	5227	17383.3	112.847
PF3D7_1026000.1	1832	1833	6351.81	117.583
PF3D7_1026100.1	1648	1649	8843.98	181.986
PF3D7_1026200.1	2015	2016	508.122	8.55239
PF3D7_1026300.1	4003	4004	3679.06	31.1783
PF3D7_1026400.1	2183	2184	1604.13	24.9228
PF3D7_1026500.1	574	575	635.283	37.4895
PF3D7_1026600.1	5770	5771	97099	570.918
PF3D7_1026800.1	2746	2747	5607.95	69.2717
PF3D7_1026900.1	885	886	60	2.29788
PF3D7_1027000.1	6130	6131	1338.14	7.40594
PF3D7_1027100.1	3309	3310	3597.54	36.8797
PF3D7_1027200.1	3134	3135	791.828	8.57044
PF3D7_1027300.1	3513	3514	809696	7818.63
PF3D7_1027400.1	1646	1647	7026.27	144.758
PF3D7_1027500.1	219	220	103	15.8864
PF3D7_1027600.1	1382	1383	1789.21	43.8983
PF3D7_1027700.1	1050	1051	525.287	16.9591
PF3D7_1027700.2	540	541	1.92699	0.120863
PF3D7_1027800.1	2408	2409	76452.3	1076.87
PF3D7_1027900.1	858	859	628	24.8071
PF3D7_1028000.1	2548	2549	2946.44	39.2228
PF3D7_1028100.1	1830	1831	3925	72.738
PF3D7_1028200.1	1859	1860	3717.49	67.8184
PF3D7_1028300.1	1593	1594	728.875	15.5158
PF3D7_1028400.1	2138	2139	3599.15	57.0951
PF3D7_1028500.1	3034	3035	60398.3	675.268
PF3D7_1028600.1	987	988	8693.99	298.588
PF3D7_1028700.1	3913	3914	59192.5	513.164
PF3D7_1028800.1	1159	1160	10192.2	298.141
PF3D7_1028900.1	1794	1795	2380.84	45.0066
PF3D7_1029000.1	2076	2077	1502.76	24.5506
PF3D7_1029100.1	4709	4710	905.372	6.52253
PF3D7_1029100.2	4185	4186	578.743	4.69134
PF3D7_1029200.1	2642	2643	3784.43	48.5862
PF3D7_1029300.1	2890	2891	2652.51	31.1329
PF3D7_1029400.1	2501	2502	64040	868.508
PF3D7_1029500.1	417	418	213	17.2907
PF3D7_1029600.1	3098	3099	2004.46	21.9475
PF3D7_1029700.1	2331	2332	1083	15.7583
PF3D7_1029800.1	2205	2206	3906.76	60.0927
PF3D7_1029900.1	5832	5833	36009.7	209.478
PF3D7_1030000.1	991	992	543.446	18.589
PF3D7_1030100.1	5226	5227	4715.2	30.6096
PF3D7_1030200.1	3034	3035	4162.81	46.5412
PF3D7_1030300.1	5137	5138	118967	785.675
PF3D7_1030400.1	837	838	3484.65	141.099
PF3D7_1030500.1	2269	2270	1563.13	23.3658
PF3D7_1030600.1	2391	2392	3239.35	45.9523
PF3D7_1030700.1	1348	1349	1975.39	49.6879
PF3D7_1030800.1	1446	1447	9287.66	217.795
PF3D7_1030900.1	657	658	171	8.81821
PF3D7_1031000.1	1040	1041	5872	191.402
PF3D7_1031100.1	1361	1362	1481.94	36.9202
PF3D7_1031200.1	2344	2345	7493.62	108.432
PF3D7_1031300.1	4795	4796	4984.02	35.2623
PF3D7_1031400.1	4729	4730	2430.25	17.4341
PF3D7_1031400.2	2838	2839	5413.93	64.7079
PF3D7_1031500.1	3767	3768	2911.83	26.222
PF3D7_1031600.1	5607	5608	3931.17	23.7861
PF3D7_1031700.1	1346	1347	1339.23	33.7363
PF3D7_1031800.1	1844	1845	27169.9	499.691
PF3D7_1031900.1	1803	1804	3550	66.7732
PF3D7_1032000.1	3069	3070	8254.21	91.232
PF3D7_1032100.1	6013	6014	6225.07	35.123
PF3D7_1032200.1	390	391	148	12.8438
PF3D7_1032300.1	2976	2977	3496.48	39.8531
PF3D7_1032400.1	2116	2117	12870.5	206.293
PF3D7_1032500.1	2068	2069	846.275	13.8791
PF3D7_1032600.1	1834	1835	943.044	17.4384
PF3D7_1032700.1	2965	2966	3132.21	35.8335
PF3D7_1032800.1	1385	1386	5205.9	127.451
PF3D7_1032900.1	6004	6005	2566.27	14.5011
PF3D7_1033000.1	2384	2385	2068.47	29.4286
PF3D7_1033100.1	8143	8144	101876	424.469
PF3D7_1033200.1	2555	2556	24842.5	329.795
PF3D7_1033300.1	1311	1312	386.084	9.98524
PF3D7_1033400.1	1584	1585	1057.48	22.6387
PF3D7_1033500.1	2380	2381	37529.8	534.844
PF3D7_1033600.1	3429	3430	4160.59	41.1596
PF3D7_1033700.1	2626	2627	59795.3	772.356
PF3D7_1033800.1	1353	1354	723	18.1188
PF3D7_1033900.1	2150	2151	75410.8	1189.61
PF3D7_1034000.1	2053	2054	1406	23.2271
PF3D7_1034100.1	423	424	185	14.8053
PF3D7_1034200.1	645	646	1465	76.9512
PF3D7_1034300.1	1593	1594	1031	21.9473
PF3D7_1034400.1	2883	2884	1727.4	20.3239
PF3D7_1034500.1	6127	6128	4635.45	25.6675
PF3D7_1034600.1	1527	1528	3747.1	83.2113
PF3D7_1034700.1	1620	1621	143.448	3.00277
PF3D7_1034800.1	1500	1501	1529.44	34.5749
PF3D7_1034900.1	3391	3392	12110.9	121.152
PF3D7_1035000.1	3740	3741	4309.66	39.09
PF3D7_1035100.1	2016	2017	61503	1034.67
PF3D7_1035200.1	3468	3469	1.00089e+06	9790.22
PF3D7_1035300.1	4941	4942	41969.2	288.163
PF3D7_1035400.1	2428	2429	696389	9728.24
PF3D7_1035500.1	2396	2397	12176.8	172.375
PF3D7_1035600.1	1712	1713	4827.05	95.6169
PF3D7_1035700.1	3723	3724	23161.6	211.042
PF3D7_1035800.1	3588	3589	2848.5	26.931
PF3D7_1035900.1	2294	2295	223228	3300.48
PF3D7_1036000.1	2490	2491	56407.6	768.377
PF3D7_1036300.1	2289	2290	4113	60.9443
PF3D7_1036400.1	3489	3490	2005	19.4939
PF3D7_1036500.1	3190	3191	39157.4	416.387
PF3D7_1036600.1	1483	1484	4284.26	97.9607
PF3D7_1036700.1	1427	1428	5021.28	119.315
PF3D7_1036800.1	2672	2673	16257	206.372
PF3D7_1036900.1	8079	8080	40064	168.249
PF3D7_1037000.1	7417	7418	12517	57.2563
PF3D7_1037100.1	2984	2985	1001.61	11.3859
PF3D7_1037200.1	2127	2128	704	11.2256
PF3D7_1037300.1	3787	3788	7669.17	68.6987
PF3D7_1037400.1	4759	4760	3632.42	25.894
PF3D7_1037500.1	2565	2566	6082	80.4266
PF3D7_1037600.1	3328	3329	3049.01	31.0781
PF3D7_1037700.1	1302	1303	5658	147.343
PF3D7_1037800.1	2835	2836	655	7.83692
PF3D7_1037900.1	1622	1623	9542.32	199.501
PF3D7_1038000.1	1877	1878	54708.4	988.481
PF3D7_1038000.2	363	364	26676.8	2486.81
PF3D7_1038100.1	3679	3680	5291.85	48.7944
PF3D7_1038200.1	605	606	508	28.4447
PF3D7_1038300.1	1101	1102	583	17.9513
PF3D7_1038400.1	29988	29989	8378.61	9.48026
PF3D7_1038500.1	1975	1976	3334.53	57.2608
PF3D7_1038600.1	2481	2482	2442	33.3852
PF3D7_1038700.1	1823	1824	902.436	16.7881
PF3D7_1038800.1	4601	4602	3449.77	25.4363
PF3D7_1038900.1	2693	2694	160.093	2.01643
PF3D7_1039000.1	4547	4548	6905.32	51.5197
PF3D7_1039100.1	1701	1702	427.927	8.5314
PF3D7_1039200.1	453	454	71	5.30655
PF3D7_1039400.1	1347	1348	0	0
PF3D7_1039600.1	828	829	49.4359	2.02348
PF3D7_1039700.1	696	697	73.2999	3.56846
PF3D7_1039800.1	693	694	0	0
PF3D7_1039900.1	927	928	2409.91	88.1177
PF3D7_1040000.1	1080	1081	20.7203	0.6504
PF3D7_1040100.1	930	931	32	1.1663
PF3D7_1040200.1	1247	1248	26	0.706918
PF3D7_1040300.1	1137	1138	0	0
PF3D7_1040400.1	1047	1048	0	0
PF3D7_1040500.1	1053	1054	44.5193	1.43324
PF3D7_1040600.1	981	982	6.24367	0.215744
PF3D7_1040700.1	1119	1120	1.08354	0.0328275
PF3D7_1040800.1	888	889	5.7677	0.220146
PF3D7_1040900.1	936	937	6.99166	0.253193
PF3D7_1041000.1	1113	1114	12.1335	0.369582
PF3D7_1041100.1	1005	1006	0	0
PF3D7_1041200.1	1116	1117	0	0
PF3D7_1041300.1	6585	6586	1220.93	6.29039
PF3D7_1100100.1	6549	6550	827.375	4.28619
PF3D7_1100200.1	8985	8986	277.065	1.04623
PF3D7_1100300.1	1023	1024	15.94	0.5282
PF3D7_1100400.1	972	973	0	0
PF3D7_1100500.1	984	985	18.2984	0.630359
PF3D7_1100600.1	846	847	5	0.200307
PF3D7_1100700.1	864	865	0	0
PF3D7_1100800.1	1019	1020	152.865	5.0853
PF3D7_1100900.1	840	841	0	0
PF3D7_1101000.1	402	403	0	0
PF3D7_1101100.1	1050	1051	87.5336	2.82606
PF3D7_1101200.1	1071	1072	27.2308	0.861937
PF3D7_1101300.1	993	994	59.83	2.04241
PF3D7_1101400.1	1083	1084	15.9314	0.498696
PF3D7_1101500.1	927	928	926.201	33.8663
PF3D7_1101600.1	693	694	52.8656	2.58478
PF3D7_1101700.1	696	697	148.453	7.22712
PF3D7_1101800.1	849	850	3.60962	0.144096
PF3D7_1101900.1	429	430	0	0
PF3D7_1102100.1	453	454	71	5.30655
PF3D7_1102200.1	1701	1702	152.073	3.03182
PF3D7_1102300.1	1901	1902	1574	28.0805
PF3D7_1102400.1	3786	3787	11260.7	100.897
PF3D7_1102500.1	3418	3419	33127	328.771
PF3D7_1102600.1	1431	1432	5459.34	129.362
PF3D7_1102700.1	2425	2426	42517.9	594.69
PF3D7_1102800.1	3560	3561	1.45386e+06	13853.5
PF3D7_1102900.1	914	915	118	4.37595
PF3D7_1103000.1	276	277	74	9.06488
PF3D7_1103100.1	1155	1156	28177	827.08
PF3D7_1103200.1	73	74	125	57.3177
PF3D7_1103300.1	99	100	11	3.73253
PF3D7_1103400.1	5202	5203	2938.19	19.1618
PF3D7_1103500.1	1752	1753	1702	32.9449
PF3D7_1103600.1	2359	2360	696.223	10.0103
PF3D7_1103700.1	1976	1977	740.494	12.7094
PF3D7_1103800.1	12129	12130	19256.4	53.8672
PF3D7_1103900.1	455	456	13.3077	0.990258
PF3D7_1104000.1	2874	2875	13822.5	163.139
PF3D7_1104100.1	1897	1898	15685.4	280.42
PF3D7_1104200.1	5126	5127	25213.9	166.873
PF3D7_1104300.1	4497	4498	12377.7	93.3751
PF3D7_1104400.1	2319	2320	7048.67	103.093
PF3D7_1104500.1	1935	1936	1794	31.4432
PF3D7_1104600.1	1932	1933	616.232	10.8174
PF3D7_1104700.1	1016	1017	843.233	28.1343
PF3D7_1104700.2	555	556	0	0
PF3D7_1104800.1	2423	2424	669.224	9.36805
PF3D7_1104900.1	7517	7518	18588.2	83.8969
PF3D7_1105000.1	3953	3954	491074	4214.25
PF3D7_1105100.1	1717	1718	1.51252e+06	29873.6
PF3D7_1105200.1	1392	1393	2211	53.8577
PF3D7_1105300.1	3214	3215	1341.14	14.1548
PF3D7_1105400.1	2876	2877	11416.9	134.654
PF3D7_1105500.1	1507	1508	11282.6	253.874
PF3D7_1105600.1	4702	4703	17987	129.776
PF3D7_1105700.1	2559	2560	2526.02	33.4817
PF3D7_1105800.1	1723	1724	8599	169.247
PF3D7_1105900.1	399	400	176	14.9301
PF3D7_1106000.1	2725	2726	1684.22	20.9645
PF3D7_1106100.1	1098	1099	16380.2	505.745
PF3D7_1106200.1	2435	2436	1146.13	15.9649
PF3D7_1106300.1	3164	3165	7743.01	83.0131
PF3D7_1106400.1	1030	1031	1165.24	38.3502
PF3D7_1106500.1	6279	6280	10074.7	54.4353
PF3D7_1106600.1	4833	4834	1471.62	10.33
PF3D7_1106700.1	3227	3228	7506.04	78.9018
PF3D7_1106800.1	5309	5310	2495.47	15.9466
PF3D7_1106900.1	511	512	455	30.1545
PF3D7_1107000.1	1345	1346	804	20.2685
PF3D7_1107100.1	2761	2762	20905.7	256.833
PF3D7_1107200.1	3079	3080	3691.37	40.6675
PF3D7_1107300.1	14888	14889	29454.9	67.1277
PF3D7_1107400.1	1938	1939	338.092	5.91653
PF3D7_1107500.1	1339	1340	1223.22	30.9748
PF3D7_1107600.1	3438	3439	303.023	2.98988
PF3D7_1107700.1	2574	2575	5422.67	71.4572
PF3D7_1107800.1	7686	7687	29211.8	128.947
PF3D7_1107900.1	5439	5440	3551.26	22.151
PF3D7_1108000.1	2478	2479	7384.3	101.075
PF3D7_1108100.1	4743	4744	6928.45	49.5566
PF3D7_1108200.1	1358	1359	933.246	23.3017
PF3D7_1108300.1	1446	1447	2056.92	48.2347
PF3D7_1108400.1	2517	2518	3172.89	42.7572
PF3D7_1108500.1	2108	2109	20293.4	326.503
PF3D7_1108600.1	2640	2641	180728	2322.03
PF3D7_1108700.1	4767	4768	8935.37	63.5897
PF3D7_1108800.1	468	469	40	2.89399
PF3D7_1108900.1	2057	2058	394.462	6.50385
PF3D7_1109000.1	106	107	97	30.7608
PF3D7_1109100.1	4543	4544	412.112	3.07742
PF3D7_1109200.1	1158	1159	768	22.4847
PF3D7_1109300.1	68	69	4	1.96708
PF3D7_1109400.1	2412	2413	3888.55	54.6816
PF3D7_1109500.1	85	86	10	3.94559
PF3D7_1109600.1	83	84	0	0
PF3D7_1109700.1	203	204	554	92.1488
PF3D7_1109800.1	85	86	9	3.55103
PF3D7_1109900.1	1822	1823	25355.6	471.951
PF3D7_1110000.1	730	731	1623.1	75.3423
PF3D7_1110100.1	3255	3256	10647	110.956
PF3D7_1110200.1	4754	4755	16780.3	119.746
PF3D7_1110300.1	2353	2354	14087.7	203.069
PF3D7_1110400.1	8185	8186	21050.4	87.2566
PF3D7_1110500.1	4271	4272	2405.17	19.104
PF3D7_1110600.1	1521	1522	17684.9	394.274
PF3D7_1110700.1	1917	1918	1218.24	21.5523
PF3D7_1110800.1	1218	1219	1131.83	31.5055
PF3D7_1110900.1	2476	2477	1070.52	14.6649
PF3D7_1111000.1	2450	2451	750.901	10.3956
PF3D7_1111100.1	2332	2333	5042.41	73.3387
PF3D7_1111200.1	2409	2410	11988.4	168.793
PF3D7_1111300.1	2274	2275	598.326	8.92415
PF3D7_1111400.1	1026	1027	356.003	11.7623
PF3D7_1111500.1	989	990	730.164	25.0262
PF3D7_1111600.1	2235	2236	443	6.72267
PF3D7_1111700.1	3082	3083	1745.6	19.2124
PF3D7_1111800.1	1460	1461	1814.04	42.1315
PF3D7_1111900.1	1532	1533	566.563	12.5405
PF3D7_1112000.1	1489	1490	2145.3	48.8552
PF3D7_1112100.1	8209	8210	44703.7	184.761
PF3D7_1112200.1	1068	1069	10305	327.1
PF3D7_1112300.1	2876	2877	7093.5	83.6625
PF3D7_1112400.1	1176	1177	4515	130.164
PF3D7_1112500.1	1649	1650	3075.74	63.2523
PF3D7_1112600.1	2764	2765	659.268	8.09053
PF3D7_1112700.1	3501	3502	2214	21.4522
PF3D7_1112800.1	1338	1339	814.116	20.6308
PF3D7_1112900.1	1184	1185	3610	103.371
PF3D7_1113000.1	18441	18442	16111.4	29.6439
PF3D7_1113100.1	5621	5622	72627.5	438.349
PF3D7_1113200.1	1733	1734	1757.81	34.398
PF3D7_1113300.1	2003	2004	4900.53	82.9766
PF3D7_1113400.1	1408	1409	5601.64	134.901
PF3D7_1113500.1	3360	3361	981.423	9.90827
PF3D7_1113600.1	2209	2210	3959.8	60.7982
PF3D7_1113700.1	1585	1586	242.036	5.17829
PF3D7_1113800.1	3119	3120	1748.14	19.0121
PF3D7_1113900.1	1527	1528	4935	109.591
PF3D7_1114000.1	528	529	16	1.0263
PF3D7_1114100.1	1586	1587	15413	329.55
PF3D7_1114100.2	831	832	1143.06	46.6182
PF3D7_1114200.1	2656	2657	10873.1	138.858
PF3D7_1114300.1	348	349	51	4.95855
PF3D7_1114400.1	1914	1915	2899	51.3676
PF3D7_1114500.1	2095	2096	6702	108.498
PF3D7_1114600.1	1008	1009	644	21.6573
PF3D7_1114700.1	3579	3580	4691.62	44.4682
PF3D7_1114800.1	1586	1587	1812.38	38.751
PF3D7_1114900.1	7846	7847	12452.6	53.8476
PF3D7_1115000.1	1121	1122	2136.48	64.6125
PF3D7_1115100.1	1120	1121	295.186	8.93511
PF3D7_1115200.1	4811	4812	16598.6	117.046
PF3D7_1115300.1	2813	2814	1527.69	18.4214
PF3D7_1115400.1	2433	2434	56058.8	781.508
PF3D7_1115500.1	2229	2230	6416.21	97.6301
PF3D7_1115600.1	1467	1468	37465.7	866
PF3D7_1115700.1	3670	3671	4173.23	38.5743
PF3D7_1115800.1	3426	3427	14039.2	139.008
PF3D7_1115900.1	2936	2937	10649.2	123.033
PF3D7_1116000.1	4702	4703	35533.7	256.375
PF3D7_1116100.1	7327	7328	33284.2	154.121
PF3D7_1116200.1	679	680	2010.67	100.333
PF3D7_1116200.2	546	547	768.326	47.6616
PF3D7_1116300.1	1660	1661	1135.72	23.2012
PF3D7_1116400.1	3101	3102	54452.2	595.64
PF3D7_1116500.1	3529	3530	2543.43	24.4487
PF3D7_1116600.1	3718	3719	1912.49	17.4495
PF3D7_1116700.1	3648	3649	29131.2	270.891
PF3D7_1116800.1	4872	4873	79966.5	556.829
PF3D7_1116900.1	639	640	3761	199.404
PF3D7_1117000.1	3852	3853	374.182	3.29529
PF3D7_1117100.1	2026	2027	38680	647.505
PF3D7_1117200.1	5466	5467	4223.39	26.2133
PF3D7_1117300.1	685	686	11995.6	593.348
PF3D7_1117400.1	2244	2245	3532.38	53.3901
PF3D7_1117500.1	1951	1952	10994	191.111
PF3D7_1117600.1	1359	1360	7451.7	185.92
PF3D7_1117600.2	393	394	964.303	83.0476
PF3D7_1117700.1	2180	2181	36479.2	567.544
PF3D7_1117800.1	3814	3815	11375.3	101.176
PF3D7_1117900.1	5719	5720	7424.95	44.0461
PF3D7_1118000.1	1618	1619	1412.11	29.596
PF3D7_1118100.1	2180	2181	499.864	7.77689
PF3D7_1118200.1	3979	3980	3877.92	33.0618
PF3D7_1118300.1	6244	6245	15859	86.1696
PF3D7_1118400.1	2556	2557	2354.2	31.2408
PF3D7_1118500.1	3124	3125	4016.51	43.6123
PF3D7_1118600.1	2599	2600	2572.19	33.5691
PF3D7_1118700.1	3313	3314	4296	43.9868
PF3D7_1118800.1	1464	1465	2427	56.2137
PF3D7_1118900.1	812	813	485.878	20.279
PF3D7_1119000.1	2437	2438	2423.11	33.7247
PF3D7_1119100.1	1493	1494	1082.26	24.5806
PF3D7_1119200.1	1386	1387	9510.47	232.667
PF3D7_1119300.1	1865	1866	44895.9	816.404
PF3D7_1119400.1	8233	8234	3280.44	13.5186
PF3D7_1119500.1	1364	1365	13653	339.395
PF3D7_1119600.1	4161	4162	2625.62	21.4062
PF3D7_1119700.1	2810	2811	1922.76	23.2099
PF3D7_1119800.1	1343	1344	2312.15	58.3749
PF3D7_1119900.1	6941	6942	4496.09	21.9766
PF3D7_1120000.1	3623	3624	7898.13	73.9514
PF3D7_1120100.1	2583	2584	12040	158.104
PF3D7_1120200.1	1351	1352	693.55	17.4065
PF3D7_1120300.1	2684	2685	4747.39	59.9958
PF3D7_1120400.1	2917	2918	1551.77	18.0448
PF3D7_1120500.1	3710	3711	4964.58	45.3943
PF3D7_1120600.1	7908	7909	5087.11	21.8253
PF3D7_1120700.1	5206	5207	2007.87	13.0845
PF3D7_1120800.1	703	704	146	7.03704
PF3D7_1120900.1	816	817	349	14.4948
PF3D7_1121000.1	1097	1098	18107.4	559.582
PF3D7_1121100.1	6352	6353	9959.69	53.1958
PF3D7_1121200.1	704	705	1139	54.8207
PF3D7_1121300.1	6281	6282	18447.3	99.6424
PF3D7_1121400.1	1749	1750	11637	225.638
PF3D7_1121500.1	1548	1549	3064	67.1193
PF3D7_1121600.1	3065	3066	237421	2627.59
PF3D7_1121700.1	4678	4679	30932.1	224.319
PF3D7_1121800.1	6075	6076	1028	5.74097
PF3D7_1121900.1	2050	2051	4890	80.9009
PF3D7_1122000.1	1936	1937	475	8.32097
PF3D7_1122100.1	2040	2041	6609	109.876
PF3D7_1122200.1	2027	2028	24356	407.519
PF3D7_1122300.1	1086	1087	1921	59.9664
PF3D7_1122400.1	3549	3550	5286.7	50.532
PF3D7_1122500.1	6387	6388	2188.24	11.6236
PF3D7_1122600.1	6182	6183	2636.23	14.4675
PF3D7_1122700.1	1515	1516	769.725	17.2285
PF3D7_1122800.1	5864	5865	5701.19	32.9843
PF3D7_1122900.1	15756	15757	1309.06	2.81901
PF3D7_1123000.1	10984	10985	22212.8	68.6141
PF3D7_1123100.1	7588	7589	42547	190.237
PF3D7_1123200.1	3373	3374	1358.52	13.6625
PF3D7_1123300.1	3143	3144	4703.31	50.7612
PF3D7_1123400.1	3048	3049	81871.2	911.138
PF3D7_1123500.1	5049	5050	11072.2	74.3964
PF3D7_1123600.1	3883	3884	1642.05	14.3455
PF3D7_1123700.1	1045	1046	584.178	18.9506
PF3D7_1123800.1	4600	4601	4991.23	36.8099
PF3D7_1123900.1	1434	1435	715.257	16.913
PF3D7_1124000.1	2912	2913	6466.67	75.327
PF3D7_1124100.1	6173	6174	29438.8	161.795
PF3D7_1124200.1	2594	2595	1414.3	18.4933
PF3D7_1124300.1	3184	3185	2395.52	25.5212
PF3D7_1124400.1	929	930	2369.42	86.4509
PF3D7_1124500.1	2749	2750	1832.31	22.6087
PF3D7_1124600.1	4164	4165	44889.3	365.711
PF3D7_1124700.1	2005	2006	6522.42	110.329
PF3D7_1124800.1	1452	1453	61642.3	1439.54
PF3D7_1124900.1	2208	2209	18601.1	285.728
PF3D7_1125000.1	1641	1642	4876.08	100.765
PF3D7_1125100.1	2107	2108	921.863	14.839
PF3D7_1125200.1	2541	2542	4578.5	61.1164
PF3D7_1125300.1	4816	4817	8958	63.1022
PF3D7_1125400.1	3193	3194	2645.4	28.1038
PF3D7_1125500.1	1434	1435	1224.55	28.9558
PF3D7_1125600.1	1696	1697	3119.87	62.3828
PF3D7_1125700.1	3097	3098	12128.8	132.845
PF3D7_1125800.1	3179	3180	23407.2	249.765
PF3D7_1125900.1	1860	1861	14864.3	271.024
PF3D7_1126000.1	4011	4012	6062.78	51.2768
PF3D7_1126100.1	4399	4400	1192.01	9.1926
PF3D7_1126200.1	1984	1985	30319.5	518.288
PF3D7_1126300.1	2078	2079	61945	1011.02
PF3D7_1126400.1	1034	1035	8025.34	263.107
PF3D7_1126500.1	5220	5221	4819.56	31.323
PF3D7_1126600.1	2795	2796	1243.64	15.0928
PF3D7_1126700.1	5208	5209	67700.6	441.01
PF3D7_1126800.1	3751	3752	1673.87	15.138
PF3D7_1126900.1	989	990	1411.61	48.3826
PF3D7_1127000.1	2084	2085	1781.78	28.9974
PF3D7_1127100.1	1443	1444	9878.36	232.128
PF3D7_1127200.1	207	208	5	0.815674
PF3D7_1127300.1	1806	1807	2922.3	54.8752
PF3D7_1127400.1	1756	1757	940.417	18.1618
PF3D7_1127500.1	2225	2226	4477	68.2452
PF3D7_1127600.1	1324	1325	12584.5	322.277
PF3D7_1127700.1	1344	1345	388	9.78858
PF3D7_1127800.1	5137	5138	9871.34	65.1917
PF3D7_1127900.1	2216	2217	8019.33	122.739
PF3D7_1128000.1	6202	6203	7502.58	41.0411
PF3D7_1128000.2	5331	5332	10457.1	66.5477
PF3D7_1128100.1	1854	1855	2544.87	46.5514
PF3D7_1128200.1	1026	1027	606.621	20.0427
PF3D7_1128300.1	5216	5217	979.048	6.36785
PF3D7_1128400.1	1537	1538	1815.73	40.0595
PF3D7_1128500.1	2381	2382	4453.27	63.4376
PF3D7_1128600.1	2429	2430	342.092	4.77691
PF3D7_1128700.1	3062	3063	13004.7	144.066
PF3D7_1128900.1	3077	3078	11425.8	125.959
PF3D7_1129000.1	2293	2294	14428.3	213.419
PF3D7_1129100.1	3367	3368	29143.1	293.612
PF3D7_1129200.1	2126	2127	41181.4	656.968
PF3D7_1129300.1	5789	5790	13655.2	80.0255
PF3D7_1129400.1	3550	3551	7579.35	72.4255
PF3D7_1129500.1	2589	2590	15858.4	207.764
PF3D7_1129600.1	4238	4239	5306.3	42.4755
PF3D7_1129700.1	2660	2661	3957.64	50.4663
PF3D7_1129800.1	2902	2903	1100.28	12.8607
PF3D7_1129850.1	687	688	0	0
PF3D7_1129900.1	2728	2729	1471.67	18.2985
PF3D7_1130000.1	4001	4002	6037.61	51.1916
PF3D7_1130100.1	1309	1310	8845.16	229.11
PF3D7_1130200.1	2570	2571	38406.4	506.887
PF3D7_1130300.1	100	101	92	30.9084
PF3D7_1130310.1	103	104	0	0
PF3D7_1130400.1	2829	2830	2077.38	24.908
PF3D7_1130500.1	3914	3915	5228.04	45.3124
PF3D7_1130600.1	3401	3402	2364.24	23.5813
PF3D7_1130700.1	6233	6234	4451.34	24.2289
PF3D7_1130800.1	1524	1525	514	11.4368
PF3D7_1130900.1	4123	4124	2774.79	22.8308
PF3D7_1131000.1	1350	1351	552.332	13.8725
PF3D7_1131100.1	2951	2952	74292.1	853.957
PF3D7_1131200.1	1690	1691	10072.2	202.112
PF3D7_1131300.1	2439	2440	516.934	7.18878
PF3D7_1131400.1	5725	5726	2753.46	16.3169
PF3D7_1131500.1	771	772	85	3.73604
PF3D7_1131600.1	8292	8293	2054.38	8.4058
PF3D7_1131700.1	411	412	670	55.1808
PF3D7_1131800.1	6541	6542	10371	53.7921
PF3D7_1131900.1	2331	2332	5891.26	85.7215
PF3D7_1132000.1	3093	3094	26617.8	291.919
PF3D7_1132100.1	3393	3394	366	3.65914
PF3D7_1132200.1	2510	2511	27946	377.644
PF3D7_1132300.1	1937	1938	1467.04	25.6861
PF3D7_1132400.1	5765	5766	36035.8	212.065
PF3D7_1132500.1	4320	4321	507.8	3.98766
PF3D7_1132600.1	1922	1923	9380.32	165.519
PF3D7_1132700.1	1607	1608	1627.72	34.3481
PF3D7_1132800.1	2162	2163	1789.72	28.0761
PF3D7_1132900.1	2277	2278	11815.3	175.995
PF3D7_1133000.1	1008	1009	5773.04	194.144
PF3D7_1133100.1	4344	4345	3973.48	31.0307
PF3D7_1133200.1	7140	7141	18072.2	85.8742
PF3D7_1133300.1	2304	2305	13719	201.959
PF3D7_1133400.1	3731	3732	51192.5	465.452
PF3D7_1133500.1	1179	1180	3237	93.0831
PF3D7_1133600.1	2311	2312	21992.5	322.773
PF3D7_1133700.1	5669	5670	36657.5	219.376
PF3D7_1133800.1	3513	3514	8932.85	86.2579
PF3D7_1133900.1	4722	4723	18884.1	135.672
PF3D7_1134000.1	3609	3610	12736.2	119.713
PF3D7_1134100.1	3211	3212	12975.6	137.076
PF3D7_1134200.1	6581	6582	8837.74	45.561
PF3D7_1134300.1	7196	7197	6856.15	32.325
PF3D7_1134400.1	1256	1257	2332.02	62.9515
PF3D7_1134500.1	6213	6214	10675.7	58.2958
PF3D7_1134600.1	8014	8015	9118.68	38.6046
PF3D7_1134700.1	5428	5429	7790.74	48.6932
PF3D7_1134800.1	1721	1722	2139.39	42.1567
PF3D7_1134900.1	2049	2050	765.004	12.6625
PF3D7_1135000.1	1586	1587	1028.29	21.986
PF3D7_1135100.1	3418	3419	3840.21	38.1124
PF3D7_1135200.1	1494	1495	2841	64.4822
PF3D7_1135300.1	2028	2029	169.004	2.82635
PF3D7_1135400.1	1585	1586	1547.01	33.0979
PF3D7_1135500.1	1080	1081	4508	141.504
PF3D7_1135600.1	7066	7067	3435.86	16.4972
PF3D7_1135700.1	790	791	92.2461	3.95714
PF3D7_1135800.1	1144	1145	2080.05	61.6423
PF3D7_1135900.1	1633	1634	8591.64	178.416
PF3D7_1136000.1	10822	10823	13304.9	41.7132
PF3D7_1136100.1	1809	1810	1520	28.4954
PF3D7_1136200.1	2588	2589	9796	128.389
PF3D7_1136300.1	4886	4887	7569.5	52.5575
PF3D7_1136400.1	4802	4803	9106.05	64.3321
PF3D7_1136500.1	972	973	159.157	5.5504
PF3D7_1136500.2	975	976	15735.8	547.079
PF3D7_1136600.1	5043	5044	8329.31	56.033
PF3D7_1136700.1	2737	2738	9872.26	122.347
PF3D7_1136700.2	1206	1207	11085.7	311.65
PF3D7_1136800.1	4076	4077	3637.54	30.2745
PF3D7_1136900.1	5532	5533	39175.2	240.248
PF3D7_1137000.1	198	199	170964	29151.6
PF3D7_1137100.1	1625	1626	543.681	11.3458
PF3D7_1137200.1	2425	2426	17475	244.42
PF3D7_1137300.1	3493	3494	5269.88	51.1785
PF3D7_1137400.1	2378	2379	5266.92	75.1229
PF3D7_1137500.1	1507	1508	2140.44	48.1627
PF3D7_1137600.1	1971	1972	622	10.7027
PF3D7_1137700.1	2208	2209	1605	24.6541
PF3D7_1137800.1	456	457	2278	169.141
PF3D7_1137900.1	2289	2290	1029	15.2472
PF3D7_1138000.1	9747	9748	18110.6	63.0418
PF3D7_1138100.1	1458	1459	1178.57	27.41
PF3D7_1138200.1	753	754	109.268	4.91737
PF3D7_1138300.1	960	961	3679.73	129.928
PF3D7_1138350.1	279	280	204	24.7219
PF3D7_1138400.1	13943	13944	13299.9	32.3647
PF3D7_1138500.1	3450	3451	49266.1	484.41
PF3D7_1138600.1	2535	2536	5167.36	69.14
PF3D7_1138700.1	6396	6397	19710.7	104.553
PF3D7_1138800.1	7030	7031	7267.63	35.074
PF3D7_1138900.1	3360	3361	11703.2	118.153
PF3D7_1139100.1	8547	8548	15766.6	62.5868
PF3D7_1139200.1	1662	1663	546.875	11.1585
PF3D7_1139300.1	8683	8684	7603.32	29.7094
PF3D7_1139400.1	3586	3587	411.518	3.89285
PF3D7_1139500.1	1938	1939	970	16.9748
PF3D7_1139600.1	1890	1891	412	7.39292
PF3D7_1139700.1	2784	2785	8794.49	107.151
PF3D7_1139800.1	6751	6752	13545	68.0701
PF3D7_1139900.1	1665	1666	2908.19	59.2321
PF3D7_1140000.1	1803	1804	2504.14	47.1012
PF3D7_1140100.1	1625	1626	10219.6	213.267
PF3D7_1140200.1	2635	2636	4450.12	57.2844
PF3D7_1140300.1	3242	3243	1476.58	15.4497
PF3D7_1140400.1	1105	1106	4602.63	141.208
PF3D7_1140500.1	5217	5218	4774.12	31.0456
PF3D7_1140600.1	6380	6381	2428.31	12.9129
PF3D7_1140700.1	10188	10189	7843.8	26.1219
PF3D7_1140800.1	3497	3498	4278.07	41.4991
PF3D7_1140900.1	5849	5850	3073	17.8245
PF3D7_1141000.1	2472	2473	795.16	10.9104
PF3D7_1141100.1	7692	7693	947.331	4.17846
PF3D7_1141200.1	1086	1087	182.019	5.68195
PF3D7_1141300.1	4396	4397	26507.3	204.559
PF3D7_1141400.1	1809	1810	46897.4	879.186
PF3D7_1141500.1	912	913	1096	40.7333
PF3D7_1141600.1	789	790	8446	362.772
PF3D7_1141700.1	1368	1369	3082	76.3905
PF3D7_1141800.1	2311	2312	3772.67	55.3696
PF3D7_1141900.1	1602	1603	2790	59.0583
PF3D7_1142000.1	2558	2559	758	10.051
PF3D7_1142100.1	10727	10728	12808.8	40.5135
PF3D7_1142200.1	1133	1134	1370.58	41.0112
PF3D7_1142300.1	6712	6713	35267.6	178.266
PF3D7_1142400.1	2254	2255	4272.08	64.2839
PF3D7_1142500.1	990	991	3186.68	109.113
PF3D7_1142600.1	1117	1118	25572.3	776.136
PF3D7_1142700.1	2740	2741	1353.09	16.7505
PF3D7_1142800.1	1235	1236	2737.31	75.1478
PF3D7_1142900.1	2367	2368	6309.25	90.4079
PF3D7_1143000.1	1491	1492	1811.19	41.1913
PF3D7_1143100.1	6287	6288	84732	457.241
PF3D7_1143200.1	2855	2856	7794.25	92.6032
PF3D7_1143300.1	3172	3173	11659	124.681
PF3D7_1143400.1	1895	1896	6442.46	115.298
PF3D7_1143500.1	3307	3308	13709	140.621
PF3D7_1143600.1	1295	1296	1168.6	30.5966
PF3D7_1143700.1	3092	3093	1208.56	13.2586
PF3D7_1143800.1	4216	4217	5142.31	41.3776
PF3D7_1143900.1	1516	1517	2102.38	47.0258
PF3D7_1144000.1	995	996	2899	98.7641
PF3D7_1144100.1	523	524	293	18.9735
PF3D7_1144200.1	1528	1529	6548.74	145.332
PF3D7_1144300.1	891	892	2342.95	89.1268
PF3D7_1144400.1	4395	4396	2265	17.4832
PF3D7_1144500.1	2496	2497	1521.15	20.6711
PF3D7_1144600.1	1771	1772	1124.51	21.5332
PF3D7_1144700.1	1500	1501	1083.06	24.484
PF3D7_1144800.1	2183	2184	817.234	12.6971
PF3D7_1144900.1	1752	1753	1376.56	26.6455
PF3D7_1145000.1	2069	2070	547.05	8.96741
PF3D7_1145100.1	4348	4349	4437.92	34.6258
PF3D7_1145200.1	9293	9294	31373.7	114.544
PF3D7_1145300.1	1017	1018	8021	267.357
PF3D7_1145400.1	3906	3907	11903.6	103.382
PF3D7_1145500.1	3065	3066	1136.24	12.575
PF3D7_1145600.1	2481	2482	1557.68	21.2955
PF3D7_1145700.1	1600	1601	815.456	17.283
PF3D7_1145800.1	3292	3293	2925.84	30.1488
PF3D7_1145900.1	1303	1304	1053.28	27.4081
PF3D7_1146000.1	2688	2689	3076.41	38.8207
PF3D7_1146100.1	1159	1160	938.715	27.4591
PF3D7_1146200.1	635	636	6783	361.889
PF3D7_1146300.1	735	736	707.926	32.6378
PF3D7_1146500.1	954	955	147	5.22305
PF3D7_1146600.1	7201	7202	32305	152.204
PF3D7_1146700.1	2409	2410	637.251	8.97229
PF3D7_1146800.1	11198	11199	4154.44	12.5876
PF3D7_1146900.1	1734	1735	1398.28	27.3468
PF3D7_1147000.1	8823	8824	1880.06	7.22963
PF3D7_1147100.1	309	310	457	50.0224
PF3D7_1147200.1	8958	8959	2558.09	9.68871
PF3D7_1147300.1	6407	6408	13942.6	73.8298
PF3D7_1147400.1	867	868	60.057	2.34776
PF3D7_1147500.1	3202	3203	526	5.57236
PF3D7_1147600.1	2565	2566	8355.45	110.49
PF3D7_1147700.1	1584	1585	2786.19	59.6474
PF3D7_1147800.1	6168	6169	2208.97	12.1502
PF3D7_1147800.2	6060	6061	9597.03	53.7283
PF3D7_1147900.1	2012	2013	2306.76	38.8837
PF3D7_1148000.1	5364	5365	3616.19	22.8714
PF3D7_1148100.1	1659	1660	1732.16	35.4071
PF3D7_1148200.1	544	545	56.5035	3.51794
PF3D7_1148500.1	273	274	260.741	32.2901
PF3D7_1148600.1	2150	2151	383.282	6.04628
PF3D7_1148620.1	168	169	24	4.81875
PF3D7_1148640.1	4205	4206	40.7381	0.328656
PF3D7_1148700.1	3803	3804	11003	98.1478
PF3D7_1148800.1	1840	1841	1217	22.4309
PF3D7_1148900.1	1990	1991	1268.22	21.614
PF3D7_1149000.1	20482	20483	29629.4	49.084
PF3D7_1149100.1	3711	3712	7538.14	68.9075
PF3D7_1149100.2	1350	1351	12554.9	315.331
PF3D7_1149200.1	4496	4497	397842	3001.91
PF3D7_1149300.1	2049	2050	12907.2	213.644
PF3D7_1149400.1	2216	2217	738	11.2954
PF3D7_1149500.1	2520	2521	5190	69.8561
PF3D7_1149600.1	3554	3555	25518.7	243.573
PF3D7_1149700.1	258	259	8.045	1.05399
PF3D7_1149800.1	945	946	0	0
PF3D7_1149900.1	927	928	0	0
PF3D7_1150000.1	1110	1111	0	0
PF3D7_1150100.1	861	862	1	0.0393643
PF3D7_1150200.1	1017	1018	52	1.73327
PF3D7_1150300.1	1026	1027	0	0
PF3D7_1150400.1	9360	9361	196.056	0.71067
PF3D7_1200100.1	6537	6538	2153	11.174
PF3D7_1200200.1	1137	1138	9.11894	0.271902
PF3D7_1200300.1	1038	1039	274.216	8.95545
PF3D7_1200400.1	8583	8584	364.72	1.44172
PF3D7_1200500.1	1722	1723	514.789	10.138
PF3D7_1200600.1	11562	11563	185731	545.034
PF3D7_1200610.1	360	361	0	0
PF3D7_1200700.1	4847	4848	67223.4	470.509
PF3D7_1200800.1	3321	3322	71994.3	735.375
PF3D7_1200900.1	2633	2634	4466	57.5325
PF3D7_1201000.1	2992	2993	11094.5	125.78
PF3D7_1201100.1	3749	3750	2361.22	21.3656
PF3D7_1201200.1	3573	3574	18228.4	173.063
PF3D7_1201300.1	321	322	1489	156.909
PF3D7_1201400.1	3390	3391	1673.28	16.7437
PF3D7_1201500.1	2140	2141	1935	30.6672
PF3D7_1201600.1	1645	1646	2178.67	44.9129
PF3D7_1201700.1	1668	1669	898.008	18.2572
PF3D7_1201800.1	1718	1719	2483.52	49.0232
PF3D7_1201900.1	1658	1659	5955.82	121.816
PF3D7_1202000.1	3198	3199	4106.14	43.5542
PF3D7_1202100.1	2140	2141	2807.48	44.4949
PF3D7_1202100.2	1203	1204	4488.26	126.492
PF3D7_1202200.1	2190	2191	3402.4	52.693
PF3D7_1202300.1	17956	17957	6676.28	12.6157
PF3D7_1202400.1	1378	1379	891.988	21.9485
PF3D7_1202500.1	3985	3986	4503.01	38.3333
PF3D7_1202600.1	6781	6782	127648	638.653
PF3D7_1202700.1	3656	3657	1781.17	16.5268
PF3D7_1202800.1	1326	1327	278.469	7.1206
PF3D7_1202900.1	2597	2598	4039.35	52.7573
PF3D7_1203000.1	4241	4242	9902.75	79.2128
PF3D7_1203100.1	1120	1121	8870.36	268.501
PF3D7_1203200.1	818	819	9107.9	377.35
PF3D7_1203300.1	3681	3682	2280.27	21.0142
PF3D7_1203400.1	4485	4486	3286.52	24.8592
PF3D7_1203500.1	2112	2113	4802.04	77.1145
PF3D7_1203600.1	1511	1512	811.17	18.2041
PF3D7_1203700.1	2330	2331	14516.4	211.313
PF3D7_1203800.1	3009	3010	3519.89	39.6801
PF3D7_1203900.1	846	847	759	30.4066
PF3D7_1204000.1	492	493	195	13.4214
PF3D7_1204100.1	3684	3685	6742.92	62.0899
PF3D7_1204200.1	2043	2044	4352.66	72.2577
PF3D7_1204300.1	3255	3256	10886.5	113.452
PF3D7_1204400.1	1050	1051	617	19.9201
PF3D7_1204500.1	1526	1527	2192.34	48.7167
PF3D7_1204600.1	1376	1377	1909.89	47.0635
PF3D7_1204700.1	1761	1762	578.034	11.1316
PF3D7_1204900.1	1518	1519	9361.46	209.12
PF3D7_1205000.1	2411	2412	10384.6	146.091
PF3D7_1205100.1	2436	2437	7511.31	104.585
PF3D7_1205200.1	1406	1407	1182.58	28.5197
PF3D7_1205300.1	1727	1728	2261.53	44.4088
PF3D7_1205400.1	4233	4234	4655.58	37.3107
PF3D7_1205500.1	6855	6856	7689.59	38.0577
PF3D7_1205600.1	2363	2364	13321.1	191.206
PF3D7_1205700.1	1628	1629	2296.81	47.8425
PF3D7_1205800.1	8343	8344	25351.8	103.097
PF3D7_1205900.1	3652	3653	43680.1	405.737
PF3D7_1206000.1	2639	2640	3151.11	40.5013
PF3D7_1206100.1	1615	1616	755	15.8532
PF3D7_1206200.1	4754	4755	33641.2	240.066
PF3D7_1206300.1	8806	8807	13124.6	50.5671
PF3D7_1206400.1	1601	1602	1298	27.493
PF3D7_1206500.1	2709	2710	4018.28	50.313
PF3D7_1206600.1	5438	5439	8025.66	50.0694
PF3D7_1206700.1	6238	6239	9156.68	49.8005
PF3D7_1206800.1	2665	2666	3593.36	45.7352
PF3D7_1206900.1	2092	2093	880.038	14.2673
PF3D7_1207000.1	9210	9211	16366.8	60.293
PF3D7_1207100.1	3957	3958	18615.1	159.588
PF3D7_1207200.1	10491	10492	1858.12	6.00932
PF3D7_1207300.1	330	331	241	24.7058
PF3D7_1207400.1	1188	1189	668	19.0636
PF3D7_1207500.1	1250	1251	2295.97	62.2758
PF3D7_1207600.1	2864	2865	2047.12	24.2454
PF3D7_1207700.1	1128	1129	2171	65.2493
PF3D7_1207800.1	3412	3413	5181	51.5095
PF3D7_1207900.1	1289	1290	1322	34.7738
PF3D7_1208000.1	384	385	523	46.0947
PF3D7_1208100.1	14004	14005	20308.5	49.2046
PF3D7_1208200.1	10806	10807	2719.17	8.53772
PF3D7_1208300.1	1537	1538	1565.21	34.5324
PF3D7_1208400.1	5596	5597	1968.63	11.9349
PF3D7_1208500.1	5603	5604	342	2.0708
PF3D7_1208600.1	956	957	1054.93	37.4043
PF3D7_1208700.1	1360	1361	14639	364.975
PF3D7_1208800.1	4583	4584	4700.67	34.7957
PF3D7_1208900.1	8491	8492	16115.2	64.3927
PF3D7_1209000.1	1086	1087	3414.66	106.593
PF3D7_1209100.1	3079	3080	459	5.05676
PF3D7_1209200.1	1089	1090	964.832	30.0355
PF3D7_1209300.1	5166	5167	10309.2	67.7016
PF3D7_1209400.1	3640	3641	9327.94	86.9311
PF3D7_1209500.1	3727	3728	940.934	8.56433
PF3D7_1209500.2	2679	2680	189.577	2.40028
PF3D7_1209600.1	1469	1470	158.888	3.66761
PF3D7_1209700.1	1478	1479	5246.67	120.372
PF3D7_1209800.1	1141	1142	85.3276	2.53532
PF3D7_1209900.1	3247	3248	5275.77	55.1162
PF3D7_1210000.1	2082	2083	1466.74	23.8931
PF3D7_1210100.1	2513	2514	2255.53	30.4434
PF3D7_1210200.1	3752	3753	1067.23	9.64915
PF3D7_1210300.1	1088	1089	801.01	24.9586
PF3D7_1210400.1	3581	3582	5360.06	50.7755
PF3D7_1210500.1	1801	1802	793.65	14.9446
PF3D7_1210600.1	4917	4918	8767.59	60.4925
PF3D7_1210700.1	2789	2790	1888.01	22.9621
PF3D7_1210800.1	100	101	3	1.00788
PF3D7_1210900.1	1667	1668	7734	157.332
PF3D7_1211000.1	5535	5536	5962.82	36.5482
PF3D7_1211100.1	696	697	40	1.94732
PF3D7_1211200.1	5791	5792	24761	145.061
PF3D7_1211300.1	5121	5122	9197.24	60.9295
PF3D7_1211400.1	2329	2330	3281.73	47.7922
PF3D7_1211500.1	2255	2256	300.074	4.51335
PF3D7_1211600.1	9032	9033	8897.12	33.4216
PF3D7_1211700.1	3904	3905	3557.04	30.9085
PF3D7_1211800.1	2355	2356	38522.3	554.813
PF3D7_1211900.1	6137	6138	21370.7	118.141
PF3D7_1212000.1	1376	1377	7227.32	178.096
PF3D7_1212100.1	2281	2282	2326.2	34.5893
PF3D7_1212200.1	3410	3411	1249.4	12.4288
PF3D7_1212300.1	4612	4613	7518.92	55.3073
PF3D7_1212400.1	1546	1547	611.305	13.4084
PF3D7_1212500.1	2981	2982	2897.57	32.9714
PF3D7_1212600.1	935	936	3014	109.264
PF3D7_1212700.1	7171	7172	64851	306.822
PF3D7_1212800.1	2871	2872	3658.58	43.2253
PF3D7_1212900.1	5429	5430	34887.4	218.011
PF3D7_1213000.1	753	754	1441	64.8489
PF3D7_1213100.1	164	165	722	148.478
PF3D7_1213200.1	1248	1249	599.011	16.2736
PF3D7_1213300.1	336	337	32	3.22203
PF3D7_1213400.1	1731	1732	308	6.03411
PF3D7_1213500.1	2097	2098	376	6.08124
PF3D7_1213600.1	1660	1661	2437.78	49.8006
PF3D7_1213700.1	1053	1054	2835.91	91.298
PF3D7_1213800.1	4049	4050	5568.08	46.651
PF3D7_1213900.1	4396	4397	108276	835.577
PF3D7_1214000.1	2901	2902	9597.12	112.216
PF3D7_1214100.1	4748	4749	4593.42	32.8204
PF3D7_1214200.1	1412	1413	296.597	7.12253
PF3D7_1214300.1	1803	1804	2521.63	47.4301
PF3D7_1214400.1	872	873	72.0167	2.79917
PF3D7_1214500.1	1535	1536	790.921	17.4724
PF3D7_1214600.1	1230	1231	327.113	9.01675
PF3D7_1214700.1	1385	1386	489.153	11.9755
PF3D7_1214800.1	1187	1188	1366.8	39.039
PF3D7_1214900.1	1129	1130	128	3.84363
PF3D7_1215000.1	1442	1443	957.211	22.5088
PF3D7_1215100.1	3774	3775	4297.15	38.6255
PF3D7_1215200.1	1781	1782	4947.41	94.2065
PF3D7_1215300.1	958	959	5631	199.24
PF3D7_1215400.1	2660	2661	2519.61	32.1291
PF3D7_1215500.1	210	211	471	75.7441
PF3D7_1215600.1	461	462	1130	82.994
PF3D7_1215700.1	3342	3343	330	3.34956
PF3D7_1215800.1	1101	1102	273	8.40603
PF3D7_1215900.1	2608	2609	512.029	6.65933
PF3D7_1216000.1	2410	2411	9503	133.744
PF3D7_1216100.1	882	883	824	31.6648
PF3D7_1216200.1	2176	2177	11042.9	172.122
PF3D7_1216300.1	1518	1519	6273.2	140.133
PF3D7_1216400.1	3173	3174	15940.3	170.412
PF3D7_1216500.1	1867	1868	20025.3	363.757
PF3D7_1216600.1	549	550	10099	623.054
PF3D7_1216700.1	3222	3223	1788	18.8242
PF3D7_1216800.1	72	73	47	21.8467
PF3D7_1216900.1	6208	6209	24946.9	136.335
PF3D7_1217000.1	792	793	734.527	31.43
PF3D7_1217100.1	1303	1304	717.068	18.6592
PF3D7_1217100.2	924	925	2264.96	83.0863
PF3D7_1217200.1	3901	3902	10623	92.3785
PF3D7_1217300.1	3776	3777	9211.03	82.7506
PF3D7_1217400.1	3752	3753	5078.09	45.9126
PF3D7_1217500.1	3229	3230	5399.89	56.7274
PF3D7_1217600.1	897	898	361	13.6408
PF3D7_1217700.1	2061	2062	2062.73	33.9441
PF3D7_1217800.1	618	619	2618.53	143.542
PF3D7_1217900.1	1927	1928	28965.1	509.774
PF3D7_1218000.1	2266	2267	35705.8	534.438
PF3D7_1218100.1	1392	1393	1375	33.4936
PF3D7_1218200.1	7000	7001	68964.1	334.251
PF3D7_1218300.1	3668	3669	8135.35	75.2382
PF3D7_1218400.1	3204	3205	2447.59	25.9132
PF3D7_1218500.1	4243	4244	10026.5	80.1646
PF3D7_1218600.1	3099	3100	5577.87	61.0544
PF3D7_1218700.1	1491	1492	1059	24.0845
PF3D7_1218800.1	1576	1577	1664.79	35.8211
PF3D7_1218900.1	2778	2779	3653.86	44.6142
PF3D7_1219000.1	11335	11336	24108.4	72.1638
PF3D7_1219100.1	6984	6985	12096	58.7603
PF3D7_1219200.1	704	705	638	30.7073
PF3D7_1219300.1	6771	6772	2525.43	12.654
PF3D7_1219400.1	3420	3421	443.53	4.39927
PF3D7_1219500.1	813	814	20	0.833711
PF3D7_1219600.1	5387	5388	58303	367.175
PF3D7_1219700.1	573	574	469	27.725
PF3D7_1219800.1	162	163	171	35.5974
PF3D7_1219900.1	1233	1234	2116	58.1849
PF3D7_1220000.1	1308	1309	297	7.69887
PF3D7_1220100.1	2916	2917	3839	44.6572
PF3D7_1220200.1	1724	1725	2623.26	51.6015
PF3D7_1220300.1	8577	8578	8320	32.9115
PF3D7_1220400.1	2973	2974	1712.97	19.5443
PF3D7_1220500.1	1534	1535	571.378	12.6306
PF3D7_1220600.1	1017	1018	1929	64.2976
PF3D7_1220700.1	2658	2659	337	4.30053
PF3D7_1220900.1	2768	2769	10611.8	130.04
PF3D7_1221000.1	9156	9157	29652.7	109.881
PF3D7_1221100.1	1522	1523	645	14.3704
PF3D7_1221200.1	610	611	1232	68.4195
PF3D7_1221300.1	2929	2930	27169	314.642
PF3D7_1221400.1	2383	2384	2252.7	32.0632
PF3D7_1221500.1	3160	3161	603	6.47296
PF3D7_1221600.1	1945	1946	180.957	3.15532
PF3D7_1221700.1	2923	2924	1983.09	23.013
PF3D7_1221800.1	3528	3529	8787.63	84.4949
PF3D7_1221900.1	4511	4512	12240	92.0498
PF3D7_1222000.1	1710	1711	1670	33.119
PF3D7_1222100.1	1970	1971	2643.65	45.5122
PF3D7_1222200.1	145	146	137	31.8403
PF3D7_1222300.1	3567	3568	18481.7	175.763
PF3D7_1222400.1	9834	9835	4396.29	15.1678
PF3D7_1222500.1	3275	3276	24894	257.846
PF3D7_1222600.1	8270	8271	4242.41	17.4046
PF3D7_1222700.1	2281	2282	12658.1	188.219
PF3D7_1222800.1	2016	2017	1138.08	19.1459
PF3D7_1222900.1	2417	2418	549.185	7.70677
PF3D7_1223000.1	1149	1150	892.025	26.3202
PF3D7_1223100.1	2123	2124	213496	3410.72
PF3D7_1223200.1	2334	2335	22178.8	322.301
PF3D7_1223300.1	4242	4243	25483	203.792
PF3D7_1223400.1	6854	6855	87739.7	434.309
PF3D7_1223500.1	14014	14015	28894.1	69.9563
PF3D7_1223600.1	5836	5837	3516.34	20.4414
PF3D7_1223700.1	1877	1878	33556.5	606.306
PF3D7_1223800.1	1156	1157	29680	870.444
PF3D7_1223900.1	1564	1565	1237.66	26.8348
PF3D7_1224000.1	1872	1873	5136.19	93.0494
PF3D7_1224100.1	2248	2249	53588.7	808.527
PF3D7_1224200.1	3034	3035	1498.35	16.7519
PF3D7_1224300.1	7668	7669	24776.3	109.625
PF3D7_1224400.1	3262	3263	13738.7	142.869
PF3D7_1224500.1	2886	2887	1901.62	22.3504
PF3D7_1224600.1	1466	1467	1030.71	23.8405
PF3D7_1224700.1	5766	5767	26238.2	154.381
PF3D7_1224800.1	1954	1955	1298.64	22.5399
PF3D7_1224900.1	898	899	7316.96	276.173
PF3D7_1225000.1	5187	5188	2375.01	15.5337
PF3D7_1225100.1	5255	5256	5611	36.2239
PF3D7_1225200.1	4347	4348	1448.11	11.3012
PF3D7_1225300.1	2232	2233	699.156	10.6242
PF3D7_1225400.1	1163	1164	5996.15	174.795
PF3D7_1225500.1	1977	1978	2008.3	34.4519
PF3D7_1225600.1	3013	3014	9162.98	103.158
PF3D7_1225700.1	5283	5284	2415.45	15.5112
PF3D7_1225800.1	4760	4761	12986.5	92.5562
PF3D7_1225900.1	3024	3025	1817.02	20.3819
PF3D7_1226000.1	3163	3164	2962.59	31.772
PF3D7_1226100.1	2265	2266	1279.83	19.1648
PF3D7_1226200.1	4729	4730	2176.68	15.6151
PF3D7_1226300.1	2515	2516	4083.05	55.0661
PF3D7_1226400.1	2983	2984	3022	34.3642
PF3D7_1226500.1	4518	4519	2055.95	15.4376
PF3D7_1226600.1	1359	1360	219.157	5.46798
PF3D7_1226700.1	3426	3427	8268.77	81.8723
PF3D7_1226800.1	3053	3054	9317.21	103.521
PF3D7_1226900.1	1795	1796	17565	331.858
PF3D7_1227000.1	1712	1713	21205.7	420.055
PF3D7_1227100.1	3536	3537	950.98	9.12318
PF3D7_1227200.1	7997	7998	9973.3	42.3124
PF3D7_1227300.1	3489	3490	926.021	9.00338
PF3D7_1227400.1	4181	4182	1187.36	9.63407
PF3D7_1227500.1	8984	8985	7119.16	26.8857
PF3D7_1227600.1	4726	4727	3113.85	22.3523
PF3D7_1227700.1	4226	4227	17160.8	137.757
PF3D7_1227800.1	3920	3921	13133.7	113.658
PF3D7_1227900.1	1966	1967	9820.41	169.409
PF3D7_1228000.1	1276	1277	217.145	5.7699
PF3D7_1228100.1	1344	1345	2718.86	68.5921
PF3D7_1228200.1	2762	2763	1549.07	19.024
PF3D7_1228300.1	5621	5622	6555.78	39.568
PF3D7_1228400.1	5311	5312	3115.91	19.9039
PF3D7_1228500.1	1996	1997	11394.2	193.605
PF3D7_1228600.1	2611	2612	64322.9	835.608
PF3D7_1228700.1	4616	4617	10406.2	76.4793
PF3D7_1228800.1	10724	10725	28544.8	90.3109
PF3D7_1228900.1	3037	3038	5886.6	65.7487
PF3D7_1229000.1	5909	5910	3315.74	19.0372
PF3D7_1229100.1	10802	10803	44228.7	138.922
PF3D7_1229200.1	1171	1172	6218.63	180.043
PF3D7_1229300.1	3118	3119	69033.2	751.022
PF3D7_1229400.1	1393	1394	64050.2	1559.08
PF3D7_1229500.1	3119	3120	14511.1	157.818
PF3D7_1229600.1	4307	4308	21761.5	171.405
PF3D7_1229700.1	837	838	6680.73	270.514
PF3D7_1229800.1	8647	8648	36276.4	142.337
PF3D7_1229900.1	2410	2411	2130.85	29.9892
PF3D7_1229900.2	2016	2017	10959.8	184.377
PF3D7_1230000.1	6668	6669	7838.05	39.8802
PF3D7_1230100.1	1723	1724	723	14.2302
PF3D7_1230200.1	3348	3349	6489.37	65.7503
PF3D7_1230300.1	1224	1225	2036	56.3965
PF3D7_1230400.1	1151	1152	305.068	8.98574
PF3D7_1230500.1	2356	2357	599.022	8.62369
PF3D7_1230600.1	1987	1988	20966.6	357.866
PF3D7_1230700.1	3687	3688	3073.03	28.2739
PF3D7_1230800.1	2998	2999	8148.87	92.2001
PF3D7_1230900.1	4023	4024	14441.3	121.775
PF3D7_1231000.1	3295	3296	5006.09	51.5372
PF3D7_1231100.1	1805	1806	4133.49	77.6621
PF3D7_1231200.1	1959	1960	37422.4	647.867
PF3D7_1231300.1	3334	3335	4579	46.5892
PF3D7_1231400.1	6431	6432	47722.9	251.763
PF3D7_1231500.1	2315	2316	8763.41	128.394
PF3D7_1231600.1	5096	5097	8548.43	56.9091
PF3D7_1231700.1	1405	1406	265.992	6.41938
PF3D7_1231800.1	7952	7953	4707.17	20.0835
PF3D7_1231900.1	3912	3913	3590.32	31.1339
PF3D7_1232000.1	2833	2834	2714.35	32.4995
PF3D7_1232100.1	3010	3011	7459.32	84.0618
PF3D7_1232200.1	2104	2105	7313.76	117.896
PF3D7_1232300.1	1609	1610	1350.95	28.4723
PF3D7_1232400.1	1719	1720	50048.7	987.357
PF3D7_1232500.1	3805	3806	266545	2376.35
PF3D7_1232600.1	1856	1857	1189.1	21.7279
PF3D7_1232700.1	3103	3104	1807.55	19.7596
PF3D7_1232800.1	560	561	753.449	45.5723
PF3D7_1232900.1	2433	2434	1898.77	26.4705
PF3D7_1233000.1	3028	3029	1359.15	15.2257
PF3D7_1233050.1	99	100	57	19.3413
PF3D7_1233100.1	1201	1202	6413.74	181.058
PF3D7_1233200.1	12963	12964	2048.47	5.36167
PF3D7_1233200.2	9696	9697	3602.77	12.6069
PF3D7_1233300.1	4437	4438	5996	45.8442
PF3D7_1233400.1	3321	3322	1725.67	17.6266
PF3D7_1233600.1	19173	19174	81441.3	144.126
PF3D7_1233700.1	2429	2430	1560	21.7835
PF3D7_1233800.1	885	886	10750.1	411.709
PF3D7_1233900.1	3934	3935	1747.08	15.0653
PF3D7_1234000.1	1771	1772	858	16.4299
PF3D7_1234100.1	12477	12478	26951.9	73.2916
PF3D7_1234200.1	6201	6202	4842.4	26.4935
PF3D7_1234300.1	1904	1905	16250	289.447
PF3D7_1234400.1	1971	1972	65	1.11845
PF3D7_1234500.1	1856	1857	4718.08	86.2112
PF3D7_1234600.1	3837	3838	8036.13	71.048
PF3D7_1234700.1	4156	4157	2840.95	23.1897
PF3D7_1234800.1	5722	5723	7786.19	46.1648
PF3D7_1234900.1	1298	1299	74602.1	1948.73
PF3D7_1235000.1	1356	1357	202	5.05105
PF3D7_1235100.1	823	824	5675.02	233.696
PF3D7_1235200.1	4351	4352	6608.89	51.5288
PF3D7_1235300.1	7386	7387	16779.5	77.0762
PF3D7_1235400.1	3575	3576	9442	89.5935
PF3D7_1235500.1	2444	2445	6044.39	83.8849
PF3D7_1235600.1	2043	2044	25950.1	430.793
PF3D7_1235700.1	3022	3023	1010.25	11.3397
PF3D7_1235800.1	6045	6046	2425	13.6099
PF3D7_1235900.1	4272	4273	4555.29	36.1738
PF3D7_1236000.1	1862	1863	431.018	7.85041
PF3D7_1236100.1	2873	2874	3835.89	45.2887
PF3D7_1236200.1	7938	7939	8627.08	36.873
PF3D7_1236300.1	2045	2046	1501.04	24.8942
PF3D7_1236400.1	2513	2514	2415.27	32.5995
PF3D7_1236500.1	810	811	380	15.8991
PF3D7_1236600.1	459	460	34	2.50802
PF3D7_1236650.1	177	178	12043	2295.75
PF3D7_1236700.1	2173	2174	2567.36	40.0717
PF3D7_1236800.1	1820	1821	9814.87	182.888
PF3D7_1236900.1	3914	3915	10972.7	95.1023
PF3D7_1237000.1	2983	2984	716.312	8.14542
PF3D7_1237100.1	8969	8970	3919.55	14.827
PF3D7_1237200.1	6522	6523	12642.5	65.7651
PF3D7_1237300.1	924	925	739	27.109
PF3D7_1237400.1	1638	1639	2179.26	45.1169
PF3D7_1237500.1	6961	6962	3767.02	18.3601
PF3D7_1237600.1	2523	2524	20230.9	271.98
PF3D7_1237700.1	2224	2225	11973.9	182.606
PF3D7_1237800.1	1227	1228	1767.53	48.8403
PF3D7_1237900.1	4117	4118	205456	1692.94
PF3D7_1238000.1	1317	1318	7423.17	191.11
PF3D7_1238100.1	1599	1600	1203	25.5127
PF3D7_1238200.1	1050	1051	1038	33.5123
PF3D7_1238300.1	3853	3854	7491.86	65.9611
PF3D7_1238400.1	1067	1068	305.15	9.69509
PF3D7_1238500.1	6899	6900	6512.79	32.0279
PF3D7_1238600.1	3234	3235	3470.11	36.3982
PF3D7_1238700.1	3125	3126	5888.02	63.9132
PF3D7_1238800.1	5934	5935	18906.7	108.095
PF3D7_1238900.1	6365	6366	7677.9	40.9247
PF3D7_1239000.1	4919	4920	8866.41	61.1495
PF3D7_1239100.1	2181	2182	730.435	11.3589
PF3D7_1239200.1	8957	8958	25372.7	96.1092
PF3D7_1239300.1	1738	1739	3143.86	61.3443
PF3D7_1239400.1	540	541	657	41.2077
PF3D7_1239500.1	4007	4008	2870.43	24.3013
PF3D7_1239600.1	1716	1717	1279.29	25.2818
PF3D7_1239700.1	4384	4385	5612.24	43.4287
PF3D7_1239800.1	17753	17754	74567.7	142.516
PF3D7_1239900.1	3711	3712	4342.07	39.6916
PF3D7_1240000.1	2175	2176	437.136	6.8166
PF3D7_1240100.1	1331	1332	1994.05	50.7975
PF3D7_1240200.1	2553	2554	191.04	2.53813
PF3D7_1240300.1	7941	7942	593.131	2.53414
PF3D7_1240400.1	7548	7549	1648.27	7.40884
PF3D7_1240500.1	135	136	1	0.2495
PF3D7_1240600.1	7080	7081	2735.68	13.1093
PF3D7_1240700.1	1038	1039	3.26789	0.106724
PF3D7_1240800.1	135	136	0	0
PF3D7_1240900.1	8198	8199	792.619	3.2803
PF3D7_1241000.1	135	136	12.6	3.1437
PF3D7_1241100.1	2303	2304	11829.8	174.222
PF3D7_1241200.1	7590	7591	10535.2	47.0927
PF3D7_1241300.1	2108	2109	1920.13	30.8934
PF3D7_1241400.1	8419	8420	863.326	3.47915
PF3D7_1241500.1	2391	2392	555.284	7.87706
PF3D7_1241600.1	2031	2032	705	11.7727
PF3D7_1241700.1	2654	2655	1662.99	21.2538
PF3D7_1241800.1	4302	4303	3612.88	28.49
PF3D7_1241900.1	3583	3584	8962.48	84.8536
PF3D7_1242000.1	2035	2036	509.61	8.49318
PF3D7_1242100.1	416	417	443	36.0477
PF3D7_1242200.1	2186	2187	1771.95	27.4923
PF3D7_1242300.1	1414	1415	1733.96	41.5809
PF3D7_1242400.1	1745	1746	5952.02	115.672
PF3D7_1242500.1	1819	1820	2558	47.6913
PF3D7_1242600.1	2389	2390	999.223	14.1865
PF3D7_1242700.1	1189	1190	6332	180.553
PF3D7_1242800.1	2772	2773	8778.4	107.418
PF3D7_1242900.1	1997	1998	5198.38	88.2842
PF3D7_1243000.1	1583	1584	4052.97	86.8218
PF3D7_1243100.1	1063	1064	914	29.1484
PF3D7_1243200.1	252	253	25	3.35297
PF3D7_1243300.1	240	241	221	31.1161
PF3D7_1243400.1	2352	2353	2442.7	35.2256
PF3D7_1243500.1	1496	1497	5177.66	117.36
PF3D7_1243600.1	2687	2688	77029	972.378
PF3D7_1243700.1	4384	4385	25156.3	194.664
PF3D7_1243800.1	2346	2347	72.2912	1.04516
PF3D7_1243900.1	6196	6197	11450.1	62.6958
PF3D7_1244000.1	4093	4094	8691.28	72.0354
PF3D7_1244100.1	5192	5193	16490.7	107.753
PF3D7_1244200.1	4689	4690	3666.88	26.5298
PF3D7_1244300.1	242	243	70784	9884.14
PF3D7_1244400.1	6814	6815	19562.7	97.403
PF3D7_1244500.1	2433	2434	24.6964	0.344289
PF3D7_1244600.1	1933	1934	24148.7	423.689
PF3D7_1244700.1	2436	2437	14707.9	204.788
PF3D7_1244800.1	2354	2355	1488.96	21.4537
PF3D7_1244900.1	4251	4252	6762.89	53.9696
PF3D7_1245000.1	1563	1564	12122.3	263.002
PF3D7_1245100.1	5292	5293	5598.78	35.8923
PF3D7_1245200.1	5042	5043	738.363	4.96811
PF3D7_1245300.1	965	966	522.001	18.336
PF3D7_1245400.1	1481	1482	9845.25	225.418
PF3D7_1245500.1	1462	1463	15621.9	362.327
PF3D7_1245600.1	4818	4819	1116	7.8581
PF3D7_1245700.1	916	917	466.455	17.2604
PF3D7_1245800.1	1296	1297	18020	471.438
PF3D7_1245900.1	1652	1653	1153	23.6683
PF3D7_1246000.1	1452	1453	1187	27.7201
PF3D7_1246100.1	2411	2412	1016.65	14.3022
PF3D7_1246200.1	3426	3427	146108	1446.67
PF3D7_1246300.1	3431	3432	14381	142.184
PF3D7_1246400.1	2289	2290	20987.4	310.981
PF3D7_1246500.1	2102	2103	3528.13	56.9267
PF3D7_1246600.1	1967	1968	1284.28	22.1435
PF3D7_1246700.1	2098	2099	4726.59	76.4092
PF3D7_1246800.1	1625	1626	553.006	11.5404
PF3D7_1246900.1	3268	3269	5031.86	52.2304
PF3D7_1247000.1	1564	1565	10321.1	223.781
PF3D7_1247000.2	1092	1093	7955.24	246.969
PF3D7_1247100.1	1974	1975	1049.43	18.03
PF3D7_1247200.1	1042	1043	2239.23	72.8492
PF3D7_1247300.1	2971	2972	4133.6	47.1944
PF3D7_1247400.1	3675	3676	2846.69	26.2769
PF3D7_1247500.1	3137	3138	8497	91.8804
PF3D7_1247600.1	1485	1486	1888	43.1115
PF3D7_1247700.1	1653	1654	2889.02	59.2687
PF3D7_1247800.1	2384	2385	1527.23	21.7284
PF3D7_1247900.1	1743	1744	5284.63	102.82
PF3D7_1248000.1	1535	1536	3449.12	76.1951
PF3D7_1248100.1	1590	1591	14274.3	304.435
PF3D7_1248200.1	1493	1494	5109	116.037
PF3D7_1248300.1	1350	1351	137.324	3.44906
PF3D7_1248400.1	1105	1106	1571	48.1982
PF3D7_1248500.1	3025	3026	12451.7	139.627
PF3D7_1248600.1	3384	3385	7205.13	72.2259
PF3D7_1248700.1	7907	7908	96221.3	412.871
PF3D7_1248800.1	285	286	1606	190.542
PF3D7_1248900.1	2175	2176	4684	73.0412
PF3D7_1249000.1	2629	2630	916.632	11.8263
PF3D7_1249100.1	2001	2002	4075.77	69.0806
PF3D7_1249200.1	543	544	52	3.2435
PF3D7_1249300.1	3879	3880	3179.63	27.8071
PF3D7_1249400.1	945	946	1795.22	64.3926
PF3D7_1249500.1	868	869	7189.39	280.726
PF3D7_1249600.1	3024	3025	1746.56	19.5915
PF3D7_1249700.1	4488	4489	318.387	2.40666
PF3D7_1249800.1	9647	9648	10911.7	38.3764
PF3D7_1249900.1	2430	2431	1474.19	20.5769
PF3D7_1250000.1	1325	1326	919.341	23.5257
PF3D7_1250100.1	9360	9361	3425	12.415
PF3D7_1250200.1	5045	5046	39324.4	264.439
PF3D7_1250300.1	1831	1832	4186.61	77.5439
PF3D7_1250400.1	2566	2567	3225.02	42.6301
PF3D7_1250500.1	1251	1252	7156.71	193.963
PF3D7_1250600.1	3501	3502	2088.75	20.2386
PF3D7_1250700.1	2767	2768	2326.72	28.5225
PF3D7_1250800.1	5459	5460	15214	94.55
PF3D7_1250900.1	1142	1143	13100	388.898
PF3D7_1251000.1	561	562	491	29.6453
PF3D7_1251100.1	850	851	10516	419.306
PF3D7_1251200.1	2654	2655	63073.2	806.103
PF3D7_1251300.1	1315	1316	3608.47	93.0417
PF3D7_1251400.1	1919	1920	6992	123.569
PF3D7_1251500.1	2819	2820	5135.94	61.799
PF3D7_1251600.1	3147	3148	3351.44	36.1249
PF3D7_1251700.1	2296	2297	7319.79	108.13
PF3D7_1251800.1	2399	2400	4992.58	70.5869
PF3D7_1251900.1	73	74	79.8485	36.6138
PF3D7_1252000.1	72	73	43	19.9874
PF3D7_1252100.1	7983	7984	144084	612.359
PF3D7_1252200.1	1137	1138	1089	32.471
PF3D7_1252300.1	3012	3013	51886.7	584.342
PF3D7_1252400.1	8670	8671	39187.2	153.351
PF3D7_1252500.1	2077	2078	1825.05	29.8015
PF3D7_1252600.1	5012	5013	2852.43	19.3075
PF3D7_1252700.1	4067	4068	1535.05	12.8042
PF3D7_1252800.1	3820	3821	8396.59	74.5652
PF3D7_1252900.1	1842	1843	6257.84	115.215
PF3D7_1253000.1	3636	3637	3138.04	29.2769
PF3D7_1253100.1	1814	1815	12382	231.486
PF3D7_1253200.1	1626	1627	2033.84	42.4168
PF3D7_1253300.1	618	619	41.6144	2.2812
PF3D7_1253400.1	2961	2962	1831.89	20.9858
PF3D7_1253500.1	633	634	103.174	5.52193
PF3D7_1253600.1	852	853	2	0.0795593
PF3D7_1253700.1	1128	1129	0	0
PF3D7_1253800.1	855	856	75.5556	2.99504
PF3D7_1253900.1	828	829	0	0
PF3D7_1254000.1	1041	1042	57.2309	1.86369
PF3D7_1254100.1	888	889	20.261	0.773336
PF3D7_1254200.1	1056	1057	25.0774	0.80504
PF3D7_1254300.1	909	910	0	0
PF3D7_1254400.1	1140	1141	1.00368	0.0298482
PF3D7_1254500.1	921	922	0	0
PF3D7_1254600.1	909	910	2.23096	0.083188
PF3D7_1254700.1	981	982	9.00531	0.31117
PF3D7_1254800.1	954	955	19.4767	0.692027
PF3D7_1254900.1	213	214	6.24644	0.990442
PF3D7_1255000.1	1038	1039	0	0
PF3D7_1255100.1	1053	1054	1.09262	0.0351755
PF3D7_1255200.1	6807	6808	1047.78	5.22228
PF3D7_1300100.1	6489	6490	740.076	3.86938
PF3D7_1300200.1	1047	1048	34.9568	1.13183
PF3D7_1300300.1	11288	11289	425.381	1.27859
PF3D7_1300400.1	1032	1033	23.7583	0.780415
PF3D7_1300500.1	996	997	2	0.0680683
PF3D7_1300600.1	1038	1039	25.2692	0.825252
PF3D7_1300700.1	1110	1111	62.7302	1.9159
PF3D7_1300800.1	1368	1369	0	0
PF3D7_1300900.1	927	928	0	0
PF3D7_1301000.1	1110	1111	0	0
PF3D7_1301100.1	834	835	5	0.203186
PF3D7_1301200.1	2543	2544	1430.14	19.0753
PF3D7_1301300.1	744	745	120	5.46557
PF3D7_1301400.1	2407	2408	2650.41	37.3479
PF3D7_1301500.1	1897	1898	362	6.47176
PF3D7_1301600.1	5448	5449	67213.2	418.55
PF3D7_1301700.1	2679	2680	32665.3	413.583
PF3D7_1301800.1	6495	6496	6132	32.0307
PF3D7_1301900.1	749	750	593	26.8289
PF3D7_1302000.1	2943	2944	11972	137.987
PF3D7_1302050.1	243	244	295	41.0244
PF3D7_1302100.1	2484	2485	190566	2602.13
PF3D7_1302200.1	1070	1071	1379	43.6903
PF3D7_1302300.1	2592	2593	4312.57	56.4344
PF3D7_1302400.1	492	493	464	31.936
PF3D7_1302500.1	9581	9582	8487.66	30.0568
PF3D7_1302600.1	1309	1310	5521	143.007
PF3D7_1302700.1	5549	5550	9730.91	59.4936
PF3D7_1302800.1	2159	2160	121216	1904.22
PF3D7_1302900.1	3237	3238	2359.67	24.7278
PF3D7_1303000.1	450	451	7301	549.308
PF3D7_1303100.1	1170	1171	1095.17	31.7347
PF3D7_1303200.1	1679	1680	357.872	7.22818
PF3D7_1303200.2	519	520	0	0
PF3D7_1303300.1	2177	2178	2816.71	43.8828
PF3D7_1303400.1	4543	4544	6615.82	49.4032
PF3D7_1303500.1	8523	8524	25583.7	101.843
PF3D7_1303600.1	1263	1264	427.038	11.4638
PF3D7_1303700.1	3585	3586	27691.4	262.026
PF3D7_1303800.1	29429	29430	38719.6	44.6427
PF3D7_1303900.1	612	613	460.042	25.4652
PF3D7_1304000.1	4408	4409	4059.52	31.2424
PF3D7_1304100.1	3960	3961	8039.29	68.8689
PF3D7_1304200.1	1407	1408	4487.57	108.148
PF3D7_1304200.2	2222	2223	6049.2	92.3354
PF3D7_1304300.1	1008	1009	3283	110.405
PF3D7_1304400.1	2078	2079	14129	230.604
PF3D7_1304500.1	1386	1387	1857.15	45.434
PF3D7_1304600.1	4445	4446	1486.92	11.3482
PF3D7_1304700.1	1039	1040	488.018	15.9225
PF3D7_1304800.1	118	119	4	1.14057
PF3D7_1304900.1	1696	1697	1602.35	32.0395
PF3D7_1305000.1	5358	5359	12658.9	80.1535
PF3D7_1305100.1	2280	2281	5757.09	85.6422
PF3D7_1305200.1	1256	1257	5277.33	142.459
PF3D7_1305300.1	11329	11330	10968.9	32.8506
PF3D7_1305400.1	2088	2089	6739.22	109.467
PF3D7_1305500.1	2927	2928	307.706	3.56595
PF3D7_1305600.1	1754	1755	3132.41	60.5636
PF3D7_1305700.1	591	592	474	27.1686
PF3D7_1305800.1	840	841	46	1.85597
PF3D7_1305900.1	2629	2630	1481	19.1077
PF3D7_1306000.1	4578	4579	5556	41.172
PF3D7_1306100.1	688	689	670	32.9963
PF3D7_1306200.1	2971	2972	2526	28.84
PF3D7_1306300.1	2878	2879	2979.49	35.1165
PF3D7_1306400.1	3055	3056	16639.1	184.751
PF3D7_1306500.1	14804	14805	4641.5	10.638
PF3D7_1306600.1	1932	1933	4236.14	74.3615
PF3D7_1306700.1	1794	1795	193.026	3.6489
PF3D7_1306800.1	1892	1893	5948.2	106.622
PF3D7_1306900.1	2013	2014	1535.74	25.8744
PF3D7_1307000.1	1770	1771	11005.6	210.866
PF3D7_1307100.1	4187	4188	8619.45	69.8366
PF3D7_1307200.1	1894	1895	5436	97.3375
PF3D7_1307300.1	2267	2268	10827.4	161.99
PF3D7_1307400.1	1164	1165	1364	39.7282
PF3D7_1307500.1	1551	1552	3592.28	78.5395
PF3D7_1307600.1	3310	3311	39186.5	401.595
PF3D7_1307700.1	4801	4802	5002.18	35.3466
PF3D7_1307800.1	2368	2369	2113.98	30.2793
PF3D7_1307900.1	3788	3789	6396.89	57.2868
PF3D7_1308000.1	3877	3878	20160.2	176.4
PF3D7_1308100.1	1196	1197	97.7063	2.76974
PF3D7_1308200.1	10187	10188	50253.6	167.374
PF3D7_1308300.1	2089	2090	18210.2	295.651
PF3D7_1308400.1	20445	20446	27006.2	44.8194
PF3D7_1308500.1	2167	2168	1960.14	30.6788
PF3D7_1308600.1	4536	4537	1050.95	7.86002
PF3D7_1308700.1	3227	3228	6640.97	69.8085
PF3D7_1308800.1	2225	2226	9574.02	145.942
PF3D7_1308900.1	4642	4643	10853.6	79.3203
PF3D7_1309000.1	2293	2294	1586.53	23.4675
PF3D7_1309100.1	1670	1671	13019.9	264.389
PF3D7_1309120.1	307	308	305	33.6015
PF3D7_1309200.1	3123	3124	7567.57	82.1969
PF3D7_1309300.1	3028	3029	10221	114.5
PF3D7_1309400.1	4535	4536	9060.45	67.7777
PF3D7_1309500.1	1656	1657	8497.29	174.008
PF3D7_1309600.1	1432	1433	2873.61	68.0444
PF3D7_1309700.1	5121	5122	4728.8	31.3272
PF3D7_1309800.1	2064	2065	5514.16	90.6086
PF3D7_1309900.1	1006	1007	1929.06	65.002
PF3D7_1310000.1	1074	1075	2148.46	67.8154
PF3D7_1310100.1	3018	3019	5291	59.4682
PF3D7_1310200.1	1355	1356	5630	140.883
PF3D7_1310300.1	1812	1813	5032.62	94.1904
PF3D7_1310400.1	5377	5378	8264.22	52.1424
PF3D7_1310500.1	1719	1720	9820.26	193.733
PF3D7_1310600.1	1781	1782	2701	51.4312
PF3D7_1310700.1	2071	2072	89633.9	1467.89
PF3D7_1310800.1	5019	5020	4230.77	28.5974
PF3D7_1310900.1	1351	1352	5201.58	130.548
PF3D7_1311000.1	637	638	60	3.1911
PF3D7_1311100.1	1540	1541	4650	102.391
PF3D7_1311200.1	2534	2535	2508.89	33.5826
PF3D7_1311300.1	1120	1121	1684	50.9738
PF3D7_1311400.1	2605	2606	6975.03	90.8201
PF3D7_1311500.1	2425	2426	13324	186.361
PF3D7_1311600.1	3622	3623	4365.73	40.8883
PF3D7_1311700.1	2573	2574	1179.24	15.5455
PF3D7_1311800.1	5203	5204	38854	253.343
PF3D7_1311900.1	3715	3716	8063.72	73.6325
PF3D7_1312000.1	1832	1833	752.726	13.9343
PF3D7_1312100.1	4460	4461	6505.48	49.4832
PF3D7_1312200.1	1094	1095	1822.73	56.4832
PF3D7_1312300.1	1173	1174	1415	40.8977
PF3D7_1312400.1	3464	3465	903	8.8429
PF3D7_1312450.1	192	193	188	33.053
PF3D7_1312500.1	2592	2593	3140.49	41.0965
PF3D7_1312600.1	2830	2831	2358.46	28.2682
PF3D7_1312700.1	2830	2831	2109.11	25.2795
PF3D7_1312800.1	7677	7678	64033	282.987
PF3D7_1312900.1	4691	4692	13098.4	94.7263
PF3D7_1313000.1	1444	1445	1239.5	29.1064
PF3D7_1313100.1	8757	8758	1469.16	5.69211
PF3D7_1313200.1	2605	2606	777.035	10.1176
PF3D7_1313300.1	1010	1011	3874.84	130.051
PF3D7_1313400.1	3215	3216	2591.16	27.3394
PF3D7_1313500.1	5374	5375	1577	9.95551
PF3D7_1313600.1	6888	6889	9593.58	47.2536
PF3D7_1313700.1	1039	1040	3052	99.5775
PF3D7_1313800.1	11614	11615	19246.1	56.2255
PF3D7_1313900.1	1529	1530	1877	41.6279
PF3D7_1314000.1	4167	4168	1174.03	9.55785
PF3D7_1314100.1	3600	3601	657.308	6.19379
PF3D7_1314200.1	7804	7805	8033.36	34.9249
PF3D7_1314300.1	1909	1910	597.789	10.62
PF3D7_1314400.1	369	370	308	28.2461
PF3D7_1314500.1	1458	1459	875.08	20.3518
PF3D7_1314600.1	1783	1784	1609.75	30.6178
PF3D7_1314700.1	2388	2389	9304.64	132.158
PF3D7_1314800.1	534	535	760	48.2025
PF3D7_1314900.1	2075	2076	5259.26	85.9622
PF3D7_1315000.1	2174	2175	854.103	13.3248
PF3D7_1315100.1	1104	1105	111	3.40856
PF3D7_1315200.1	3599	3600	672.16	6.3355
PF3D7_1315300.1	1935	1936	20316	356.076
PF3D7_1315400.1	3398	3399	8009.81	79.9616
PF3D7_1315500.1	1483	1484	975.088	22.2957
PF3D7_1315600.1	1213	1214	3340.49	93.3687
PF3D7_1315700.1	2348	2349	632.164	9.13182
PF3D7_1315800.1	2195	2196	2176.67	33.6334
PF3D7_1315900.1	4789	4790	4539.82	32.1598
PF3D7_1316000.1	1437	1438	800.207	18.8823
PF3D7_1316100.1	5368	5369	15178.2	95.9265
PF3D7_1316200.1	1718	1719	5030.96	99.3083
PF3D7_1316300.1	315	316	188	20.1874
PF3D7_1316400.1	687	688	1005	49.5664
PF3D7_1316500.1	4251	4252	3274.66	26.1326
PF3D7_1316600.1	4173	4174	15317.7	124.523
PF3D7_1316700.1	1872	1873	421.001	7.62704
PF3D7_1316800.1	1696	1697	15381.2	307.552
PF3D7_1316900.1	7166	7167	4603.56	21.7955
PF3D7_1317000.1	2758	2759	4159.63	51.1579
PF3D7_1317100.1	4255	4256	8373.7	66.7615
PF3D7_1317200.1	8828	8829	998.115	3.83601
PF3D7_1317300.1	1918	1919	18774.7	331.978
PF3D7_1317400.1	1354	1355	6307.54	157.954
PF3D7_1317500.1	396	397	667.468	57.0492
PF3D7_1317600.1	3145	3146	5951.44	64.1909
PF3D7_1317700.1	1817	1818	1121.05	20.9239
PF3D7_1317800.1	1387	1388	41089.4	1004.5
PF3D7_1317900.1	3443	3444	4438.81	43.7334
PF3D7_1318000.1	1214	1215	10656.2	297.601
PF3D7_1318100.1	1175	1176	5891	169.978
PF3D7_1318200.1	1203	1204	135	3.80467
PF3D7_1318300.1	7226	7227	3243.4	15.2283
PF3D7_1318400.1	5098	5099	5705.9	37.9707
PF3D7_1318500.1	1062	1063	604	19.2803
PF3D7_1318600.1	1798	1799	1432	27.0098
PF3D7_1318700.1	2441	2442	51418	714.462
PF3D7_1318800.1	5464	5465	16895.4	104.903
PF3D7_1318900.1	3583	3584	1570.81	14.8719
PF3D7_1319000.1	4446	4447	2032.25	15.5067
PF3D7_1319100.1	3086	3087	176953	1945.05
PF3D7_1319200.1	3253	3254	1776.16	18.5214
PF3D7_1319300.1	3430	3431	7395.18	73.1371
PF3D7_1319400.1	5212	5213	21837.7	142.144
PF3D7_1319500.1	575	576	480	28.2767
PF3D7_1319600.1	7349	7350	15068.7	69.5662
PF3D7_1319700.1	3121	3122	3466.01	37.671
PF3D7_1319800.1	1242	1243	339.41	9.26538
PF3D7_1319900.1	4470	4471	1718	13.0385
PF3D7_1320000.1	5276	5277	15388.5	98.9506
PF3D7_1320100.1	1827	1828	2996.13	55.6152
PF3D7_1320200.1	2212	2213	19815.1	303.827
PF3D7_1320300.1	2227	2228	949.008	14.4532
PF3D7_1320400.1	1618	1619	3447.43	72.2534
PF3D7_1320500.1	1417	1418	3285.36	78.6171
PF3D7_1320600.1	2263	2264	10501.7	157.396
PF3D7_1320700.1	5192	5193	32890	214.91
PF3D7_1320800.1	2090	2091	4794.75	77.8077
PF3D7_1320900.1	822	823	2936	121.05
PF3D7_1321000.1	2049	2050	1632.33	27.0187
PF3D7_1321100.1	11378	11379	38203.3	113.922
PF3D7_1321200.1	617	618	1556	85.4341
PF3D7_1321300.1	10637	10638	17361.1	55.3766
PF3D7_1321400.1	1338	1339	3483.64	88.2802
PF3D7_1321500.1	4479	4480	12097.7	91.6293
PF3D7_1321600.1	2310	2311	2225	32.6693
PF3D7_1321700.1	4714	4715	13383.7	96.3172
PF3D7_1321800.1	2586	2587	3083.19	40.4402
PF3D7_1321900.1	2816	2817	14241	171.54
PF3D7_1322000.1	3898	3899	9724.45	84.6295
PF3D7_1322100.1	8409	8410	18783.4	75.7859
PF3D7_1322200.1	10627	10628	38949	124.353
PF3D7_1322300.1	4786	4787	4868	34.5062
PF3D7_1322400.1	1620	1621	3153.58	66.0133
PF3D7_1322500.1	2535	2536	8481.63	113.485
PF3D7_1322600.1	2259	2260	479.715	7.20252
PF3D7_1322700.1	1193	1194	2288	65.0222
PF3D7_1322800.1	1060	1061	745	23.826
PF3D7_1322900.1	792	793	1428	61.1034
PF3D7_1323000.1	693	694	574	28.0648
PF3D7_1323100.1	1591	1592	87008.5	1854.51
PF3D7_1323200.1	1096	1097	10076	311.668
PF3D7_1323300.1	1885	1886	1539.94	27.7058
PF3D7_1323400.1	1884	1885	13125.3	236.27
PF3D7_1323500.1	3942	3943	4205.01	36.1868
PF3D7_1323600.1	1563	1564	10497.1	227.741
PF3D7_1323700.1	2282	2283	9506.17	141.289
PF3D7_1323800.1	4675	4676	2398.06	17.4019
PF3D7_1323900.1	1439	1440	2308.03	54.3863
PF3D7_1324000.1	5350	5351	8752.49	55.5018
PF3D7_1324100.1	2630	2631	4842.46	62.4533
PF3D7_1324200.1	2143	2144	10950.5	173.309
PF3D7_1324300.1	17425	17426	13603.6	26.4891
PF3D7_1324400.1	1352	1353	7000.73	175.572
PF3D7_1324500.1	4002	4003	9782.17	82.9201
PF3D7_1324600.1	5788	5789	2630	15.4157
PF3D7_1324700.1	1852	1853	651.362	11.9277
PF3D7_1324800.1	2237	2238	23108.5	350.367
PF3D7_1324900.1	2677	2678	4152.27	52.6121
PF3D7_1325000.1	970	971	126.687	4.42715
PF3D7_1325100.1	3147	3148	17322.2	186.715
PF3D7_1325200.1	1884	1885	513.708	9.2473
PF3D7_1325300.1	405	406	455	38.0273
PF3D7_1325400.1	11485	11486	10701.6	31.6149
PF3D7_1325500.1	2259	2260	677.011	10.1648
PF3D7_1325600.1	791	792	1650.35	70.7069
PF3D7_1325700.1	2235	2236	1505.92	22.8529
PF3D7_1325800.1	4924	4925	946.032	6.51793
PF3D7_1325900.1	8599	8600	29886.7	117.921
PF3D7_1326000.1	1308	1309	1669.03	43.2648
PF3D7_1326100.1	2968	2969	6025.34	68.8623
PF3D7_1326200.1	1897	1898	985.902	17.6258
PF3D7_1326300.1	2416	2417	1530.12	21.4812
PF3D7_1326400.1	2688	2689	2606.4	32.8898
PF3D7_1326500.1	6821	6822	1200.43	5.97082
PF3D7_1326600.1	14628	14629	13087.9	30.3575
PF3D7_1326700.1	1845	1846	6445.09	118.47
PF3D7_1326800.1	1799	1800	477.238	8.99648
PF3D7_1326900.1	4062	4063	4716.14	39.3868
PF3D7_1327000.1	4817	4818	6428.11	45.2717
PF3D7_1327100.1	1035	1036	422	13.8217
PF3D7_1327200.1	1136	1137	1290	38.4981
PF3D7_1327300.1	7291	7292	33231.3	154.636
PF3D7_1327400.1	1990	1991	34003.4	579.51
PF3D7_1327500.1	3564	3565	5279.53	50.2511
PF3D7_1327600.1	1713	1714	8557.71	169.417
PF3D7_1327700.1	2370	2371	7128.73	102.021
PF3D7_1327800.1	2577	2578	1340	17.6373
PF3D7_1327900.1	417	418	39	3.16591
PF3D7_1328000.1	7939	7940	4120.1	17.6075
PF3D7_1328100.1	2657	2658	13230.4	168.899
PF3D7_1328200.1	9064	9065	8718.23	32.634
PF3D7_1328300.1	3909	3910	47509.1	412.297
PF3D7_1328400.1	3289	3290	2338.24	24.1159
PF3D7_1328500.1	5574	5575	8913.94	54.2544
PF3D7_1328600.1	1092	1093	5335	165.624
PF3D7_1328700.1	222	223	354	53.8652
PF3D7_1328800.1	2248	2249	5582.07	84.2201
PF3D7_1328900.1	2623	2624	9210.85	119.109
PF3D7_1329000.1	8212	8213	7384.85	30.5105
PF3D7_1329100.1	8163	8164	31871.2	132.466
PF3D7_1329200.1	1990	1991	1819.71	31.0128
PF3D7_1329300.1	3150	3151	2249.28	24.2217
PF3D7_1329400.1	3614	3615	3173.72	29.7899
PF3D7_1329500.1	7984	7985	26093	110.882
PF3D7_1329600.1	1969	1970	12289.7	211.683
PF3D7_1329700.1	2970	2971	2364.85	27.0091
PF3D7_1329800.1	4608	4609	1748	12.869
PF3D7_1329900.1	2284	2285	3603	53.5043
PF3D7_1330000.1	1121	1122	697.353	21.0897
PF3D7_1330000.2	588	589	1219.62	70.2619
PF3D7_1330100.1	561	562	7458	450.294
PF3D7_1330200.1	928	929	239.695	8.75494
PF3D7_1330300.1	1355	1356	2185.32	54.6848
PF3D7_1330400.1	2386	2387	1477.73	21.0065
PF3D7_1330500.1	3110	3111	7648.39	83.4219
PF3D7_1330600.1	2006	2007	2819.21	47.664
PF3D7_1330700.1	2547	2548	4324	57.5833
PF3D7_1330800.1	3197	3198	41504.3	440.377
PF3D7_1330900.1	80	81	15	6.28371
PF3D7_1331000.1	2286	2287	9117.14	135.27
PF3D7_1331100.1	4357	4358	24064.1	187.367
PF3D7_1331200.1	2361	2362	4879.07	70.0918
PF3D7_1331300.1	1396	1397	2530	61.4518
PF3D7_1331400.1	1446	1447	2396	56.186
PF3D7_1331500.1	2941	2942	2221.66	25.6239
PF3D7_1331600.1	1213	1214	2681.09	74.9381
PF3D7_1331700.1	4318	4319	7630.62	59.9497
PF3D7_1331800.1	2095	2096	2481.59	40.1744
PF3D7_1331900.1	90	91	1	0.37288
PF3D7_1332000.1	2012	2013	3282.98	55.3395
PF3D7_1332100.1	1569	1570	2945	63.6496
PF3D7_1332200.1	3139	3140	39591.8	427.844
PF3D7_1332300.1	1472	1473	7121.83	164.059
PF3D7_1332400.1	3711	3712	6554.77	59.9183
PF3D7_1332500.1	1089	1090	0	0
PF3D7_1332600.1	3360	3361	52534.7	530.381
PF3D7_1332700.1	2942	2943	3543.26	40.8529
PF3D7_1332800.1	2494	2495	277.766	3.77763
PF3D7_1332900.1	4999	5000	6566.17	44.5607
PF3D7_1333000.1	1608	1609	934.512	19.7078
PF3D7_1333100.1	3129	3130	2103.35	22.8022
PF3D7_1333200.1	7028	7029	7048	34.0238
PF3D7_1333300.1	1985	1986	429.84	7.34409
PF3D7_1333400.1	1182	1183	27195.8	780.057
PF3D7_1333500.1	1393	1394	3573.57	86.986
PF3D7_1333600.1	4807	4808	3389.04	23.9179
PF3D7_1333700.1	2680	2681	39263.7	496.941
PF3D7_1333800.1	3143	3144	3717.65	40.1232
PF3D7_1333900.1	4268	4269	5310.27	42.2086
PF3D7_1334000.1	1942	1943	2679.83	46.7999
PF3D7_1334100.1	4192	4193	6969.2	56.3986
PF3D7_1334200.1	2472	2473	1183	16.232
PF3D7_1334300.1	2067	2068	2844	46.6648
PF3D7_1334400.1	930	931	2053	74.8255
PF3D7_1334500.1	3137	3138	1182.62	12.788
PF3D7_1334600.1	1855	1856	15028.6	274.758
PF3D7_1334700.1	1679	1680	4351.53	87.8907
PF3D7_1334800.1	1735	1736	1113.05	21.7559
PF3D7_1334900.1	141	142	160	38.2333
PF3D7_1335000.1	1711	1712	3461.12	68.5999
PF3D7_1335100.1	3340	3341	207879	2111.27
PF3D7_1335200.1	3255	3256	4631.1	48.2625
PF3D7_1335300.1	10899	10900	215620	671.232
PF3D7_1335400.1	10719	10720	79464.1	251.528
PF3D7_1335500.1	1482	1483	61	1.39572
PF3D7_1335600.1	1683	1684	8596.05	173.208
PF3D7_1335700.1	5179	5180	23328	152.812
PF3D7_1335800.1	2216	2217	5310	81.2716
PF3D7_1335900.1	1725	1726	727	14.2924
PF3D7_1336000.1	1835	1836	2873.17	53.1004
PF3D7_1336100.1	800	801	752.58	31.8809
PF3D7_1336200.1	2441	2442	5993	83.2739
PF3D7_1336300.1	1075	1076	493	15.5469
PF3D7_1336400.1	3628	3629	4227.52	39.5284
PF3D7_1336500.1	98	99	0	0
PF3D7_1336600.1	1267	1268	4544.4	121.61
PF3D7_1336700.1	2149	2150	1629.09	25.7109
PF3D7_1336800.1	2115	2116	16243.7	260.483
PF3D7_1336900.1	2335	2336	18290	265.675
PF3D7_1337000.1	3521	3522	1448.3	13.9534
PF3D7_1337100.1	1553	1554	4435	96.8395
PF3D7_1337200.1	3618	3619	5910	55.4127
PF3D7_1337300.1	3551	3552	3165.45	30.2394
PF3D7_1337400.1	2544	2545	73699.1	982.617
PF3D7_1337500.1	12921	12922	34803.6	91.3911
PF3D7_1337600.1	82	83	6	2.45292
PF3D7_1337700.1	2849	2850	39451.9	469.713
PF3D7_1337800.1	3905	3906	191068	1659.84
PF3D7_1337900.1	1733	1734	854.213	16.7158
PF3D7_1338000.1	2612	2613	24260.9	315.049
PF3D7_1338100.1	3489	3490	4763.79	46.3166
PF3D7_1338200.1	2796	2797	3370.33	40.8875
PF3D7_1338300.1	2903	2904	16018.6	187.171
PF3D7_1338400.1	1983	1984	2978.92	50.948
PF3D7_1338500.1	2166	2167	2276.06	35.6398
PF3D7_1338600.1	4550	4551	65379.5	487.466
PF3D7_1338700.1	2684	2685	6568.85	83.0148
PF3D7_1338800.1	2150	2151	5086.06	80.2326
PF3D7_1338900.1	3211	3212	8111.58	85.692
PF3D7_1339000.1	582	583	858	49.9377
PF3D7_1339100.1	72	73	160	74.3716
PF3D7_1339200.1	72	73	67	31.1431
PF3D7_1339300.1	5614	5615	5671.43	34.2731
PF3D7_1339400.1	1323	1324	2272.09	58.2301
PF3D7_1339500.1	910	911	813.423	30.2976
PF3D7_1339600.1	2198	2199	4391.32	67.761
PF3D7_1339700.1	6491	6492	31765	166.028
PF3D7_1339800.1	1246	1247	167.013	4.54458
PF3D7_1339900.1	3457	3458	753.24	7.39126
PF3D7_1340000.1	1857	1858	584.008	10.6655
PF3D7_1340100.1	1884	1885	645.587	11.6213
PF3D7_1340200.1	767	768	155.034	6.84978
PF3D7_1340300.1	3641	3642	7202.21	67.1021
PF3D7_1340400.1	1158	1159	35	1.0247
PF3D7_1340500.1	3651	3652	1236	11.4841
PF3D7_1340600.1	2959	2960	5345.08	61.2734
PF3D7_1340700.1	1238	1239	2347.63	64.2937
PF3D7_1340800.1	2081	2082	1725.37	28.1198
PF3D7_1340900.1	2638	2639	29835.8	383.626
PF3D7_1341000.1	74	75	1	0.452427
PF3D7_1341100.1	108	109	7906	2461.16
PF3D7_1341200.1	2059	2060	29990	493.991
PF3D7_1341300.1	1921	1922	18281	322.742
PF3D7_1341400.1	80	81	539	225.795
PF3D7_1341500.1	2248	2249	531.689	8.02192
PF3D7_1341600.1	2565	2566	583.046	7.71004
PF3D7_1341700.1	538	539	52.3903	3.29816
PF3D7_1341800.1	2634	2635	1217.66	15.6804
PF3D7_1341900.1	2154	2155	7047.96	110.975
PF3D7_1342000.1	2471	2472	115961	1591.75
PF3D7_1342100.1	4733	4734	8496.84	60.9031
PF3D7_1342200.1	3291	3292	2662.01	27.4385
PF3D7_1342300.1	1554	1555	15158.5	330.778
PF3D7_1342400.1	2893	2894	2024.99	23.7429
PF3D7_1342500.1	1596	1597	12582	267.334
PF3D7_1342600.1	3677	3678	108096	997.263
PF3D7_1342700.1	786	787	3855.82	166.246
PF3D7_1342800.1	3200	3201	747.424	7.92304
PF3D7_1342900.1	12114	12115	21244.5	59.5022
PF3D7_1343000.1	3387	3388	18050.4	180.781
PF3D7_1343100.1	2905	2906	3609.98	42.1521
PF3D7_1343200.1	3716	3717	8684.32	79.2781
PF3D7_1343300.1	5176	5177	8288.47	54.3258
PF3D7_1343400.1	4685	4686	22393	162.151
PF3D7_1343500.1	1980	1981	334.826	5.73516
PF3D7_1343600.1	2353	2354	3935.35	56.7267
PF3D7_1343700.1	3278	3279	15732.2	162.802
PF3D7_1343800.1	23875	23876	51228.6	72.805
PF3D7_1343900.1	3012	3013	3071.05	34.5858
PF3D7_1344000.1	3719	3720	2002.11	18.2622
PF3D7_1344100.1	4513	4514	5840.21	43.9012
PF3D7_1344200.1	4499	4500	8248.74	62.1992
PF3D7_1344300.1	7807	7808	189533	823.676
PF3D7_1344400.1	2369	2370	5923.16	84.8038
PF3D7_1344500.1	1103	1104	35369.6	1087.1
PF3D7_1344600.1	1538	1539	2062.42	45.4725
PF3D7_1344700.1	4027	4028	8093.27	68.1781
PF3D7_1344800.1	2602	2603	4904.26	63.9306
PF3D7_1344900.1	6539	6540	3858.4	20.0189
PF3D7_1345000.1	1509	1510	932.646	20.958
PF3D7_1345100.1	911	912	1188.6	44.2233
PF3D7_1345200.1	2742	2743	6386.81	79.0075
PF3D7_1345300.1	1028	1029	938.026	30.9321
PF3D7_1345400.1	4425	4426	7597.3	58.2449
PF3D7_1345500.1	2614	2615	2387.91	30.9854
PF3D7_1345600.1	2366	2367	1655.46	23.7318
PF3D7_1345700.1	2951	2952	1718.24	19.7505
PF3D7_1345800.1	4732	4733	4317.72	30.9548
PF3D7_1345900.1	1352	1353	489.019	12.2642
PF3D7_1346000.1	2088	2089	1295	21.0349
PF3D7_1346100.1	2146	2147	3469	54.8255
PF3D7_1346200.1	2372	2373	553.794	7.91882
PF3D7_1346300.1	2713	2714	138727	1734.45
PF3D7_1346400.1	18585	18586	78945.7	144.129
PF3D7_1346500.1	2267	2268	1515	22.6663
PF3D7_1346600.1	1362	1363	10926.9	272.026
PF3D7_1346700.1	2636	2637	1559.02	20.0609
PF3D7_1346800.1	2144	2145	1327.11	20.9937
PF3D7_1346900.1	1813	1814	1215.93	22.7448
PF3D7_1347000.1	1092	1093	569	17.6645
PF3D7_1347100.1	2538	2539	12366.9	165.276
PF3D7_1347200.1	2215	2216	4986.11	76.3488
PF3D7_1347300.1	1147	1148	2502.28	73.9611
PF3D7_1347400.1	1339	1340	5853.18	148.217
PF3D7_1347500.1	6152	6153	40514.7	223.427
PF3D7_1347600.1	834	835	2249.71	91.4219
PF3D7_1347700.1	4223	4224	12092.4	97.14
PF3D7_1347800.1	771	772	204.589	8.99239
PF3D7_1347900.1	6464	6465	558.843	2.93313
PF3D7_1348000.1	4251	4252	3924.77	31.3207
PF3D7_1348100.1	1038	1039	4782	156.172
PF3D7_1348200.1	1135	1136	36707	1096.43
PF3D7_1348300.1	4967	4968	3545.54	24.2165
PF3D7_1348400.1	12179	12180	18918.4	52.7045
PF3D7_1348500.1	2047	2048	3218.57	53.3265
PF3D7_1348600.1	1668	1669	3422.06	69.5731
PF3D7_1348700.1	2148	2149	2043	32.2583
PF3D7_1348800.1	5505	5506	1114	6.86529
PF3D7_1348900.1	760	761	2529	112.765
PF3D7_1349000.1	1428	1429	734	17.4291
PF3D7_1349100.1	1085	1086	1162.01	36.3068
PF3D7_1349200.1	3029	3030	16210.9	181.541
PF3D7_1349300.1	6317	6318	6929.59	37.2167
PF3D7_1349400.1	1915	1916	2407.77	42.6413
PF3D7_1349500.1	10895	10896	89020.9	277.227
PF3D7_1349600.1	2009	2010	1785.2	30.1371
PF3D7_1349700.1	1041	1042	1023.56	33.3315
PF3D7_1349800.1	2108	2109	2307.29	37.1224
PF3D7_1349900.1	611	612	473	26.2253
PF3D7_1350000.1	1372	1373	2024.04	50.0217
PF3D7_1350100.1	2814	2815	20419.3	246.134
PF3D7_1350200.1	703	704	329.173	15.8658
PF3D7_1350300.1	1532	1533	2050.23	45.3806
PF3D7_1350400.1	2804	2805	477.79	5.77981
PF3D7_1350500.1	4520	4521	5647.83	42.3894
PF3D7_1350600.1	786	787	250	10.7789
PF3D7_1350700.1	2232	2233	715.009	10.8651
PF3D7_1350800.1	741	742	2714	124.113
PF3D7_1350900.1	3732	3733	581.759	5.28804
PF3D7_1351000.1	7918	7919	5803.4	24.8669
PF3D7_1351100.1	1718	1719	14670.7	289.591
PF3D7_1351200.1	5840	5841	2684.17	15.5931
PF3D7_1351300.1	1089	1090	79	2.4593
PF3D7_1351400.1	1429	1430	9619.98	228.27
PF3D7_1351500.1	145	146	4	0.929645
PF3D7_1351600.1	1915	1916	29068	514.79
PF3D7_1351700.1	5557	5558	29766	181.724
PF3D7_1351800.1	1472	1473	21643.7	498.586
PF3D7_1351800.2	708	709	63947.7	3060.47
PF3D7_1351900.1	1404	1405	2966.18	71.6359
PF3D7_1352000.1	6310	6311	25468.6	136.936
PF3D7_1352100.1	4359	4360	2000.51	15.5691
PF3D7_1352200.1	2768	2769	5241.07	64.2254
PF3D7_1352300.1	2630	2631	1623.37	20.9366
PF3D7_1352400.1	5736	5737	27994.5	165.576
PF3D7_1352500.1	2038	2039	31013.2	516.107
PF3D7_1352600.1	1269	1270	184	4.91614
PF3D7_1352700.1	8668	8669	5621.04	22.0018
PF3D7_1352800.1	3396	3397	1293.31	12.9187
PF3D7_1352900.1	2889	2890	58550.2	687.449
PF3D7_1353000.1	2406	2407	10065	141.889
PF3D7_1353100.1	2123	2124	4072.72	65.0638
PF3D7_1353200.1	2498	2499	49793.3	676.106
PF3D7_1353300.1	6716	6717	14165.4	71.5588
PF3D7_1353400.1	4309	4310	2658.11	20.927
PF3D7_1353500.1	1665	1666	964.291	19.6401
PF3D7_1353600.1	2352	2353	9495.27	136.929
PF3D7_1353700.1	1142	1143	53.0283	1.57424
PF3D7_1353800.1	1440	1441	398	9.37193
PF3D7_1353900.1	1697	1698	4208.7	84.1047
PF3D7_1354000.1	1788	1789	706.189	13.3943
PF3D7_1354100.1	1763	1764	142.101	2.73344
PF3D7_1354200.1	3588	3589	1984.87	18.7659
PF3D7_1354300.1	4366	4367	8883.18	69.0233
PF3D7_1354400.1	2250	2251	1992.51	30.0355
PF3D7_1354500.1	2406	2407	2685.04	37.8516
PF3D7_1354600.1	1289	1290	6608.59	173.832
PF3D7_1354700.1	1224	1225	1122	31.079
PF3D7_1354800.1	3272	3273	1959.15	20.311
PF3D7_1354900.1	2837	2838	9631.19	115.154
PF3D7_1355100.1	4311	4312	4129.97	32.4997
PF3D7_1355200.1	3664	3665	10813.5	100.115
PF3D7_1355300.1	2453	2454	1532.88	21.1954
PF3D7_1355400.1	73	74	14	6.41958
PF3D7_1355500.1	3654	3655	5228.3	48.5382
PF3D7_1355600.1	3321	3322	2709.95	27.6804
PF3D7_1355700.1	6605	6606	7762.83	39.8742
PF3D7_1355800.1	2298	2299	1066.23	15.7369
PF3D7_1355900.1	2152	2153	2836	44.6964
PF3D7_1356000.1	4197	4198	3086	24.9439
PF3D7_1356100.1	4308	4309	16181.5	127.425
PF3D7_1356200.1	1405	1406	308.412	7.44314
PF3D7_1356300.1	1803	1804	9918.5	186.56
PF3D7_1356400.1	3974	3975	715.048	6.10391
PF3D7_1356500.1	588	589	210	12.098
PF3D7_1356600.1	2881	2882	1726.01	20.3217
PF3D7_1356700.1	2152	2153	1292.76	20.3744
PF3D7_1356800.1	14568	14569	35157.6	81.8841
PF3D7_1356900.1	2278	2279	12255.3	182.469
PF3D7_1357000.1	3743	3744	18156.4	164.552
PF3D7_1357100.1	4288	4289	4638.97	36.7008
PF3D7_1357200.1	2415	2416	3015.13	42.3467
PF3D7_1357300.1	366	367	88	8.1363
PF3D7_1357400.1	5320	5321	3841.02	24.4942
PF3D7_1357500.1	3498	3499	4795	46.5002
PF3D7_1357600.1	746	747	5279.17	239.803
PF3D7_1357700.1	4915	4916	4554.57	31.4373
PF3D7_1357800.1	3337	3338	19254.7	195.731
PF3D7_1357900.1	1676	1677	2054.77	41.5758
PF3D7_1358000.1	7554	7555	11093.2	49.8231
PF3D7_1358100.1	3089	3090	6346.8	69.6958
PF3D7_1358200.1	5620	5621	6723.69	40.5886
PF3D7_1358300.1	1906	1907	1097.95	19.5362
PF3D7_1358400.1	1266	1267	5231.74	140.114
PF3D7_1358500.1	2674	2675	926.196	11.7487
PF3D7_1358600.1	3018	3019	2893	32.5159
PF3D7_1358700.1	2255	2256	11064.3	166.416
PF3D7_1358800.1	1609	1610	50488.1	1064.08
PF3D7_1358900.1	1934	1935	8209.54	143.962
PF3D7_1359000.1	11163	11164	5717.97	17.3793
PF3D7_1359100.1	2722	2723	1654.14	20.6127
PF3D7_1359200.1	1492	1493	4916.63	111.742
PF3D7_1359300.1	4210	4211	27332.9	220.247
PF3D7_1359400.1	3547	3548	7720.5	73.8366
PF3D7_1359500.1	810	811	8902	372.458
PF3D7_1359600.1	10667	10668	30553.9	97.1838
PF3D7_1359700.1	13187	13188	16208.4	41.7034
PF3D7_1359800.1	612	613	4498	248.983
PF3D7_1359900.1	7535	7536	43892.2	197.632
PF3D7_1360000.1	534	535	7269	461.032
PF3D7_1360100.1	1419	1420	225.05	5.37776
PF3D7_1360200.1	1187	1188	3434	98.0831
PF3D7_1360300.1	1929	1930	1140.42	20.0502
PF3D7_1360400.1	1196	1197	5042	142.928
PF3D7_1360500.1	9540	9541	4927.38	17.5239
PF3D7_1360700.1	5320	5321	3073.29	19.5984
PF3D7_1360800.1	4612	4613	19023.8	139.934
PF3D7_1360900.1	2703	2704	1979.92	24.8457
PF3D7_1361000.1	2542	2543	1913.74	25.5357
PF3D7_1361100.1	3785	3786	66845.9	599.107
PF3D7_1361200.1	6034	6035	5469.45	30.7522
PF3D7_1361300.1	1339	1340	2900.61	73.4504
PF3D7_1361400.1	839	840	1666.77	67.3297
PF3D7_1361500.1	1907	1908	4531.06	80.5809
PF3D7_1361500.2	336	337	3335.62	335.859
PF3D7_1361600.1	414	415	101	8.25816
PF3D7_1361700.1	1965	1966	2530.59	43.6766
PF3D7_1361800.1	8468	8469	488016	1955.3
PF3D7_1361900.1	2326	2327	9953.72	145.144
PF3D7_1362000.1	1746	1747	622	12.0811
PF3D7_1362100.1	940	941	1342	48.3919
PF3D7_1362200.1	2649	2650	1580.97	20.2436
PF3D7_1362300.1	1575	1576	3089.43	66.517
PF3D7_1362400.1	7249	7250	7248.83	33.9266
PF3D7_1362500.1	3014	3015	1071.46	12.0586
PF3D7_1362600.1	1182	1183	1889.78	54.2046
PF3D7_1362700.1	8543	8544	5678.98	22.5538
PF3D7_1362800.1	6947	6948	7103.54	34.6917
PF3D7_1362900.1	4911	4912	1986	13.7193
PF3D7_1363000.1	3716	3717	2778.73	25.3667
PF3D7_1363100.1	3770	3771	4085.13	36.7586
PF3D7_1363200.1	2338	2339	4471.24	64.8646
PF3D7_1363300.1	1296	1297	3956.75	103.516
PF3D7_1363400.1	4205	4206	1771.26	14.2897
PF3D7_1363500.1	3252	3253	3570.17	37.2404
PF3D7_1363600.1	793	794	3474	148.463
PF3D7_1363700.1	3329	3330	2118.74	21.5895
PF3D7_1363800.1	2046	2047	1716	28.4452
PF3D7_1364000.1	3974	3975	7672.88	65.4985
PF3D7_1364100.1	3078	3079	25287.6	278.681
PF3D7_1364200.1	6642	6643	3064.47	15.6531
PF3D7_1364300.1	3968	3969	43193.6	369.274
PF3D7_1364400.1	11263	11264	5990.4	18.0457
PF3D7_1364500.1	2065	2066	1329.87	21.8418
PF3D7_1364600.1	3377	3378	4687	47.081
PF3D7_1364700.1	1299	1300	2228	58.1543
PF3D7_1364800.1	1553	1554	2940.98	64.2172
PF3D7_1364900.1	1775	1776	1443.01	27.5699
PF3D7_1365000.1	1997	1998	1661.23	28.2127
PF3D7_1365100.1	853	854	405.458	16.1101
PF3D7_1365200.1	1125	1126	1510.69	45.5248
PF3D7_1365300.1	3931	3932	1284.79	11.0874
PF3D7_1365400.1	2842	2843	807.103	9.63302
PF3D7_1365500.1	1805	1806	15092.2	283.56
PF3D7_1365600.1	1869	1870	20795.6	377.346
PF3D7_1365700.1	3232	3233	4110.79	43.1449
PF3D7_1365800.1	1582	1583	30968.5	663.819
PF3D7_1365900.1	1717	1718	64856.2	1280.97
PF3D7_1366000.1	2019	2020	1602.28	26.9152
PF3D7_1366100.1	1098	1099	533.358	16.4676
PF3D7_1366200.1	1125	1126	7665.46	230.999
PF3D7_1366300.1	13790	13791	19718.8	48.5171
PF3D7_1366400.1	6219	6220	6845.87	37.3464
PF3D7_1366500.1	2277	2278	1032.39	15.3779
PF3D7_1366600.1	3646	3647	13705.6	127.518
PF3D7_1366700.1	2870	2871	2377.35	28.0976
PF3D7_1366800.1	2289	2290	2042.66	30.2671
PF3D7_1366900.1	4647	4648	8925.01	65.1557
PF3D7_1367000.1	2092	2093	606.396	9.831
PF3D7_1367100.1	2270	2271	1026.09	15.3312
PF3D7_1367200.1	1104	1105	711	21.8332
PF3D7_1367300.1	1008	1009	279	9.3826
PF3D7_1367400.1	4152	4153	1705.86	13.9378
PF3D7_1367500.1	2112	2113	9024.82	144.927
PF3D7_1367600.1	1465	1466	573.855	13.2825
PF3D7_1367700.1	4907	4908	16322.9	112.851
PF3D7_1367800.1	3549	3550	373	3.56526
PF3D7_1367900.1	1944	1945	1025	17.8819
PF3D7_1368000.1	705	706	148	7.11323
PF3D7_1368100.1	1509	1510	8997.33	202.184
PF3D7_1368200.1	3646	3647	1817.03	16.9058
PF3D7_1368300.1	823	824	641.313	26.4091
PF3D7_1368400.1	2548	2549	3422.58	45.561
PF3D7_1368500.1	3001	3002	1044.93	11.811
PF3D7_1368600.1	1378	1379	966.158	23.7735
PF3D7_1368700.1	2723	2724	8373.95	104.312
PF3D7_1368800.1	5983	5984	22757.2	129.044
PF3D7_1368900.1	3362	3363	1403.09	14.1569
PF3D7_1369000.1	3178	3179	4170.03	44.5101
PF3D7_1369100.1	2559	2560	2222.21	29.4547
PF3D7_1369200.1	7518	7519	6879.77	31.0473
PF3D7_1369300.1	2540	2541	4686.82	62.587
PF3D7_1369400.1	9750	9751	4454.79	15.502
PF3D7_1369500.1	4247	4248	4020.84	32.1175
PF3D7_1369600.1	3224	3225	12921.4	135.953
PF3D7_1369700.1	1381	1382	1474.58	36.2052
PF3D7_1369800.1	74	75	140	63.3398
PF3D7_1369900.1	72	73	18	8.36681
PF3D7_1370000.1	74	75	73	33.0272
PF3D7_1370100.1	72	73	119	55.3139
PF3D7_1370200.1	71	72	106	49.9555
PF3D7_1370300.1	2545	2546	37152	495.147
PF3D7_1370500.1	615	616	37.4965	2.06548
PF3D7_1370800.1	1026	1027	3600.74	118.968
PF3D7_1370900.1	597	598	1071	60.7713
PF3D7_1371000.1	2151	2152	577.226	9.10152
PF3D7_1371200.1	160	161	0	0
PF3D7_1371300.1	4215	4216	8513.86	68.5229
PF3D7_1371500.1	1904	1905	1520	27.0744
PF3D7_1371600.1	8127	8128	25397	106.025
PF3D7_1371700.1	2840	2841	2955.73	35.3024
PF3D7_1371800.1	2489	2490	2910.19	39.6581
PF3D7_1371900.1	1120	1121	120	3.63233
PF3D7_1372000.1	2700	2701	5086.97	63.9064
PF3D7_1372100.1	3649	3650	978.626	9.09775
PF3D7_1372200.1	2149	2150	42076.1	664.059
PF3D7_1372300.1	4250	4251	2760.16	22.032
PF3D7_1372400.1	3114	3115	426.337	4.64413
PF3D7_1372500.1	906	907	140.853	5.26949
PF3D7_1372600.1	819	820	90	3.72425
PF3D7_1372700.1	1047	1048	0	0
PF3D7_1372800.1	903	904	8.28972	0.311158
PF3D7_1372900.1	1332	1333	226.263	5.75962
PF3D7_1373000.1	1011	1012	20.2294	0.678285
PF3D7_1373100.1	1026	1027	13	0.42952
PF3D7_1373200.1	213	214	6.24644	0.990442
PF3D7_1373300.1	1065	1066	66.2178	2.10779
PF3D7_1373400.1	1134	1135	82.8067	2.4756
PF3D7_1373500.1	6672	6673	3289.83	16.7287
PF3D7_1400100.1	2934	2935	8711.67	100.717
PF3D7_1400200.1	1095	1096	51.2522	1.58676
PF3D7_1400300.1	1029	1030	35.2609	1.16163
PF3D7_1400400.1	1014	1015	51.0291	1.70593
PF3D7_1400500.1	1020	1021	1	0.0332341
PF3D7_1400600.1	1104	1105	29.3455	0.901135
PF3D7_1400700.1	882	883	25.1281	0.965627
PF3D7_1400800.1	951	952	16	0.570287
PF3D7_1400900.1	834	835	5	0.203186
PF3D7_1401000.1	924	925	24.4034	0.895199
PF3D7_1401050.1	1356	1357	59.0658	1.47695
PF3D7_1401100.1	3471	3472	4439.8	43.3905
PF3D7_1401200.1	2265	2266	1315.05	19.6922
PF3D7_1401300.1	2372	2373	16398.1	234.48
PF3D7_1401400.1	2202	2203	1.45184e+06	22362.2
PF3D7_1401500.1	2631	2632	393.118	5.06812
PF3D7_1401600.1	3412	3413	51229.7	509.326
PF3D7_1401700.1	813	814	78	3.25147
PF3D7_1401800.1	4723	4724	6749.34	48.4799
PF3D7_1401900.1	2051	2052	25307	418.479
PF3D7_1402000.1	1992	1993	2360.3	40.1855
PF3D7_1402100.1	3109	3110	1141	12.449
PF3D7_1402200.1	1646	1647	11819.1	243.501
PF3D7_1402300.1	3485	3486	2801.5	27.2692
PF3D7_1402400.1	2125	2126	1489.22	23.7688
PF3D7_1402500.1	2030	2031	21138.6	353.163
PF3D7_1402550.1	86	87	4	1.56009
PF3D7_1402600.1	83	84	23	9.29092
PF3D7_1402700.1	3060	3061	22940.4	254.301
PF3D7_1402800.1	5209	5210	12659.6	82.4504
PF3D7_1402900.1	2959	2960	1954	22.3997
PF3D7_1403000.1	1445	1446	1300.04	30.5069
PF3D7_1403100.1	6939	6940	24431.9	119.456
PF3D7_1403200.1	1221	1222	2946	81.8035
PF3D7_1403300.1	3486	3487	2167.16	21.0887
PF3D7_1403400.1	1944	1945	6825	119.067
PF3D7_1403500.1	947	948	4882.2	174.75
PF3D7_1403600.1	1274	1275	800.706	21.3095
PF3D7_1403700.1	2271	2272	371.192	5.5437
PF3D7_1403800.1	4629	4630	1574	11.5354
PF3D7_1403900.1	1884	1885	562.563	10.1267
PF3D7_1404000.1	581	582	2849	166.104
PF3D7_1404100.1	1448	1449	954.328	22.348
PF3D7_1404200.1	1172	1173	945	27.3366
PF3D7_1404300.1	609	610	1532	85.2195
PF3D7_1404400.1	1326	1327	201.072	5.14151
PF3D7_1404500.1	2098	2099	1541.25	24.9156
PF3D7_1404600.1	2793	2794	2159.69	26.2286
PF3D7_1404600.2	2010	2011	0	0
PF3D7_1404600.3	2412	2413	657.309	9.2432
PF3D7_1404700.1	1615	1616	493.902	10.3707
PF3D7_1404800.1	4880	4881	38579	268.196
PF3D7_1404900.1	3427	3428	18229.1	180.441
PF3D7_1405000.1	2701	2702	3083.61	38.7244
PF3D7_1405100.1	4072	4073	5810.1	48.4038
PF3D7_1405200.1	1303	1304	349	9.08151
PF3D7_1405300.1	3499	3500	22270.9	215.913
PF3D7_1405400.1	5003	5004	4320.78	29.2991
PF3D7_1405500.1	2241	2242	13620.7	206.146
PF3D7_1405600.1	1619	1620	1687.29	35.3416
PF3D7_1405700.1	3497	3498	4395.02	42.6335
PF3D7_1405800.1	3852	3853	14422.8	127.017
PF3D7_1405900.1	4289	4290	8096.42	64.0392
PF3D7_1406000.1	740	741	784.929	35.9437
PF3D7_1406100.1	4777	4778	2571.53	18.2623
PF3D7_1406200.1	9723	9724	25294.9	88.2671
PF3D7_1406300.1	2627	2628	5771.66	74.5221
PF3D7_1406400.1	2269	2270	3969.41	59.335
PF3D7_1406500.1	4584	4585	1472.36	10.8964
PF3D7_1406600.1	5447	5448	14487.1	90.2306
PF3D7_1406700.1	1943	1944	303.113	5.29077
PF3D7_1406800.1	3069	3070	5082.03	56.1706
PF3D7_1406900.1	1909	1910	543.219	9.65054
PF3D7_1407000.1	3819	3820	738	6.55546
PF3D7_1407100.1	2261	2262	14667.8	220.03
PF3D7_1407200.1	1934	1935	2092	36.6852
PF3D7_1407300.1	3327	3328	19181.6	195.574
PF3D7_1407400.1	2230	2231	8143.98	123.865
PF3D7_1407500.1	1495	1496	1834.13	41.6015
PF3D7_1407600.1	6344	6345	4792.91	25.6317
PF3D7_1407700.1	1221	1222	1011	28.0731
PF3D7_1407800.1	3979	3980	19708.9	168.031
PF3D7_1407900.1	4162	4163	15200.8	123.9
PF3D7_1408000.1	3018	3019	5814.22	65.3489
PF3D7_1408100.1	2419	2420	6646.55	93.1947
PF3D7_1408200.1	5463	5464	10590.1	65.7658
PF3D7_1408300.1	453	454	2521	188.42
PF3D7_1408400.1	4508	4509	10045.1	75.5934
PF3D7_1408500.1	1608	1609	1696.45	35.7764
PF3D7_1408600.1	1424	1425	7816.25	186.12
PF3D7_1408700.1	22620	22621	37016.7	55.5259
PF3D7_1408800.1	1864	1865	232.657	4.233
PF3D7_1408900.1	1732	1733	196.802	3.85337
PF3D7_1409000.1	3056	3057	2207.59	24.5038
PF3D7_1409100.1	4758	4759	6411.16	45.7121
PF3D7_1409200.1	2059	2060	17497.9	288.223
PF3D7_1409200.2	561	562	24.1844	1.46019
PF3D7_1409300.1	2022	2023	37554.9	629.913
PF3D7_1409400.1	1980	1981	45492.7	779.234
PF3D7_1409500.1	3755	3756	3656.29	33.0313
PF3D7_1409600.1	3237	3238	21808.5	228.538
PF3D7_1409700.1	3251	3252	1439.11	15.016
PF3D7_1409800.1	3906	3907	1505.55	13.0756
PF3D7_1409900.1	4425	4426	68133.9	522.351
PF3D7_1410000.1	1835	1836	4761.52	88.0001
PF3D7_1410100.1	1622	1623	1197	25.0258
PF3D7_1410200.1	4463	4464	4664.68	35.4575
PF3D7_1410300.1	14512	14513	50006.4	116.917
PF3D7_1410400.1	4040	4041	100434	843.341
PF3D7_1410500.1	1250	1251	3034.84	82.3167
PF3D7_1410600.1	3518	3519	9528.27	91.8766
PF3D7_1410700.1	2251	2252	1399.69	21.0899
PF3D7_1410800.1	1951	1952	3999.52	69.5246
PF3D7_1410900.1	3444	3445	3534.06	34.8093
PF3D7_1411000.1	6500	6501	11961.1	62.4313
PF3D7_1411000.2	6096	6097	465832	2592.53
PF3D7_1411100.1	3363	3364	1845.6	18.6163
PF3D7_1411200.1	4252	4253	14678	117.107
PF3D7_1411300.1	3132	3133	924.181	10.0094
PF3D7_1411400.1	7017	7018	5631.41	27.2279
PF3D7_1411500.1	3557	3558	17327.2	165.246
PF3D7_1411600.1	2056	2057	947.181	15.6246
PF3D7_1411700.1	2394	2395	1823.82	25.8396
PF3D7_1411800.1	2560	2561	1627.24	21.5601
PF3D7_1411900.1	2340	2341	7557.77	109.547
PF3D7_1412000.1	1937	1938	4344.52	76.0673
PF3D7_1412100.1	3465	3466	7572.37	74.1333
PF3D7_1412200.1	2623	2624	1201	15.5306
PF3D7_1412300.1	1312	1313	7261.62	187.663
PF3D7_1412400.1	10538	10539	17123.5	55.132
PF3D7_1412500.1	2228	2229	2103.86	32.0271
PF3D7_1412600.1	1981	1982	19192.6	328.58
PF3D7_1412700.1	5142	5143	1359.96	8.9726
PF3D7_1412800.1	3062	3063	5395.49	59.7715
PF3D7_1412900.1	4072	4073	8954.71	74.6015
PF3D7_1412900.2	276	277	9.70653	1.18903
PF3D7_1413000.1	1416	1417	95	2.27491
PF3D7_1413100.1	1722	1723	4687	92.3038
PF3D7_1413200.1	2050	2051	1902.95	31.4826
PF3D7_1413300.1	561	562	167.206	10.0955
PF3D7_1413400.1	2257	2258	2609	39.2067
PF3D7_1413500.1	1802	1803	649.771	12.2285
PF3D7_1413600.1	1572	1573	2613.55	56.3784
PF3D7_1413700.1	4638	4639	22888.8	167.42
PF3D7_1413800.1	2804	2805	2977.54	36.0192
PF3D7_1413900.1	2509	2510	686.555	9.28137
PF3D7_1414000.1	1841	1842	32563.6	599.864
PF3D7_1414100.1	5326	5327	1392.86	8.87228
PF3D7_1414200.1	3821	3822	2279.69	20.2393
PF3D7_1414300.1	1350	1351	71024.9	1783.88
PF3D7_1414400.1	2765	2766	6696.31	82.1473
PF3D7_1414500.1	11824	11825	21146.7	60.6808
PF3D7_1414600.1	2138	2139	87388.1	1386.28
PF3D7_1414700.1	5372	5373	18058.9	114.047
PF3D7_1414800.1	1657	1658	154.019	3.15209
PF3D7_1414900.1	3579	3580	997	9.44979
PF3D7_1415000.1	1160	1161	4029.9	117.78
PF3D7_1415100.1	2595	2596	10480.2	136.986
PF3D7_1415200.1	1151	1152	2015.22	59.358
PF3D7_1415300.1	2893	2894	12084.7	141.693
PF3D7_1415400.1	5748	5749	2322.08	13.7055
PF3D7_1415500.1	4348	4349	516.231	4.02777
PF3D7_1415600.1	4875	4876	1604.04	11.1625
PF3D7_1415700.1	2811	2812	491.898	5.93567
PF3D7_1415800.1	2308	2309	595.91	8.75724
PF3D7_1415900.1	1155	1156	2950.09	86.594
PF3D7_1416000.1	663	664	35	1.78859
PF3D7_1416100.1	3739	3740	25458.5	230.979
PF3D7_1416200.1	9853	9854	22608.8	77.8531
PF3D7_1416300.1	2104	2105	1282.12	20.6674
PF3D7_1416400.1	2138	2139	8463.92	134.267
PF3D7_1416500.1	1924	1925	4465.08	78.7061
PF3D7_1416600.1	10368	10369	5100.6	16.6915
PF3D7_1416700.1	1083	1084	197	6.16662
PF3D7_1416800.1	2726	2727	1969.77	24.5098
PF3D7_1416900.1	1117	1118	2003.84	60.8178
PF3D7_1417000.1	1149	1150	1069	31.5421
PF3D7_1417100.1	2363	2364	1309.09	18.7902
PF3D7_1417200.1	14912	14913	32178.6	73.2169
PF3D7_1417300.1	4608	4609	3418.32	25.1661
PF3D7_1417400.1	10704	10705	17163.3	54.4032
PF3D7_1417500.1	2855	2856	65900.9	782.966
PF3D7_1417600.1	15995	15996	22882.1	48.5394
PF3D7_1417700.1	2876	2877	3214.13	37.9083
PF3D7_1417800.1	4015	4016	22301	188.426
PF3D7_1417900.1	1318	1319	4114.3	105.843
PF3D7_1418000.1	1779	1780	2714.01	51.737
PF3D7_1418100.1	10794	10795	1326.02	4.16809
PF3D7_1418200.1	911	912	2081	77.4261
PF3D7_1418300.1	813	814	76.0528	3.1703
PF3D7_1418400.1	72	73	113	52.525
PF3D7_1418500.1	119	120	2489.33	703.902
PF3D7_1418600.1	119	120	2489.33	703.902
PF3D7_1418700.1	119	120	2489.33	703.902
PF3D7_1418800.1	303	304	7993	892.167
PF3D7_1418900.1	3481	3482	7118.73	69.3719
PF3D7_1419000.1	4808	4809	2306.36	16.2736
PF3D7_1419100.1	4007	4008	19268.5	163.128
PF3D7_1419200.1	2992	2993	682.11	7.73317
PF3D7_1419300.1	2713	2714	917.08	11.4659
PF3D7_1419400.1	8147	8148	5185.52	21.5949
PF3D7_1419500.1	1330	1331	2963.61	75.5533
PF3D7_1419600.1	1541	1542	26785	589.41
PF3D7_1419700.1	2636	2637	9260.32	119.159
PF3D7_1419800.1	2531	2532	695.011	9.31404
PF3D7_1419800.2	1641	1642	2500.6	51.675
PF3D7_1419900.1	2068	2069	1671	27.4048
PF3D7_1420000.1	2043	2044	4174	69.2918
PF3D7_1420100.1	5421	5422	210.098	1.31484
PF3D7_1420200.1	4560	4561	14031.8	104.391
PF3D7_1420300.1	1594	1595	4598.37	97.8258
PF3D7_1420400.1	3518	3519	12984.7	125.205
PF3D7_1420500.1	3531	3532	621.008	5.96605
PF3D7_1420600.1	2421	2422	2286.77	32.0375
PF3D7_1420700.1	5852	5853	80926	469.158
PF3D7_1420800.1	774	775	245	10.7269
PF3D7_1420900.1	1848	1849	3137.46	57.5773
PF3D7_1421000.1	579	580	8723	510.326
PF3D7_1421100.1	4780	4781	5104.51	36.2281
PF3D7_1421150.1	149	150	248	56.101
PF3D7_1421200.1	1311	1312	1993.34	51.5535
PF3D7_1421300.1	3051	3052	1796.01	19.968
PF3D7_1421400.1	1536	1537	22651.5	500.074
PF3D7_1421500.1	505	506	686	46.0027
PF3D7_1421600.1	2644	2645	2600.96	33.3671
PF3D7_1421700.1	189	190	0	0
PF3D7_1421800.1	1453	1454	7731	180.419
PF3D7_1421900.1	1082	1083	4474	140.177
PF3D7_1422000.1	523	524	3402.95	220.361
PF3D7_1422100.1	2039	2040	4595.55	76.4395
PF3D7_1422200.1	1381	1382	2469.48	60.6329
PF3D7_1422300.1	2290	2291	3122.83	46.2523
PF3D7_1422400.1	5930	5931	4806.87	27.5008
PF3D7_1422500.1	2024	2025	37253.5	624.24
PF3D7_1422600.1	2061	2062	6654	109.498
PF3D7_1422700.1	4392	4393	2051.08	15.8428
PF3D7_1422800.1	2042	2043	13357.2	221.848
PF3D7_1422900.1	2035	2036	1057	17.616
PF3D7_1423000.1	2269	2270	5048.6	75.4667
PF3D7_1423100.1	4246	4247	10082.6	80.5561
PF3D7_1423200.1	2298	2299	1707.35	25.1996
PF3D7_1423300.1	3291	3292	35716.6	368.146
PF3D7_1423400.1	4749	4750	3003	21.4522
PF3D7_1423500.1	5788	5789	10709	62.7708
PF3D7_1423600.1	3387	3388	4580.32	45.8736
PF3D7_1423700.1	7269	7270	39947.2	186.45
PF3D7_1423800.1	5238	5239	5723.12	37.0676
PF3D7_1423900.1	86	87	44	17.161
PF3D7_1424000.1	79	80	1	0.424151
PF3D7_1424100.1	3032	3033	14864.7	166.3
PF3D7_1424200.1	69	70	1	0.484744
PF3D7_1424300.1	96	97	1225	428.523
PF3D7_1424400.1	3181	3182	14457.1	154.166
PF3D7_1424500.1	142	143	1900	450.845
PF3D7_1424600.1	70	71	35	16.7271
PF3D7_1424700.1	84	85	77	30.7384
PF3D7_1424800.1	118	119	15	4.27715
PF3D7_1424900.1	75	76	6	2.67885
PF3D7_1425000.1	172	173	40.8313	8.00862
PF3D7_1425100.1	127	128	0	0
PF3D7_1425200.1	2502	2503	2312.49	31.3494
PF3D7_1425300.1	1399	1400	9800.83	237.544
PF3D7_1425400.1	4094	4095	11634.9	96.4092
PF3D7_1425500.1	889	890	107.177	4.08623
PF3D7_1425600.1	6332	6333	931.636	4.99168
PF3D7_1425700.1	2148	2149	3249	51.3007
PF3D7_1425800.1	4142	4143	3756.88	30.7696
PF3D7_1425900.1	1695	1696	1686.65	33.745
PF3D7_1426000.1	1730	1731	37163.5	728.499
PF3D7_1426100.1	1919	1920	3888.66	68.724
PF3D7_1426200.1	2249	2250	9293.35	140.152
PF3D7_1426300.1	2564	2565	830.013	10.9801
PF3D7_1426400.1	518	519	439	28.7017
PF3D7_1426500.1	2344	2345	2654.94	38.4169
PF3D7_1426600.1	4592	4593	11380.6	84.0776
PF3D7_1426700.1	6312	6313	19450.2	104.544
PF3D7_1426800.1	7092	7093	6546.03	31.3154
PF3D7_1426900.1	1060	1061	44459.8	1421.88
PF3D7_1427000.1	4756	4757	6953.29	49.5984
PF3D7_1427100.1	4864	4865	21182.2	147.74
PF3D7_1427200.1	1789	1790	7349.11	139.313
PF3D7_1427300.1	4434	4435	3957	30.2749
PF3D7_1427400.1	2394	2395	1242.42	17.6024
PF3D7_1427400.2	1575	1576	350.58	7.54815
PF3D7_1427500.1	3594	3595	5871	55.4145
PF3D7_1427600.1	2508	2509	1241.01	16.7835
PF3D7_1427700.1	766	767	511.058	22.6092
PF3D7_1427800.1	1652	1653	1800.47	36.9593
PF3D7_1427900.1	3656	3657	1804.1	16.7397
PF3D7_1428000.1	2783	2784	1445.22	17.6147
PF3D7_1428100.1	2636	2637	861.354	11.0836
PF3D7_1428200.1	4097	4098	14658.8	121.377
PF3D7_1428300.1	2345	2346	4395.17	63.5708
PF3D7_1428400.1	6785	6786	3643.82	18.2202
PF3D7_1428500.1	7281	7282	27860.5	129.822
PF3D7_1428600.1	1489	1490	4493	102.32
PF3D7_1428700.1	3005	3006	781.091	8.81704
PF3D7_1428800.1	2287	2288	3759.74	55.7587
PF3D7_1428800.2	1107	1108	782.591	23.9665
PF3D7_1428900.1	5493	5494	6126.07	37.8358
PF3D7_1429000.1	714	715	3231	153.335
PF3D7_1429100.1	2798	2799	5101.58	61.8461
PF3D7_1429200.1	4793	4794	1489.35	10.5416
PF3D7_1429300.1	1863	1864	1975.01	35.9528
PF3D7_1429400.1	9064	9065	18429	68.9834
PF3D7_1429500.1	2553	2554	1051.02	13.9636
PF3D7_1429600.1	946	947	6159.48	220.701
PF3D7_1429700.1	1786	1787	8042.01	152.704
PF3D7_1429800.1	5158	5159	16068.4	105.686
PF3D7_1429900.1	5707	5708	2581.13	15.3439
PF3D7_1430000.1	2101	2102	12485.4	201.548
PF3D7_1430100.1	1864	1865	9009.75	163.924
PF3D7_1430200.1	3133	3134	40431.3	437.753
PF3D7_1430300.1	8092	8093	9448.33	39.6146
PF3D7_1430400.1	3837	3838	909.728	8.04297
PF3D7_1430500.1	1329	1330	90	2.29615
PF3D7_1430600.1	2636	2637	6711	86.3549
PF3D7_1430700.1	2119	2120	677.119	10.8378
PF3D7_1430800.1	2102	2103	535.452	8.63956
PF3D7_1430900.1	839	840	1186.05	47.911
PF3D7_1431000.1	1835	1836	837.525	15.4787
PF3D7_1431100.1	2995	2996	2551.28	28.8952
PF3D7_1431200.1	5629	5630	3773.36	22.7421
PF3D7_1431300.1	4139	4140	7339.75	60.1577
PF3D7_1431400.1	4791	4792	6926.4	49.0457
PF3D7_1431500.1	3752	3753	9870.05	89.2382
PF3D7_1431600.1	2982	2983	1323.89	15.0595
PF3D7_1431700.1	1308	1309	10351.5	268.333
PF3D7_1431800.1	3022	3023	4988	55.9884
PF3D7_1431900.1	3264	3265	1158.4	12.0388
PF3D7_1432000.1	2188	2189	2681.16	41.5612
PF3D7_1432100.1	1163	1164	2395.24	69.8242
PF3D7_1432200.1	5318	5319	8404	53.6125
PF3D7_1432300.1	4946	4947	4859.01	33.3285
PF3D7_1432400.1	4916	4917	2725	18.8051
PF3D7_1432500.1	1883	1884	15924	286.801
PF3D7_1432600.1	3762	3763	11535	104.014
PF3D7_1432700.1	2001	2002	15890	269.321
PF3D7_1432800.1	3077	3078	3157.02	34.8032
PF3D7_1432900.1	1828	1829	1440.62	26.7267
PF3D7_1433000.1	951	952	3468.89	123.641
PF3D7_1433100.1	3601	3602	3155	29.7212
PF3D7_1433200.1	4132	4133	1114.46	9.14973
PF3D7_1433300.1	1771	1772	1223.11	23.4213
PF3D7_1433400.1	18510	18511	38905.1	71.316
PF3D7_1433500.1	6923	6924	34967.5	171.363
PF3D7_1433600.1	911	912	805.149	29.9565
PF3D7_1433700.1	7996	7997	5258.67	22.313
PF3D7_1433800.1	8992	8993	11576.6	43.6804
PF3D7_1433900.1	6431	6432	6700	35.3459
PF3D7_1434000.1	1163	1164	4443.7	129.539
PF3D7_1434100.1	2060	2061	553.964	9.12039
PF3D7_1434200.1	3103	3104	4291.9	46.9179
PF3D7_1434300.1	4668	4669	4860.45	35.3234
PF3D7_1434400.1	1936	1937	6214.21	108.859
PF3D7_1434500.1	25337	25338	27813.8	37.2476
PF3D7_1434600.1	3850	3851	3603.12	31.7479
PF3D7_1434700.1	2132	2133	1189.4	18.9211
PF3D7_1434800.1	2204	2205	606.728	9.33674
PF3D7_1434900.1	984	985	694	23.9075
PF3D7_1435000.1	1970	1971	486.279	8.37161
PF3D7_1435100.1	1527	1528	3002.84	66.6836
PF3D7_1435200.1	2334	2335	14066.9	204.42
PF3D7_1435300.1	10680	10681	31599.5	100.387
PF3D7_1435400.1	1707	1708	7595.71	150.9
PF3D7_1435500.1	2014	2015	5494.15	92.52
PF3D7_1435600.1	6252	6253	12436.8	67.4886
PF3D7_1435700.1	4709	4710	7170.21	51.6561
PF3D7_1435700.2	2667	2668	0	0
PF3D7_1435800.1	1972	1973	597.1	10.269
PF3D7_1435900.1	1425	1426	410	9.75606
PF3D7_1436000.1	4130	4131	6396.37	52.5398
PF3D7_1436100.1	6817	6818	23233.1	115.627
PF3D7_1436200.1	7475	7476	12435.7	56.4432
PF3D7_1436300.1	7350	7351	55789.4	257.523
PF3D7_1436400.1	4425	4426	1759.1	13.4862
PF3D7_1436500.1	1720	1721	325.847	6.42454
PF3D7_1436600.1	3134	3135	46316	501.307
PF3D7_1436700.1	3522	3523	611.002	5.88491
PF3D7_1436800.1	1145	1146	578.253	17.1216
PF3D7_1436900.1	1578	1579	447.143	9.60892
PF3D7_1437000.1	2374	2375	4085.69	58.373
PF3D7_1437100.1	1242	1243	3040.45	82.9997
PF3D7_1437200.1	4522	4523	21190.2	158.971
PF3D7_1437300.1	1998	1999	16672.3	283.005
PF3D7_1437400.1	2799	2800	16488	199.811
PF3D7_1437500.1	816	817	82	3.40566
PF3D7_1437600.1	2099	2100	774	12.5064
PF3D7_1437700.1	3424	3425	5872.91	58.1839
PF3D7_1437800.1	2347	2348	310.967	4.49392
PF3D7_1437900.1	3965	3966	19537.6	167.159
PF3D7_1438000.1	3864	3865	6824.26	59.9124
PF3D7_1438100.1	2254	2255	2375.42	35.7441
PF3D7_1438200.1	90	91	14	5.22032
PF3D7_1438300.1	74	75	12	5.42913
PF3D7_1438400.1	7241	7242	11426	53.5359
PF3D7_1438500.1	3995	3996	33130.1	281.324
PF3D7_1438600.1	2287	2288	1094.69	16.2347
PF3D7_1438700.1	1603	1604	9465	200.229
PF3D7_1438800.1	3313	3314	4518.16	46.2615
PF3D7_1438900.1	1608	1609	3340	70.437
PF3D7_1439000.1	1843	1844	1068.72	19.6659
PF3D7_1439100.1	8630	8631	5430	21.3476
PF3D7_1439200.1	3681	3682	14458	133.24
PF3D7_1439300.1	6858	6859	13484.5	66.7088
PF3D7_1439400.1	2363	2364	244.712	3.51251
PF3D7_1439500.1	5234	5235	5116.47	33.1638
PF3D7_1439600.1	1328	1329	3290.94	84.0244
PF3D7_1439700.1	2942	2943	4191.1	48.3223
PF3D7_1439800.1	2018	2019	3010.93	50.6028
PF3D7_1439900.1	2043	2044	6022.51	99.9785
PF3D7_1440000.1	7156	7157	8089.64	38.3538
PF3D7_1440100.1	4155	4156	50067.7	408.783
PF3D7_1440200.1	5527	5528	6604.68	40.5409
PF3D7_1440300.1	2116	2117	1130.38	18.1181
PF3D7_1440400.1	5015	5016	3118.32	21.0947
PF3D7_1440500.1	2502	2503	1515.23	20.5412
PF3D7_1440600.1	1813	1814	856.152	16.0149
PF3D7_1440700.1	4157	4158	3784.17	30.8813
PF3D7_1440800.1	2705	2706	755.566	9.47446
PF3D7_1440900.1	1286	1287	2116.11	55.7916
PF3D7_1441000.1	3126	3127	5661.78	61.4378
PF3D7_1441100.1	4631	4632	5476.79	40.1206
PF3D7_1441200.1	3159	3160	15453.7	165.942
PF3D7_1441300.1	8958	8959	23530.4	89.1208
PF3D7_1441400.1	2552	2553	916.538	12.1817
PF3D7_1441500.1	2281	2282	2269.7	33.7492
PF3D7_1441600.1	2194	2195	472.002	7.29658
PF3D7_1441700.1	1680	1681	1538	31.0455
PF3D7_1441800.1	1363	1364	10159.3	252.73
PF3D7_1441900.1	951	952	137.148	4.88834
PF3D7_1442000.1	947	948	229.427	8.21194
PF3D7_1442100.1	1021	1022	5128	170.258
PF3D7_1442200.1	3689	3690	3166.4	29.1172
PF3D7_1442300.1	2450	2451	13320.9	184.417
PF3D7_1442400.1	7383	7384	20086.9	92.3062
PF3D7_1442500.1	2944	2945	1924.19	22.1704
PF3D7_1442600.1	10632	10633	8100	25.8487
PF3D7_1442700.1	7951	7952	13711	58.5063
PF3D7_1442800.1	1209	1210	602	16.8819
PF3D7_1442900.1	11706	11707	37350.9	108.259
PF3D7_1443000.1	4962	4963	2438.91	16.6748
PF3D7_1443100.1	3085	3086	15559	171.079
PF3D7_1443200.1	2605	2606	829.458	10.8002
PF3D7_1443300.1	923	924	5711.73	209.752
PF3D7_1443400.1	3317	3318	7976.08	81.5687
PF3D7_1443500.1	4254	4255	1779.55	14.1913
PF3D7_1443600.1	5697	5698	3061	18.2285
PF3D7_1443700.1	1885	1886	856.614	15.4118
PF3D7_1443800.1	2314	2315	2434.81	35.6881
PF3D7_1443900.1	3401	3402	77616.5	774.158
PF3D7_1444000.1	684	685	226	11.1951
PF3D7_1444100.1	22005	22006	10259.8	15.82
PF3D7_1444200.1	1299	1300	1186	30.9565
PF3D7_1444300.1	1269	1270	10524	281.182
PF3D7_1444400.1	2561	2562	2669.73	35.3588
PF3D7_1444500.1	6328	6329	10053.5	53.9006
PF3D7_1444600.1	366	367	1026	94.8618
PF3D7_1444700.1	1269	1270	376.023	10.0466
PF3D7_1444800.1	3155	3156	49657.9	533.902
PF3D7_1444900.1	982	983	1514.06	52.2635
PF3D7_1445000.1	1224	1225	8837	244.782
PF3D7_1445100.1	3911	3912	20213	175.324
PF3D7_1445200.1	4084	4085	6131.45	50.9309
PF3D7_1445300.1	2439	2440	682.482	9.49099
PF3D7_1445400.1	3706	3707	6448.61	59.0274
PF3D7_1445500.1	2739	2740	4782.01	59.2202
PF3D7_1445600.1	3957	3958	14567.3	124.886
PF3D7_1445700.1	1956	1957	13717	237.836
PF3D7_1445800.1	3624	3625	356	3.33236
PF3D7_1445900.1	3255	3256	16651.9	173.536
PF3D7_1446000.1	117	118	51651	14852.7
PF3D7_1446100.1	2013	2014	33906	571.251
PF3D7_1446200.1	3501	3502	6865.24	66.5196
PF3D7_1446300.1	4334	4335	9591.25	75.0751
PF3D7_1446400.1	3025	3026	1933.87	21.6855
PF3D7_1446500.1	10395	10396	38071.3	124.263
PF3D7_1446600.1	1533	1534	3146.07	69.5909
PF3D7_1446700.1	2012	2013	4446	74.9438
PF3D7_1446800.1	1865	1866	1059.15	19.2599
PF3D7_1446900.1	4030	4031	19680.8	165.668
PF3D7_1447000.1	2513	2514	4543.16	61.3202
PF3D7_1447100.1	1173	1174	6201.85	179.252
PF3D7_1447200.1	2239	2240	10795.6	163.535
PF3D7_1447300.1	1229	1230	886.896	24.4668
PF3D7_1447400.1	1110	1111	19390.1	592.211
PF3D7_1447500.1	435	436	1723	134.094
PF3D7_1447600.1	366	367	200	18.4916
PF3D7_1447700.1	1663	1664	562.063	11.4615
PF3D7_1447800.1	6592	6593	3385.55	17.4244
PF3D7_1447900.1	5674	5675	3288.76	19.6642
PF3D7_1448000.1	5196	5197	4044.16	26.405
PF3D7_1448100.1	1141	1142	349.505	10.3848
PF3D7_1448200.1	3621	3622	652	6.10814
PF3D7_1448300.1	8169	8170	9866.56	40.9783
PF3D7_1448400.1	2934	2935	19628.8	226.932
PF3D7_1448500.1	12043	12044	23552.3	66.3549
PF3D7_1448600.1	1301	1302	10460.4	272.613
PF3D7_1448700.1	1911	1912	1224.79	21.7362
PF3D7_1448800.1	819	820	2345	97.0374
PF3D7_1448900.1	842	843	7746	311.788
PF3D7_1449000.1	747	748	9994	453.365
PF3D7_1449100.1	4141	4142	6492.16	53.185
PF3D7_1449200.1	1309	1310	248944	6448.23
PF3D7_1449300.1	3068	3069	11663.7	128.959
PF3D7_1449400.1	4332	4333	6798.17	53.237
PF3D7_1449500.1	5472	5473	2840.94	17.6135
PF3D7_1449600.1	2058	2059	862	14.2056
PF3D7_1449700.1	5388	5389	11971.4	75.3787
PF3D7_1449800.1	1665	1666	579.251	11.7978
PF3D7_1449900.1	1447	1448	6071.76	142.284
PF3D7_1450000.1	2116	2117	29956	480.146
PF3D7_1450100.1	2360	2361	4093.42	58.8302
PF3D7_1450200.1	934	935	361.576	13.1219
PF3D7_1450300.1	3245	3246	907.368	9.48517
PF3D7_1450400.1	7205	7206	6033.13	28.4092
PF3D7_1450500.1	4962	4963	6318	43.1962
PF3D7_1450600.1	1764	1765	5859	112.639
PF3D7_1450700.1	2464	2465	13062.9	179.818
PF3D7_1450800.1	1794	1795	211.017	3.98899
PF3D7_1450900.1	1931	1932	1092.62	19.1898
PF3D7_1451000.1	2945	2946	3568.4	41.1009
PF3D7_1451100.1	4492	4493	17502.9	132.185
PF3D7_1451200.1	7856	7857	58077.8	250.821
PF3D7_1451300.1	1304	1305	16469	428.22
PF3D7_1451400.1	5328	5329	700.144	4.45812
PF3D7_1451500.1	1294	1295	203.892	5.34245
PF3D7_1451600.1	2598	2599	1997	26.0725
PF3D7_1451700.1	1728	1729	3829.14	75.1478
PF3D7_1451800.1	3335	3336	11295	114.887
PF3D7_1451900.1	4415	4416	1997.03	15.3449
PF3D7_1452000.1	7915	7916	53366.5	228.756
PF3D7_1452100.1	1374	1375	2587.22	63.8471
PF3D7_1452200.1	1829	1830	560.262	10.3884
PF3D7_1452300.1	1573	1574	274.081	5.9086
PF3D7_1452400.1	4394	4395	6749.33	52.1089
PF3D7_1452500.1	2060	2061	4951.78	81.5255
PF3D7_1452600.1	10949	10950	10441.1	32.3551
PF3D7_1452700.1	1468	1469	5652	130.554
PF3D7_1452800.1	1374	1375	811.781	20.033
PF3D7_1452900.1	1105	1106	4441.22	136.256
PF3D7_1453000.1	3415	3416	2761.06	27.4263
PF3D7_1453100.1	1893	1894	4895	87.6966
PF3D7_1453200.1	4596	4597	15775	116.441
PF3D7_1453300.1	231	232	186	27.2041
PF3D7_1453400.1	6370	6371	45465.7	242.151
PF3D7_1453500.1	3531	3532	863	8.29087
PF3D7_1453600.1	5721	5722	1877.02	11.1309
PF3D7_1453700.1	2762	2763	87118.9	1069.9
PF3D7_1453800.1	4283	4284	4464.1	35.3586
PF3D7_1453900.1	4694	4695	3051.65	22.0551
PF3D7_1454000.1	2378	2379	1424.16	20.313
PF3D7_1454100.1	980	981	3818.1	132.065
PF3D7_1454200.1	4802	4803	1888	13.3383
PF3D7_1454300.1	3402	3403	925.478	9.22814
PF3D7_1454400.1	4129	4130	21140.7	173.692
PF3D7_1454500.1	1653	1654	645.414	13.2408
PF3D7_1454600.1	1258	1259	4663.74	125.695
PF3D7_1454700.1	2567	2568	3460.47	45.7246
PF3D7_1454800.1	495	496	135	9.23554
PF3D7_1454900.1	835	836	1564.19	63.4881
PF3D7_1455000.1	2437	2438	1422	19.7914
PF3D7_1455100.1	1071	1072	118468	3749.87
PF3D7_1455200.1	3345	3346	8209.77	83.256
PF3D7_1455300.1	3953	3954	91396.4	784.337
PF3D7_1455400.1	1638	1639	736.796	15.2538
PF3D7_1455500.1	4100	4101	1659.55	13.7313
PF3D7_1455600.1	6364	6365	3478.3	18.543
PF3D7_1455700.1	4351	4352	13692.1	106.756
PF3D7_1455800.1	4854	4855	4147	28.9838
PF3D7_1455900.1	1618	1619	5046	105.757
PF3D7_1456000.1	4601	4602	4964.84	36.6074
PF3D7_1456100.1	1735	1736	271.953	5.31563
PF3D7_1456200.1	3568	3569	547.63	5.20655
PF3D7_1456300.1	2092	2093	430.138	6.97346
PF3D7_1456400.1	3048	3049	325	3.6169
PF3D7_1456500.1	7998	7999	6803.16	28.8593
PF3D7_1456600.1	846	847	282	11.2973
PF3D7_1456700.1	3526	3527	3272.56	31.4841
PF3D7_1456800.1	3447	3448	17403	171.264
PF3D7_1456900.1	2376	2377	1041.9	14.8734
PF3D7_1457000.1	2165	2166	15564.7	243.833
PF3D7_1457100.1	3377	3378	1006.15	10.1068
PF3D7_1457200.1	886	887	9647	369.045
PF3D7_1457300.1	3695	3696	11352.6	104.225
PF3D7_1457400.1	11143	11144	20274.3	61.7327
PF3D7_1457500.1	2356	2357	4179.07	60.1631
PF3D7_1457600.1	1906	1907	1346.48	23.9585
PF3D7_1457700.1	5635	5636	7843.05	47.2198
PF3D7_1457800.1	2336	2337	2888.9	41.9453
PF3D7_1457900.1	11473	11474	20364.1	60.2228
PF3D7_1458000.1	2837	2838	6421.48	76.7773
PF3D7_1458100.1	654	655	779.18	40.3652
PF3D7_1458200.1	771	772	46.0941	2.02599
PF3D7_1458300.1	5554	5555	11672.8	71.302
PF3D7_1458400.1	1964	1965	382	6.59647
PF3D7_1458500.1	5200	5201	4117.52	26.8633
PF3D7_1458600.1	4560	4561	2782.64	20.7017
PF3D7_1458700.1	3796	3797	3678.47	32.8728
PF3D7_1458800.1	4149	4150	4683.16	38.2914
PF3D7_1458900.1	1115	1116	695.008	21.1318
PF3D7_1459000.1	3219	3220	5666.11	59.7089
PF3D7_1459100.1	2950	2951	989.132	11.3735
PF3D7_1459200.1	4011	4012	4659.55	39.4088
PF3D7_1459300.1	1891	1892	5038.74	90.3671
PF3D7_1459400.1	2463	2464	1756.02	24.1824
PF3D7_1459500.1	2922	2923	589	6.83749
PF3D7_1459600.1	3763	3764	2587.1	23.3225
PF3D7_1459700.1	1815	1816	4245.61	79.3294
PF3D7_1459800.1	1274	1275	6047.84	160.953
PF3D7_1459900.1	1376	1377	430.511	10.6087
PF3D7_1460000.1	1282	1283	77.2698	2.04359
PF3D7_1460100.1	1562	1563	1572.01	34.1276
PF3D7_1460200.1	1257	1258	1194	32.2058
PF3D7_1460300.1	775	776	22406	979.744
PF3D7_1460400.1	1270	1271	7054	188.322
PF3D7_1460500.1	7927	7928	4571.34	19.5655
PF3D7_1460600.1	1679	1680	88088.8	1779.19
PF3D7_1460700.1	943	944	22200	797.978
PF3D7_1460800.1	1923	1924	1544	27.2303
PF3D7_1460900.1	1499	1500	600.009	13.573
PF3D7_1460900.2	825	826	6053.01	248.658
PF3D7_1461000.1	2495	2496	4118	55.9824
PF3D7_1461100.1	3123	3124	13650.2	148.264
PF3D7_1461200.1	1432	1433	1112	26.3311
PF3D7_1461300.1	1562	1563	6282.47	136.39
PF3D7_1461400.1	1398	1399	13501.8	327.481
PF3D7_1461500.1	615	616	188	10.3559
PF3D7_1461600.1	2885	2886	7015.78	82.4878
PF3D7_1461700.1	1319	1320	5060.12	130.076
PF3D7_1461800.1	10686	10687	15100.8	47.9462
PF3D7_1461900.1	4389	4390	15776.4	121.942
PF3D7_1462000.1	366	367	8.03634	0.743023
PF3D7_1462100.1	4231	4232	1051.84	8.43362
PF3D7_1462200.1	803	804	6282.08	265.129
PF3D7_1462300.1	5486	5487	10517	65.0379
PF3D7_1462400.1	12725	12726	8074.06	21.5283
PF3D7_1462500.1	2289	2290	569	8.43115
PF3D7_1462600.1	1572	1573	67	1.44529
PF3D7_1462700.1	1865	1866	11994.8	218.118
PF3D7_1462800.1	2689	2690	26511.8	334.424
PF3D7_1462900.1	2923	2924	2019	23.4298
PF3D7_1463000.1	1608	1609	1988.05	41.9258
PF3D7_1463100.1	1215	1216	624.29	17.4206
PF3D7_1463200.1	2032	2033	322.01	5.37454
PF3D7_1463300.1	2108	2109	653.011	10.5064
PF3D7_1463400.1	1976	1977	1633.99	28.0449
PF3D7_1463500.1	2390	2391	461.232	6.54561
PF3D7_1463600.1	353	354	70	6.70973
PF3D7_1463700.1	1544	1545	2676.45	58.7814
PF3D7_1463800.1	748	749	1084	49.1086
PF3D7_1463900.1	4770	4771	98239.6	698.695
PF3D7_1464000.1	2911	2912	53269.5	620.722
PF3D7_1464100.1	3601	3602	2044.86	19.2632
PF3D7_1464200.1	1375	1376	1001.78	24.7038
PF3D7_1464300.1	2757	2758	286.965	3.53057
PF3D7_1464400.1	1675	1676	8102.98	164.052
PF3D7_1464500.1	12044	12045	14183	39.9551
PF3D7_1464600.1	6208	6209	52242.9	285.506
PF3D7_1464700.1	2384	2385	18526	263.575
PF3D7_1464800.1	360	361	77	7.23758
PF3D7_1464900.1	3448	3449	4293.67	42.2421
PF3D7_1465000.1	1634	1635	4992.98	103.622
PF3D7_1465100.1	3301	3302	2679.45	27.5346
PF3D7_1465200.1	2064	2065	6015.97	98.8543
PF3D7_1465300.1	3594	3595	2306.24	21.7679
PF3D7_1465400.1	1605	1606	1838.95	38.8539
PF3D7_1465500.1	4386	4387	362.15	2.80112
PF3D7_1465600.1	1458	1459	920	21.3965
PF3D7_1465700.1	1158	1159	1317	38.5578
PF3D7_1465800.1	19458	19459	3777.01	6.58624
PF3D7_1465900.1	1430	1431	28862	684.379
PF3D7_1466000.1	942	943	182	6.54892
PF3D7_1466100.1	3760	3761	1500.25	13.5354
PF3D7_1466200.1	11963	11964	11687.5	33.1478
PF3D7_1466300.1	4335	4336	15056	117.823
PF3D7_1466400.1	5511	5512	7475.13	46.0172
PF3D7_1466500.1	995	996	1000	34.0683
PF3D7_1466600.1	843	844	4166	167.489
PF3D7_1466700.1	1152	1153	1128	33.1963
PF3D7_1466800.1	4066	4067	31507.6	262.876
PF3D7_1466900.1	5568	5569	12283.8	74.8455
PF3D7_1467000.1	2706	2707	2362.04	29.6081
PF3D7_1467100.1	3947	3948	2614.08	22.4674
PF3D7_1467200.1	1946	1947	14519	253.035
PF3D7_1467300.1	2351	2352	1814.32	26.175
PF3D7_1467400.1	2053	2054	2177.25	35.9682
PF3D7_1467500.1	2323	2324	3049.61	44.5265
PF3D7_1467600.1	8460	8461	6801.07	27.2751
PF3D7_1467700.1	1005	1006	1300.69	43.872
PF3D7_1467800.1	358	359	63	5.95465
PF3D7_1467900.1	6453	6454	42473.8	223.307
PF3D7_1468000.1	5901	5902	7018	40.3482
PF3D7_1468100.1	12210	12211	75936.5	211.013
PF3D7_1468200.1	1454	1455	65813.2	1534.83
PF3D7_1468300.1	750	751	285	12.877
PF3D7_1468400.1	3061	3062	181273	2008.8
PF3D7_1468500.1	1398	1399	1416.41	34.3544
PF3D7_1468600.1	6027	6028	6416.11	36.1168
PF3D7_1468700.1	1973	1974	16971.8	291.737
PF3D7_1468800.1	3637	3638	5123.74	47.7898
PF3D7_1468900.1	3235	3236	2776.37	29.1124
PF3D7_1469000.1	1542	1543	1291.04	28.3913
PF3D7_1469100.1	1457	1458	10638.7	247.594
PF3D7_1469200.1	1871	1872	3357.91	60.8658
PF3D7_1469300.1	1696	1697	2018.67	40.3639
PF3D7_1469400.1	2930	2931	2556.58	29.5974
PF3D7_1469500.1	2583	2584	668.051	8.77257
PF3D7_1469600.1	11778	11779	5737.1	16.527
PF3D7_1469700.1	1676	1677	1673.23	33.8557
PF3D7_1469800.1	849	850	5430.37	216.781
PF3D7_1469900.1	1405	1406	5431.41	131.08
PF3D7_1470000.1	508	509	3896	259.724
PF3D7_1470100.1	8297	8298	2465.43	10.0816
PF3D7_1470200.1	1465	1466	6121.14	141.68
PF3D7_1470300.1	1565	1566	5998.82	129.982
PF3D7_1470400.1	1333	1334	3219.72	81.8978
PF3D7_1470500.1	4096	4097	13896.2	115.09
PF3D7_1470600.1	2137	2138	931.117	14.7777
PF3D7_1470700.1	2838	2839	1424.08	17.0207
PF3D7_1470800.1	3631	3632	30432.5	284.316
PF3D7_1470900.1	1872	1873	2004.57	36.3156
PF3D7_1470950.1	276	277	171	20.9472
PF3D7_1471000.1	2124	2125	2726.05	43.5297
PF3D7_1471100.1	2929	2930	77583.7	898.49
PF3D7_1471200.1	3690	3691	18434.9	169.475
PF3D7_1471300.1	2283	2284	2845.45	42.2732
PF3D7_1471400.1	3118	3119	6940.78	75.5097
PF3D7_1471500.1	1332	1333	4080	103.858
PF3D7_1471600.1	3953	3954	847	7.26871
PF3D7_1471700.1	1725	1726	304	5.97644
PF3D7_1471800.1	1192	1193	633	18.0042
PF3D7_1471900.1	6832	6833	4176.08	20.738
PF3D7_1472000.1	1219	1220	837.356	23.2895
PF3D7_1472100.1	3167	3168	1388.77	14.8749
PF3D7_1472200.1	9360	9361	38290.7	138.797
PF3D7_1472300.1	1773	1774	2405.16	46.0045
PF3D7_1472400.1	4074	4075	8502.25	70.7972
PF3D7_1472500.1	966	967	436	15.2992
PF3D7_1472600.1	1784	1785	20045	381.046
PF3D7_1472700.1	2712	2713	29888.1	373.817
PF3D7_1472800.1	1690	1691	9208.45	184.779
PF3D7_1472900.1	2366	2367	3498.25	50.1491
PF3D7_1473000.1	378	379	66	5.90901
PF3D7_1473100.1	2854	2855	4191.81	49.8202
PF3D7_1473200.1	3869	3870	12850.6	112.674
PF3D7_1473300.1	2841	2842	1212.23	14.4734
PF3D7_1473400.1	4001	4002	7000.61	59.3566
PF3D7_1473500.1	3245	3246	1293.57	13.5223
PF3D7_1473600.1	1847	1848	496.114	9.10939
PF3D7_1473700.1	6598	6599	6887.18	35.4139
PF3D7_1473900.1	3794	3795	2881.98	25.7685
PF3D7_1474000.1	9505	9506	12422.7	44.3435
PF3D7_1474100.1	1615	1616	450.985	9.46958
PF3D7_1474200.1	14298	14299	2799.06	6.64228
PF3D7_1474300.1	3032	3033	10570.5	118.259
PF3D7_1474400.1	8934	8935	8296.87	31.5087
PF3D7_1474500.1	3763	3764	7778.28	70.1204
PF3D7_1474600.1	2460	2461	10228	141.023
PF3D7_1474700.1	2262	2263	8527	127.856
PF3D7_1474800.1	1803	1804	17631.8	331.642
PF3D7_1474900.1	4233	4234	1408.16	11.2852
PF3D7_1475000.1	399	400	400	33.9321
PF3D7_1475100.1	5273	5274	2696	17.3456
PF3D7_1475200.1	2886	2887	9001	105.792
PF3D7_1475300.1	2124	2125	303.346	4.84384
PF3D7_1475400.1	17721	17722	6799.93	13.0197
PF3D7_1475500.1	5472	5473	11128	68.9925
PF3D7_1475600.1	3603	3604	7524.7	70.8459
PF3D7_1475700.1	1560	1561	1211	26.324
PF3D7_1475800.1	930	931	2862	104.311
PF3D7_1475900.1	2412	2413	334	4.69677
PF3D7_1476000.1	825	826	969.967	39.8462
PF3D7_1476100.1	534	535	163	10.3382
PF3D7_1476200.1	2978	2979	3001.8	34.1918
PF3D7_1476300.1	4452	4453	14268.9	108.73
PF3D7_1476400.1	1872	1873	25480	461.606
PF3D7_1476500.1	3710	3711	1977.74	18.0837
PF3D7_1476600.1	5544	5545	3935.15	24.0807
PF3D7_1476700.1	1485	1486	11196.5	255.665
PF3D7_1476800.1	1400	1401	1413.07	34.2244
PF3D7_1476900.1	837	838	131	5.30441
PF3D7_1477000.1	3039	3040	5509.02	61.4909
PF3D7_1477100.1	1002	1003	55	1.86068
PF3D7_1477200.1	885	886	28	1.07234
PF3D7_1477300.1	2672	2673	1278.22	16.2263
PF3D7_1477400.1	1603	1604	160.679	3.39911
PF3D7_1477500.1	3687	3688	2977.41	27.3941
PF3D7_1477600.1	6871	6872	1432.69	7.07425
PF3D7_1477700.1	2151	2152	4869.01	76.773
PF3D7_1477800.1	1189	1190	3496.5	99.7003
PF3D7_1477900.1	2445	2446	314	4.35595
PF3D7_1478000.1	1550	1551	31806	695.836
PF3D7_1478100.1	1366	1367	2353.72	58.4247
PF3D7_1478200.1	675	676	8	0.401563
PF3D7_1478300.1	576	577	0	0
PF3D7_1478400.1	1236	1237	80	2.19447
PF3D7_1478500.1	795	796	0	0
PF3D7_1478600.1	5749	5750	39991.4	235.998
PF3D7_1478700.1	1122	1123	32	0.966897
PF3D7_1478800.1	1541	1542	316	6.95365
PF3D7_1478900.1	3988	3989	1193.24	10.1502
PF3D7_1479000.1	3225	3226	2807.8	29.5333
PF3D7_1479100.1	633	634	122.826	6.57372
PF3D7_1479200.1	855	856	298.444	11.8304
PF3D7_1479300.1	834	835	5	0.203186
PF3D7_1479400.1	1080	1081	1.02566	0.0321949
PF3D7_1479500.1	900	901	8.6793	0.326866
PF3D7_1479600.1	1053	1054	0	0
PF3D7_1479700.1	1047	1048	7.6795	0.248646
PF3D7_1479800.1	1035	1036	13.9028	0.455359
PF3D7_1479900.1	915	916	54.0876	2.00361
PF3D7_1480000.1	1023	1024	7.0797	0.234598
PF3D7_1480100.1	549	550	0	0
PF3D7_API00100.1	627	628	0	0
PF3D7_API00200.1	72	73	2	0.929645
PF3D7_API00300.1	71	72	0	0
PF3D7_API00450.1	85	86	1	0.394559
PF3D7_API00600.1	87	88	0	0
PF3D7_API00700.1	84	85	1	0.399201
PF3D7_API00800.1	92	93	7	2.55403
PF3D7_API00900.1	76	77	9	3.96608
PF3D7_API01000.1	73	74	3	1.37562
PF3D7_API01100.1	70	71	0	0
PF3D7_API01200.1	72	73	16	7.43716
PF3D7_API01300.1	573	574	7	0.413806
PF3D7_API01400.1	228	229	4	0.5927
PF3D7_API01500.1	738	739	629	28.8813
PF3D7_API01600.1	273	274	6	0.743038
PF3D7_API01700.1	645	646	43	2.25864
PF3D7_API01800.1	390	391	59	5.12018
PF3D7_API01900.1	225	226	0	0
PF3D7_API02000.1	357	358	16	1.51652
PF3D7_API02100.1	387	388	0	0
PF3D7_API02200.1	507	508	7	0.467568
PF3D7_API02300.1	720	721	22	1.03537
PF3D7_API02400.1	276	277	18	2.20497
PF3D7_API02500.1	111	112	1	0.302965
PF3D7_API02600.1	399	400	112	9.50097
PF3D7_API02700.1	369	370	36	3.3015
PF3D7_API02800.1	429	430	53	4.18232
PF3D7_API02900.1	1233	1234	5974	164.271
PF3D7_API03000.1	237	238	4	0.570287
PF3D7_API03100.1	72	73	1	0.464823
PF3D7_API03200.1	72	73	1	0.464823
PF3D7_API03300.1	70	71	0	0
PF3D7_API03400.1	71	72	1	0.471278
PF3D7_API03500.1	390	391	78	6.76905
PF3D7_API03600.1	2304	2305	7200	105.992
PF3D7_API03700.1	72	73	46	21.3818
PF3D7_API03800.1	240	241	71	9.99658
PF3D7_API03900.1	87	88	97	37.4024
PF3D7_API04000.1	366	367	0	0
PF3D7_API04100.1	684	685	2	0.0990717
PF3D7_API04200.1	2880	2881	4	0.0471115
PF3D7_API04300.1	1728	1729	11	0.215878
PF3D7_API04400.1	3075	3076	104	1.14725
PF3D7_API04500.1	306	307	0	0
PF3D7_API04600.1	156	157	5	1.08064
PF3D7_API04700.1	1413	1414	57	1.36784
PF3D7_API04800.1	73	74	1	0.458541
PF3D7_API04900.1	2696	2697	5398	67.9144
PF3D7_API05000.1	74	75	19.9902	9.04409
PF3D7_API05100.1	72	73	0	0
PF3D7_API05200.1	72	73	2	0.929645
PF3D7_API05300.1	72	73	0	0
PF3D7_API05400.1	79	80	3	1.27245
PF3D7_API05500.1	72	73	0	0
PF3D7_API05600.1	71	72	34.3226	16.1755
PF3D7_API05700.1	1426	1427	9050.89	215.217
PF3D7_API05800.1	72	73	0	0
PF3D7_API05900.1	1423	1424	1286.11	30.6464
PF3D7_API06000.1	71	72	3.67742	1.73309
PF3D7_API06100.1	72	73	0	0
PF3D7_API06200.1	79	80	3	1.27245
PF3D7_API06300.1	72	73	0	0
PF3D7_API06400.1	68	69	0	0
PF3D7_API06500.1	71	72	0	0
PF3D7_API06600.1	75	76	0.00984526	0.00439565
PF3D7_API06700.1	2692	2693	2.26358e-07	2.85214e-09
PF3D7_API06800.1	73	74	1	0.458541
PF3D7_MIT00100.1	31	32	193	204.653
PF3D7_MIT00200.1	38	39	155	134.858
PF3D7_MIT00300.1	54	55	81	49.9727
PF3D7_MIT00400.1	40	41	72	59.588
PF3D7_MIT00500.1	33	34	77	76.8461
PF3D7_MIT00600.1	22	23	0	0
PF3D7_MIT00700.1	37	38	623	556.307
PF3D7_MIT00800.1	20	21	0	0
PF3D7_MIT00900.1	107	108	823	258.575
PF3D7_MIT01000.1	116	117	2440	707.643
PF3D7_MIT01100.1	88	89	1384	527.662
PF3D7_MIT01200.1	31	32	54	57.2603
PF3D7_MIT01300.1	100	101	887	297.997
PF3D7_MIT01400.1	750	751	29271	1322.54
PF3D7_MIT01500.1	64	65	1703	889.02
PF3D7_MIT01600.1	43	44	313	241.38
PF3D7_MIT01700.1	66	67	331	167.634
PF3D7_MIT01800.1	43	44	117	90.2284
PF3D7_MIT01900.1	23	24	0	0
PF3D7_MIT02000.1	81	82	371	153.522
PF3D7_MIT02100.1	1527	1528	51984	1154.4
PF3D7_MIT02200.1	81	82	0	0
PF3D7_MIT02300.1	1131	1132	30172	904.415
PF3D7_MIT02400.1	54	55	0	0
PF3D7_MIT02500.1	33	34	0	0
PF3D7_MIT02600.1	75	76	1663	742.487
PF3D7_MIT02700.1	84	85	9396	3750.89
PF3D7_MIT02800.1	58	59	362	208.193
PF3D7_MIT02900.1	52	53	920	589.009
PF3D7_MIT03000.1	25	26	0	0
PF3D7_MIT03100.1	30	31	0	0
PF3D7_MIT03200.1	176	177	1978	379.195
PF3D7_MIT03300.1	82	83	1056	431.714
PF3D7_MIT03400.1	57	58	1803	1054.82
PF3D7_MIT03500.1	38	39	433	376.733
PF3D7_MIT03600.1	68	69	573	281.784
PF3D7_MIT03700.1	61	62	428	234.241
PF3D7_MIT03800.1	39	40	703	596.356
PF3D7_MIT03900.1	30	31	0	0
PF3D7_MIT04000.1	195	196	22024	3812.85
PF3D7_MIT04100.1	83	84	3271	1321.33
PF3D7_MIT04200.1	94	95	1890	675.069
