target_id	length	eff_length	est_counts	tpm
PF3D7_0100100.1	6492	6493	174.036	2.02338
PF3D7_0100200.1	996	997	48.1956	3.64919
PF3D7_0100300.1	3984	3985	67.6981	1.28242
PF3D7_0100400.1	1119	1120	77.8815	5.24928
PF3D7_0100500.1	112	113	80.2308	53.5977
PF3D7_0100600.1	1080	1081	0	0
PF3D7_0100700.1	204	205	0	0
PF3D7_0100800.1	1035	1036	0	0
PF3D7_0100900.1	1053	1054	201.348	14.4208
PF3D7_0101000.1	1077	1078	28	1.96075
PF3D7_0101100.1	930	931	1672.86	135.642
PF3D7_0101200.1	693	694	0	0
PF3D7_0101300.1	1232	1233	493.378	30.2065
PF3D7_0101400.1	828	829	0	0
PF3D7_0101500.1	1647	1648	36.0212	1.65
PF3D7_0101600.1	1110	1111	44.4759	3.022
PF3D7_0101700.1	1359	1360	8.44086	0.468524
PF3D7_0101800.1	870	871	15.1318	1.31147
PF3D7_0101900.1	1032	1033	16	1.16924
PF3D7_0102000.1	759	760	0	0
PF3D7_0102100.1	846	847	1163.99	103.741
PF3D7_0102200.1	5820	5821	101705	1318.95
PF3D7_0102300.1	1583	1584	399.348	19.0318
PF3D7_0102400.1	1152	1153	166	10.8683
PF3D7_0102500.1	8166	8167	10740.1	99.2724
PF3D7_0102600.1	3407	3408	13003.4	288.032
PF3D7_0102700.1	1683	1684	724.32	32.4693
PF3D7_0102800.1	2539	2540	109.721	3.26093
PF3D7_0102900.1	2986	2987	2152.12	54.3895
PF3D7_0103000.1	1766	1767	1714	73.2247
PF3D7_0103100.1	6217	6218	3709.87	45.0393
PF3D7_0103200.1	2303	2304	7748.31	253.868
PF3D7_0103300.1	3571	3572	2763.28	58.3979
PF3D7_0103400.1	5765	5766	59125.7	774.079
PF3D7_0103500.1	6183	6184	1517	18.5182
PF3D7_0103600.1	5107	5108	2999.8	44.3329
PF3D7_0103700.1	1624	1625	1269	58.9511
PF3D7_0103800.1	1623	1624	866.229	40.2652
PF3D7_0103900.1	2586	2587	1009.95	29.4703
PF3D7_0104000.1	492	493	833	127.55
PF3D7_0104100.1	4311	4312	1763.19	30.8676
PF3D7_0104200.1	2616	2617	6615.21	190.82
PF3D7_0104300.1	12443	12444	19454.7	118.018
PF3D7_0104400.1	2897	2898	2298.49	59.8726
PF3D7_0104500.1	1245	1246	10386	629.236
PF3D7_0104600.1	4462	4463	2210	37.3808
PF3D7_0104700.1	2136	2137	458	16.1787
PF3D7_0104800.1	2474	2475	665.027	20.2837
PF3D7_0104900.1	308	309	9	2.19871
PF3D7_0105000.1	330	331	553	126.119
PF3D7_0105100.1	1202	1203	928	58.2326
PF3D7_0105200.1	2416	2417	4268	133.3
PF3D7_0105300.1	1199	1200	849.232	53.4231
PF3D7_0105400.1	1202	1203	4023.41	252.471
PF3D7_0105400.2	402	403	93.0833	17.4361
PF3D7_0105500.1	1035	1036	960	69.9512
PF3D7_0105600.1	4083	4084	4764.63	88.0697
PF3D7_0105700.1	10811	10812	12373.1	86.3888
PF3D7_0105800.1	4343	4344	3393.1	58.9645
PF3D7_0105900.1	2683	2684	11682.9	328.589
PF3D7_0106000.1	3512	3513	2774.31	59.6157
PF3D7_0106100.1	1904	1905	907.858	35.9755
PF3D7_0106200.1	1338	1339	3507	197.715
PF3D7_0106300.1	5469	5470	11253.6	155.306
PF3D7_0106400.1	926	927	5758	468.895
PF3D7_0106500.1	4654	4655	2044.67	33.1579
PF3D7_0106600.1	900	901	177	14.8297
PF3D7_0106700.1	5281	5282	6192.66	88.5039
PF3D7_0106800.1	1104	1105	2684	183.36
PF3D7_0106900.1	2954	2955	3469.57	88.6342
PF3D7_0107000.1	1058	1059	3964	282.567
PF3D7_0107100.1	1783	1784	3281	138.834
PF3D7_0107200.1	1303	1304	923	53.4328
PF3D7_0107300.1	1581	1582	219	10.4501
PF3D7_0107400.1	1728	1729	1470.56	64.2052
PF3D7_0107500.1	8009	8010	27161	255.975
PF3D7_0107600.1	5702	5703	938.264	12.4195
PF3D7_0107700.1	1341	1342	5545.01	311.913
PF3D7_0107800.1	4424	4425	2503.98	42.7171
PF3D7_0107900.1	1043	1044	580.564	41.9791
PF3D7_0108000.1	1354	1355	2977.84	165.9
PF3D7_0108100.1	2238	2239	5142	173.365
PF3D7_0108300.1	9996	9997	9313.6	70.3286
PF3D7_0108400.1	1800	1801	3493.77	146.442
PF3D7_0108400.2	525	526	415.594	59.6441
PF3D7_0108500.1	3323	3324	3964.61	90.0375
PF3D7_0108600.1	2145	2146	11503	404.637
PF3D7_0108700.1	4759	4760	5402.69	85.6814
PF3D7_0108800.1	2103	2104	6063	217.533
PF3D7_0108900.1	600	601	1926.27	241.95
PF3D7_0109000.1	2138	2139	4447.7	156.967
PF3D7_0109100.1	3975	3976	1379.74	26.1959
PF3D7_0109200.1	1657	1658	685.293	31.2015
PF3D7_0109300.1	1689	1690	1914.74	85.5276
PF3D7_0109400.1	1672	1673	9189.74	414.659
PF3D7_0109500.1	1298	1299	547.054	31.791
PF3D7_0109600.1	532	533	1165	164.999
PF3D7_0109700.1	1328	1329	1303.84	74.0597
PF3D7_0109800.1	2315	2316	3870	126.141
PF3D7_0109850.1	1983	1984	6759.03	257.174
PF3D7_0109950.1	750	751	1416	142.333
PF3D7_0110000.1	1368	1369	5868.15	323.58
PF3D7_0110100.1	3299	3300	3707.85	84.8188
PF3D7_0110200.1	1298	1299	5324.13	309.402
PF3D7_0110300.1	275	276	0	0
PF3D7_0110400.1	1317	1318	3233.86	185.221
PF3D7_0110500.1	7101	7102	4254.12	45.2182
PF3D7_0110600.1	6149	6150	11199.4	137.469
PF3D7_0110700.1	3926	3927	2152.66	41.3808
PF3D7_0110800.1	2382	2383	675.762	21.4069
PF3D7_0110900.1	1216	1217	4783.28	296.701
PF3D7_0111000.1	7049	7050	2978.66	31.8945
PF3D7_0111200.1	618	619	1356	165.368
PF3D7_0111300.1	5291	5292	2722.17	38.8311
PF3D7_0111400.1	3190	3191	2774.01	65.6242
PF3D7_0111500.1	2150	2151	2919	102.442
PF3D7_0111600.1	1094	1095	275.231	18.9743
PF3D7_0111700.1	1207	1208	116.297	7.26748
PF3D7_0111800.1	4284	4285	716.586	12.6241
PF3D7_0111900.1	323	324	429	99.953
PF3D7_0112000.1	1421	1422	3358	178.264
PF3D7_0112100.1	492	493	607	92.9449
PF3D7_0112200.1	8128	8129	32135	298.418
PF3D7_0112300.1	2149	2150	222.547	7.81388
PF3D7_0112500.1	142	143	0	0
PF3D7_0112700.1	4104	4105	10344.8	190.236
PF3D7_0112800.1	1790	1791	122.028	5.14335
PF3D7_0112900.1	4119	4120	347.898	6.37439
PF3D7_0113000.1	3449	3450	13714.9	300.095
PF3D7_0113100.1	5242	5243	2076.05	29.8911
PF3D7_0113200.1	2777	2778	1952.93	53.0685
PF3D7_0113300.1	2939	2940	954	24.4954
PF3D7_0113400.1	1981	1982	1602	61.0158
PF3D7_0113600.1	5682	5683	1392.97	18.5032
PF3D7_0113700.1	2777	2778	5654.18	153.646
PF3D7_0113800.1	9491	9492	6929.26	55.1077
PF3D7_0113900.1	1189	1190	510	32.3524
PF3D7_0114000.1	5628	5629	27204.8	364.836
PF3D7_0114100.1	1331	1332	122.799	6.95942
PF3D7_0114200.1	1044	1045	163.264	11.7939
PF3D7_0114300.1	960	961	171	13.4325
PF3D7_0114400.1	1380	1381	82	4.48233
PF3D7_0114500.1	1072	1073	126.87	8.92572
PF3D7_0114600.1	939	940	5	0.401537
PF3D7_0114700.1	972	973	0	0
PF3D7_0114750.1	177	178	0	0
PF3D7_0114800.1	633	634	4	0.476271
PF3D7_0114900.1	636	637	27	3.19969
PF3D7_0115000.1	5778	5779	820.201	10.714
PF3D7_0115050.1	146	147	13	6.6759
PF3D7_0115100.1	882	883	1172.45	100.234
PF3D7_0115150.1	606	607	38	4.72583
PF3D7_0115200.1	1107	1108	6.82237	0.464814
PF3D7_0115300.1	1011	1012	0	0
PF3D7_0115400.1	906	907	6.39479	0.532234
PF3D7_0115500.1	1299	1300	0	0
PF3D7_0115600.1	1140	1141	16.9246	1.11974
PF3D7_0115700.1	6612	6613	127.61	1.45669
PF3D7_0200100.1	5136	5137	85.2273	1.25243
PF3D7_0200200.1	1005	1006	1.05117	0.0788783
PF3D7_0200300.1	1323	1324	14.8386	0.846036
PF3D7_0200400.1	915	916	0	0
PF3D7_0200500.1	1113	1114	0	0
PF3D7_0200600.1	1128	1129	0	0
PF3D7_0200700.1	993	994	11.0502	0.839201
PF3D7_0200800.1	1212	1213	0	0
PF3D7_0200900.1	894	895	0	0
PF3D7_0201000.1	939	940	8	0.642459
PF3D7_0201100.1	213	214	0	0
PF3D7_0201200.1	1071	1072	17	1.19712
PF3D7_0201300.1	918	919	21.6432	1.77782
PF3D7_0201400.1	471	472	34	5.43777
PF3D7_0201500.1	4369	4370	10254.5	177.14
PF3D7_0201600.1	2624	2625	2018.49	58.0471
PF3D7_0201700.1	3915	3916	3381.13	65.1782
PF3D7_0201800.1	2366	2367	7027	224.107
PF3D7_0201900.1	9758	9759	6607.01	51.1073
PF3D7_0202000.1	4079	4080	135791	2512.43
PF3D7_0202100.1	3334	3335	5209.01	117.908
PF3D7_0202200.1	2984	2985	358.255	9.06006
PF3D7_0202300.1	1216	1217	316.149	19.6104
PF3D7_0202400.1	6256	6257	6547.5	78.9938
PF3D7_0202500.1	1887	1888	44051.8	1761.35
PF3D7_0202600.1	4798	4799	1035.24	16.2844
PF3D7_0202600.2	4023	4024	3374.81	63.3103
PF3D7_0202700.1	2837	2838	483.138	12.8512
PF3D7_0202800.1	3628	3629	1165.46	24.2435
PF3D7_0202900.1	1244	1245	362.966	22.008
PF3D7_0203000.1	7247	7248	5417.24	56.4214
PF3D7_0203100.1	8383	8384	4971.54	44.7634
PF3D7_0203200.1	1955	1956	815.562	31.4754
PF3D7_0203300.1	1058	1059	3864	275.439
PF3D7_0203400.1	1814	1815	5990.7	249.163
PF3D7_0203500.1	72	73	18	18.6137
PF3D7_0203600.1	2648	2649	966.393	27.5395
PF3D7_0203700.1	2053	2054	5210.51	191.498
PF3D7_0203800.1	2199	2200	737.416	25.3031
PF3D7_0203900.1	2368	2369	1433	45.663
PF3D7_0204000.1	2809	2810	3976.03	106.814
PF3D7_0204100.1	8129	8130	16897.1	156.894
PF3D7_0204200.1	943	944	43570	3484.17
PF3D7_0204300.1	2880	2881	485	12.7081
PF3D7_0204400.1	390	391	7	1.35147
PF3D7_0204500.1	1261	1262	10232	612.047
PF3D7_0204600.1	4566	4567	2665.12	44.0523
PF3D7_0204700.1	2642	2643	32705.6	934.134
PF3D7_0204800.1	1881	1882	1905.44	76.4293
PF3D7_0204900.1	1354	1355	4727.86	263.396
PF3D7_0205000.1	2043	2044	717.88	26.5127
PF3D7_0205100.1	2613	2614	2017.1	58.2512
PF3D7_0205200.1	591	592	201	25.6306
PF3D7_0205300.1	1851	1852	248.129	10.1139
PF3D7_0205400.1	2395	2396	3933.52	123.93
PF3D7_0205500.1	942	943	16.4847	1.31963
PF3D7_0205600.1	2828	2829	2705.76	72.2004
PF3D7_0205700.1	987	988	11506	879.129
PF3D7_0205700.2	669	670	809.846	91.2454
PF3D7_0205800.1	892	893	2124	179.551
PF3D7_0205900.1	3985	3986	22315	422.613
PF3D7_0206000.1	5459	5460	3113.8	43.0509
PF3D7_0206100.1	3277	3278	1825.28	42.0343
PF3D7_0206200.1	2642	2643	2699.87	77.1134
PF3D7_0206300.1	9201	9202	11329	92.938
PF3D7_0206500.1	5277	5278	1900.21	27.1779
PF3D7_0206600.1	2239	2240	1203.32	40.5523
PF3D7_0206700.1	3338	3339	1796.27	40.6105
PF3D7_0206800.1	3342	3343	8678.01	195.96
PF3D7_0206900.1	1631	1632	10095	466.947
PF3D7_0206900.2	1515	1516	616.011	30.6742
PF3D7_0207000.1	2390	2391	11323.1	357.496
PF3D7_0207100.1	6221	6222	26979.5	327.331
PF3D7_0207200.1	1519	1520	2808.71	139.491
PF3D7_0207300.1	2040	2041	52	1.92329
PF3D7_0207400.1	3582	3583	14201.8	299.212
PF3D7_0207500.1	3869	3870	73563.9	1434.95
PF3D7_0207600.1	3527	3528	162482	3476.64
PF3D7_0207700.1	3301	3302	8066.32	184.409
PF3D7_0207800.1	3455	3456	22005.2	480.658
PF3D7_0207900.1	3734	3735	1188.82	24.0275
PF3D7_0208000.1	3661	3662	13963.2	287.839
PF3D7_0208100.1	6090	6091	18104.3	224.376
PF3D7_0208200.1	1580	1581	1864	89.0016
PF3D7_0208300.1	5914	5915	1251.28	15.9692
PF3D7_0208400.1	9059	9060	5836.49	48.6303
PF3D7_0208500.1	2015	2016	2652.08	99.3069
PF3D7_0208600.1	2108	2109	7795.89	279.044
PF3D7_0208700.1	995	996	9406	712.901
PF3D7_0208800.1	2003	2004	2912.15	109.698
PF3D7_0208900.1	7527	7528	763	7.65118
PF3D7_0209000.1	10806	10807	3431.41	23.9691
PF3D7_0209100.1	3035	3036	1579.03	39.2619
PF3D7_0209200.1	1469	1470	1575	80.8811
PF3D7_0209300.1	1151	1152	3715	243.439
PF3D7_0209400.1	2057	2058	482.808	17.7098
PF3D7_0209500.1	1650	1651	1045	47.7807
PF3D7_0209600.1	4208	4209	2370	42.5063
PF3D7_0209700.1	2678	2679	1339	37.7304
PF3D7_0209800.1	2911	2912	2997.63	77.7087
PF3D7_0209900.1	539	540	215	30.0558
PF3D7_0210000.1	1217	1218	1092.66	67.7205
PF3D7_0210100.1	1251	1252	4670.97	281.635
PF3D7_0210100.2	108	109	1.02515	0.709974
PF3D7_0210200.1	8821	8822	8386.38	71.7614
PF3D7_0210300.1	2325	2326	196.362	6.37283
PF3D7_0210400.1	1061	1062	1319.03	93.7589
PF3D7_0210500.1	4451	4452	8292	140.601
PF3D7_0210600.1	1811	1812	47779	1990.5
PF3D7_0210700.1	1189	1190	501	31.7815
PF3D7_0210800.1	2367	2368	477.897	15.2348
PF3D7_0210900.1	2190	2191	549	18.9153
PF3D7_0211000.1	785	786	105	10.0844
PF3D7_0211100.1	3842	3843	1482.32	29.1175
PF3D7_0211200.1	1636	1637	627.236	28.9245
PF3D7_0211300.1	1133	1134	1295	86.2066
PF3D7_0211400.1	1378	1379	689	37.7171
PF3D7_0211500.1	4206	4207	3343	59.9857
PF3D7_0211600.1	837	838	1902.16	171.351
PF3D7_0211700.1	4760	4761	3547.81	56.253
PF3D7_0211800.1	2510	2511	6043.93	181.7
PF3D7_0211900.1	2321	2322	10653	346.331
PF3D7_0212000.1	1775	1776	10908.7	463.673
PF3D7_0212100.1	6381	6382	12735.7	150.643
PF3D7_0212200.1	1907	1908	367.394	14.5357
PF3D7_0212300.1	3059	3060	5678.42	140.084
PF3D7_0212400.1	13149	13150	7894.93	45.3217
PF3D7_0212500.1	12856	12857	11059.7	64.9361
PF3D7_0212600.1	1751	1752	10231.4	440.845
PF3D7_0212700.1	1598	1599	306.639	14.4765
PF3D7_0212800.1	5537	5538	2892.71	39.4308
PF3D7_0212900.1	2657	2658	1466.92	41.6614
PF3D7_0213000.1	2287	2288	2356.37	77.7448
PF3D7_0213100.1	2165	2166	16289.7	567.726
PF3D7_0213200.1	1077	1078	3310.05	231.793
PF3D7_0213300.1	798	799	51.9066	4.9041
PF3D7_0213400.1	2440	2441	2016.25	62.3535
PF3D7_0213500.1	1807	1808	1735.07	72.4442
PF3D7_0213600.1	7257	7258	2218	23.069
PF3D7_0213700.1	1293	1294	98.2634	5.73246
PF3D7_0213800.1	2010	2011	494	18.5438
PF3D7_0213900.1	4524	4525	636.159	10.6128
PF3D7_0214000.1	2705	2706	14992.1	418.233
PF3D7_0214100.1	5277	5278	5460.77	78.103
PF3D7_0214200.1	1363	1364	77	4.26147
PF3D7_0214300.1	9270	9271	3508.59	28.5686
PF3D7_0214400.1	2497	2498	886.466	26.7888
PF3D7_0214500.1	1643	1644	949.113	43.5812
PF3D7_0214600.1	6526	6527	9943.98	115.009
PF3D7_0214700.1	1338	1339	2550.26	143.776
PF3D7_0214800.1	6448	6449	6600.41	77.2613
PF3D7_0214900.1	4488	4489	4567.07	76.8018
PF3D7_0215000.1	5880	5881	9580.25	122.973
PF3D7_0215100.1	2039	2040	1169.93	43.2927
PF3D7_0215200.1	2629	2630	1124.3	32.2708
PF3D7_0215300.1	4591	4592	3552.03	58.3927
PF3D7_0215400.1	4979	4980	6815.12	103.307
PF3D7_0215500.1	3565	3566	1439.25	30.4677
PF3D7_0215600.1	2096	2097	3223.4	116.038
PF3D7_0215700.1	4959	4960	3999.1	60.8645
PF3D7_0215800.1	3222	3223	2557.33	59.8978
PF3D7_0215900.1	783	784	225	21.6646
PF3D7_0216000.1	6965	6966	3168.32	34.3344
PF3D7_0216100.1	3728	3729	1089.53	22.0563
PF3D7_0216200.1	1141	1142	1562.99	103.318
PF3D7_0216300.1	4886	4887	1265.52	19.5484
PF3D7_0216400.1	2643	2644	2907.29	83.0062
PF3D7_0216500.1	6691	6692	6188.76	69.8121
PF3D7_0216600.1	3908	3909	954.172	18.4266
PF3D7_0216700.1	5126	5127	4160.52	61.2587
PF3D7_0216700.2	4134	4135	5089.52	92.9149
PF3D7_0216800.1	3717	3718	2307.97	46.8602
PF3D7_0216900.1	1650	1651	178	8.13873
PF3D7_0217000.1	3236	3237	798	18.6099
PF3D7_0217100.1	2463	2464	45243.6	1386.12
PF3D7_0217200.1	6134	6135	537.087	6.60867
PF3D7_0217300.1	615	616	63.0991	7.73261
PF3D7_0217400.1	1808	1809	1462.07	61.0117
PF3D7_0217500.1	3702	3703	16894.9	344.418
PF3D7_0217600.1	6404	6405	4422.66	52.1252
PF3D7_0217700.1	1643	1644	561	25.7599
PF3D7_0217800.1	1005	1006	19124.9	1435.11
PF3D7_0217900.1	3160	3161	7720.59	184.378
PF3D7_0218000.1	1704	1705	5854.37	259.203
PF3D7_0218100.1	1514	1515	10776	536.943
PF3D7_0218200.1	4072	4073	1144.03	21.2034
PF3D7_0218300.1	1549	1550	11863.5	577.781
PF3D7_0218400.1	2024	2025	15795	588.814
PF3D7_0218500.1	2328	2329	1634.15	52.9672
PF3D7_0218600.1	8372	8373	4426.09	39.9046
PF3D7_0218700.1	2425	2426	1618.46	50.361
PF3D7_0218800.1	626	627	1944.42	234.102
PF3D7_0218900.1	160	161	1	0.468876
PF3D7_0219000.1	82	83	176	160.073
PF3D7_0219100.1	1933	1934	1878	73.3032
PF3D7_0219200.1	1224	1225	498.243	30.7036
PF3D7_0219300.1	1021	1022	235.081	17.364
PF3D7_0219400.1	1476	1477	2485.49	127.033
PF3D7_0219500.1	1840	1841	3095.5	126.929
PF3D7_0219600.1	3629	3630	2669.08	55.5058
PF3D7_0219700.1	1429	1430	7184	379.24
PF3D7_0219800.1	4046	4047	1066.92	19.9013
PF3D7_0219900.1	1818	1819	277.921	11.5338
PF3D7_0220000.1	6846	6847	48272	532.205
PF3D7_0220100.1	4200	4201	2986.39	53.6633
PF3D7_0220200.1	3378	3379	3297.24	73.6625
PF3D7_0220300.1	2773	2774	1280.3	34.8408
PF3D7_0220400.1	2010	2011	396	14.8651
PF3D7_0220500.1	2072	2073	513.04	18.6825
PF3D7_0220600.1	2774	2775	2425.17	65.9724
PF3D7_0220700.1	1783	1784	9504.69	402.186
PF3D7_0220800.1	5124	5125	19729.6	290.608
PF3D7_0220900.1	609	610	139	17.2016
PF3D7_0221000.1	909	910	69	5.72389
PF3D7_0221100.1	783	784	198	19.0648
PF3D7_0221200.1	2557	2558	130	3.83642
PF3D7_0221300.1	1104	1105	7	0.478211
PF3D7_0221400.1	924	925	2	0.163219
PF3D7_0221500.1	678	679	93.3132	10.3743
PF3D7_0221600.1	621	622	0	0
PF3D7_0221650.1	663	664	0	0
PF3D7_0221700.1	2760	2761	245.852	6.72189
PF3D7_0221800.1	1961	1962	138.697	5.33643
PF3D7_0221900.1	1257	1258	0	0
PF3D7_0222000.1	849	850	4.82087	0.428145
PF3D7_0222100.1	1236	1237	388.205	23.6905
PF3D7_0222200.1	693	694	0	0
PF3D7_0222300.1	861	862	0	0
PF3D7_0222400.1	1080	1081	0	0
PF3D7_0222500.1	951	952	0	0
PF3D7_0222600.1	1107	1108	0	0
PF3D7_0222700.1	1047	1048	0	0
PF3D7_0222800.1	915	916	0	0
PF3D7_0222900.1	1356	1357	0	0
PF3D7_0223100.1	993	994	3.04742	0.231435
PF3D7_0223200.1	1038	1039	0	0
PF3D7_0223300.1	1296	1297	87.0098	5.06421
PF3D7_0223400.1	984	985	0	0
PF3D7_0223500.1	6534	6535	511.136	5.90438
PF3D7_0300100.1	6630	6631	789.334	8.98598
PF3D7_0300200.1	981	982	33.8107	2.59912
PF3D7_0300300.1	1377	1378	1.24055	0.0679592
PF3D7_0300400.1	891	892	0	0
PF3D7_0300500.1	1080	1081	39.5952	2.76503
PF3D7_0300600.1	213	214	0	0
PF3D7_0300700.1	1107	1108	54.3902	3.70565
PF3D7_0300800.1	966	967	0	0
PF3D7_0300900.1	788	789	122	11.6726
PF3D7_0301000.1	2460	2461	4.78864	0.146887
PF3D7_0301100.1	771	772	9	0.880053
PF3D7_0301200.1	2764	2765	775.086	21.1611
PF3D7_0301300.1	2161	2162	363	12.6746
PF3D7_0301400.1	1295	1296	6940	404.239
PF3D7_0301500.1	3315	3316	449.011	10.2218
PF3D7_0301600.1	2939	2940	2796.7	71.8096
PF3D7_0301700.1	3514	3515	10688	229.539
PF3D7_0301800.1	2448	2449	1054.12	32.4926
PF3D7_0301900.1	2068	2069	1049.16	38.2795
PF3D7_0302000.1	2571	2572	283.032	8.30709
PF3D7_0302100.1	6706	6707	5391.38	60.6814
PF3D7_0302200.1	4800	4801	52365.4	823.372
PF3D7_0302300.1	4173	4174	230	4.15967
PF3D7_0302400.1	1171	1172	248	15.9738
PF3D7_0302500.1	5711	5712	313817	4147.36
PF3D7_0302600.1	4821	4822	3932.17	61.5586
PF3D7_0302700.1	993	994	758.45	57.6002
PF3D7_0302800.1	2625	2626	233.056	6.69961
PF3D7_0302900.1	6002	6003	3364.67	42.3114
PF3D7_0303000.1	2426	2427	1118	34.7741
PF3D7_0303100.1	6601	6602	2895.85	33.1119
PF3D7_0303200.1	4918	4919	41849.2	642.235
PF3D7_0303300.1	2101	2102	1678.19	60.2688
PF3D7_0303400.1	3451	3452	1252.85	27.3975
PF3D7_0303500.1	7158	7159	3847	40.5652
PF3D7_0303600.1	1135	1136	176.033	11.6977
PF3D7_0303700.1	1905	1906	3164.36	125.328
PF3D7_0303800.1	2994	2995	1083	27.297
PF3D7_0303900.1	757	758	290.036	28.8846
PF3D7_0304000.1	2586	2587	438	12.7809
PF3D7_0304100.1	3078	3079	1225.91	30.0561
PF3D7_0304200.1	2349	2350	49424.9	1587.68
PF3D7_0304300.1	5052	5053	1369.02	20.4524
PF3D7_0304400.1	1700	1701	11975.7	531.471
PF3D7_0304500.1	1326	1327	4335.33	246.624
PF3D7_0304600.1	2034	2035	3380	125.382
PF3D7_0304700.1	1419	1420	916	48.6957
PF3D7_0304800.1	4734	4735	5770.96	92.0051
PF3D7_0304900.1	1299	1300	1803.86	104.747
PF3D7_0305000.1	1737	1738	8883.28	385.84
PF3D7_0305100.1	11937	11938	7936.37	50.185
PF3D7_0305200.1	4991	4992	2900.66	43.8637
PF3D7_0305300.1	4039	4040	4023.25	75.176
PF3D7_0305400.1	1098	1099	691.102	47.471
PF3D7_0305500.1	12811	12812	8050.84	47.436
PF3D7_0305600.1	3382	3383	4165.23	92.9439
PF3D7_0305700.1	1374	1375	4947.97	271.649
PF3D7_0305800.1	3345	3346	1023	23.0799
PF3D7_0305900.1	864	865	550	47.9988
PF3D7_0306000.1	1105	1106	125.078	8.53708
PF3D7_0306100.1	3154	3155	1135.31	27.1642
PF3D7_0306200.1	2534	2535	2179.31	64.8971
PF3D7_0306300.1	2556	2557	2452.73	72.4107
PF3D7_0306400.1	3391	3392	1425.11	31.7159
PF3D7_0306500.1	1735	1736	98.43	4.28017
PF3D7_0306600.1	923	924	160.154	13.0843
PF3D7_0306700.1	1854	1855	1631	66.3733
PF3D7_0306800.1	2423	2424	56272.5	1752.45
PF3D7_0306900.1	2195	2196	18233	626.772
PF3D7_0307000.1	160	161	13	6.09538
PF3D7_0307100.1	1166	1167	3133.62	202.702
PF3D7_0307200.1	1635	1636	24524	1131.6
PF3D7_0307300.1	1533	1534	608	29.92
PF3D7_0307400.1	1588	1589	17330	823.3
PF3D7_0307500.1	2075	2076	2004.02	72.8714
PF3D7_0307600.1	2775	2776	7020.11	190.901
PF3D7_0307700.1	6642	6643	12753.7	144.93
PF3D7_0307800.1	3717	3718	2230.19	45.2809
PF3D7_0307900.1	12097	12098	5121.48	31.957
PF3D7_0308000.1	2516	2517	5579.65	167.343
PF3D7_0308100.1	6070	6071	8351.08	103.84
PF3D7_0308200.1	3236	3237	6395.96	149.158
PF3D7_0308300.1	1772	1773	662.46	28.2055
PF3D7_0308400.1	119	120	399	251.001
PF3D7_0308500.1	1440	1441	11069.7	579.903
PF3D7_0308600.1	2979	2980	6369	161.339
PF3D7_0308700.1	2232	2233	12103	409.155
PF3D7_0308800.1	938	939	96.0563	7.72225
PF3D7_0308900.1	4826	4827	2367.16	37.0198
PF3D7_0309000.1	2659	2660	258.379	7.33262
PF3D7_0309100.1	844	845	703.643	62.8607
PF3D7_0309200.1	6962	6963	9279.94	100.608
PF3D7_0309300.1	3836	3837	485.222	9.54624
PF3D7_0309400.1	119	120	0	0
PF3D7_0309500.1	3297	3298	4301.39	98.456
PF3D7_0309600.1	1767	1768	59433.8	2537.67
PF3D7_0309700.1	1827	1828	1398	57.7317
PF3D7_0309800.1	1699	1700	493.901	21.9318
PF3D7_0309900.1	5352	5353	6196	87.3771
PF3D7_0310000.1	1236	1237	5095.37	310.949
PF3D7_0310100.1	1689	1690	527	23.5401
PF3D7_0310200.1	14855	14856	9463.21	48.0862
PF3D7_0310300.1	5411	5412	2536.02	35.3736
PF3D7_0310400.1	4085	4086	39027	721.025
PF3D7_0310500.1	7935	7936	4957.52	47.157
PF3D7_0310600.1	1540	1541	504	24.6895
PF3D7_0310700.1	1014	1015	1778.79	132.294
PF3D7_0310800.1	535	536	37.3381	5.25861
PF3D7_0310900.1	2813	2814	721.013	19.3421
PF3D7_0311000.1	618	619	99	12.0734
PF3D7_0311100.1	2704	2705	3736.71	104.281
PF3D7_0311200.1	5341	5342	10460.1	147.814
PF3D7_0311300.1	5901	5902	4953.05	63.3516
PF3D7_0311400.1	8499	8500	2475.78	21.9876
PF3D7_0311500.1	1482	1483	85.9325	4.37421
PF3D7_0311600.1	2918	2919	2879.01	74.4548
PF3D7_0311700.1	1386	1387	2924	159.142
PF3D7_0311800.1	2404	2405	9331.08	292.887
PF3D7_0311900.1	2562	2563	362.475	10.6761
PF3D7_0312000.1	676	677	372.643	41.5516
PF3D7_0312100.1	3811	3812	4169.52	82.5689
PF3D7_0312200.1	4076	4077	2593.68	48.0241
PF3D7_0312300.1	1175	1176	7989	512.824
PF3D7_0312400.1	4102	4103	8555.93	157.416
PF3D7_0312500.1	2710	2711	345.058	9.6083
PF3D7_0312600.1	77	78	102	98.7164
PF3D7_0312700.1	76	77	29	28.4309
PF3D7_0312800.1	1256	1257	67255.7	4039.03
PF3D7_0312900.1	927	928	1547	125.842
PF3D7_0313000.1	1330	1331	1742	98.7993
PF3D7_0313100.1	3298	3299	12429.1	284.408
PF3D7_0313200.1	933	934	355.183	28.7071
PF3D7_0313300.1	597	598	505	63.7491
PF3D7_0313400.1	2912	2913	3010.87	78.0251
PF3D7_0313500.1	3279	3280	882.954	20.3211
PF3D7_0313600.1	2587	2588	1151.15	33.5777
PF3D7_0313700.1	1701	1702	11568.8	513.112
PF3D7_0313800.1	3322	3323	19572.2	444.624
PF3D7_0313900.1	3291	3292	733.297	16.8153
PF3D7_0314000.1	1307	1308	1229.87	70.9801
PF3D7_0314100.1	1516	1517	216.344	10.7657
PF3D7_0314100.2	213	214	59.4808	20.982
PF3D7_0314200.1	4720	4721	1408.88	22.5281
PF3D7_0314300.1	1844	1845	2435.46	99.648
PF3D7_0314400.1	2581	2582	163.213	4.77181
PF3D7_0314500.1	3654	3655	672.452	13.8886
PF3D7_0314600.1	2245	2246	709.257	23.8384
PF3D7_0314700.1	5805	5806	1135.7	14.7662
PF3D7_0314800.1	3726	3727	2599	52.6418
PF3D7_0314900.1	2401	2402	2337.72	73.4687
PF3D7_0315000.1	1003	1004	1798	135.188
PF3D7_0315100.1	1827	1828	516.422	21.3261
PF3D7_0315200.1	6345	6346	10939	130.125
PF3D7_0315300.1	5304	5305	4581.55	65.1945
PF3D7_0315400.1	1480	1481	2001	101.994
PF3D7_0315500.1	1551	1552	929.312	45.2016
PF3D7_0315600.1	2594	2595	867	25.2212
PF3D7_0315700.1	2811	2812	945	25.3688
PF3D7_0315800.1	1769	1770	38.0139	1.62126
PF3D7_0315900.1	834	835	300	27.1218
PF3D7_0316000.1	2260	2261	2780.33	92.8282
PF3D7_0316100.1	2311	2312	1691.38	55.2252
PF3D7_0316200.1	7547	7548	5439.35	54.3999
PF3D7_0316300.1	1480	1481	738.568	37.646
PF3D7_0316300.2	1296	1297	67116.2	3906.35
PF3D7_0316400.1	3610	3611	3867.14	80.8436
PF3D7_0316500.1	3397	3398	1137.13	25.2621
PF3D7_0316600.1	3365	3366	4052.24	90.8792
PF3D7_0316700.1	2282	2283	986.095	32.6059
PF3D7_0316800.1	1916	1917	19333.7	761.337
PF3D7_0316900.1	2808	2809	1786.41	48.0078
PF3D7_0317000.1	2065	2066	358.815	13.1107
PF3D7_0317100.1	2910	2911	361	9.36157
PF3D7_0317200.1	7170	7171	18462.3	194.352
PF3D7_0317300.1	11642	11643	11834	76.7273
PF3D7_0317400.1	1880	1881	1492.15	59.8836
PF3D7_0317500.1	5699	5700	3380.22	44.7665
PF3D7_0317600.1	1302	1303	2398	138.928
PF3D7_0317700.1	9410	9411	5100.25	40.9109
PF3D7_0317800.1	1596	1597	2318.73	109.604
PF3D7_0317900.1	2626	2627	3125.91	89.8254
PF3D7_0318000.1	609	610	596	73.7565
PF3D7_0318100.1	1322	1323	7397.86	422.114
PF3D7_0318200.1	9211	9212	9960.51	81.6227
PF3D7_0318300.1	4042	4043	3010.41	56.209
PF3D7_0318400.1	1776	1777	468	19.8812
PF3D7_0318500.1	15982	15983	6793.58	32.0866
PF3D7_0318600.1	4425	4426	2020.32	34.4582
PF3D7_0318700.1	1067	1068	3352.96	236.996
PF3D7_0318800.1	1631	1632	296.318	13.7064
PF3D7_0318900.1	2466	2467	2351	71.9394
PF3D7_0319000.1	7351	7352	6906.31	70.9128
PF3D7_0319100.1	1886	1887	1468.93	58.7643
PF3D7_0319200.1	3220	3221	2514.78	58.9377
PF3D7_0319300.1	1260	1261	304	18.1988
PF3D7_0319400.1	5811	5812	4450.28	57.8023
PF3D7_0319500.1	1962	1963	10969.1	421.826
PF3D7_0319600.1	1643	1644	3404	156.304
PF3D7_0319700.1	10359	10360	5945.58	43.3229
PF3D7_0319800.1	1434	1435	459.507	24.1726
PF3D7_0319900.1	1758	1759	749.577	32.1687
PF3D7_0320000.1	839	840	16646	1495.94
PF3D7_0320100.1	1711	1712	1524.12	67.2045
PF3D7_0320200.1	1982	1983	1080.18	41.1203
PF3D7_0320300.1	3262	3263	749.645	17.3429
PF3D7_0320400.1	9258	9259	3621	29.5222
PF3D7_0320500.1	2556	2557	2300.29	67.9102
PF3D7_0320600.1	1256	1257	926.512	55.6416
PF3D7_0320700.1	1243	1244	28938.9	1756.08
PF3D7_0320800.1	2615	2616	1554.35	44.8533
PF3D7_0320900.1	1767	1768	4642.52	198.224
PF3D7_0321000.1	2083	2084	5180.95	187.67
PF3D7_0321100.1	6515	6516	8665.33	100.389
PF3D7_0321200.1	1973	1974	2296.25	87.8124
PF3D7_0321300.1	3470	3471	605.608	13.171
PF3D7_0321400.1	1680	1681	2833.23	127.232
PF3D7_0321500.1	4148	4149	2269.16	41.2861
PF3D7_0321600.1	2947	2948	3739.45	95.7556
PF3D7_0321700.1	7038	7039	3660.74	39.2592
PF3D7_0321800.1	9419	9420	8508.72	68.1863
PF3D7_0321900.1	5726	5727	3628.55	47.8288
PF3D7_0322000.1	1517	1518	18908.7	940.317
PF3D7_0322100.1	2713	2714	1312.83	36.5159
PF3D7_0322200.1	2262	2263	806.145	26.8913
PF3D7_0322300.1	4559	4560	2875.23	47.5983
PF3D7_0322400.1	3383	3384	6431.54	143.472
PF3D7_0322500.1	1557	1558	6285.76	304.561
PF3D7_0322600.1	4044	4045	1123	20.9578
PF3D7_0322700.1	10286	10287	3767.19	27.6447
PF3D7_0322800.1	546	547	138	19.0448
PF3D7_0322900.1	1697	1698	61995.8	2756.18
PF3D7_0323000.1	1513	1514	2550.35	127.162
PF3D7_0323100.1	6329	6330	3334.32	39.7637
PF3D7_0323200.1	1675	1676	13102.9	590.172
PF3D7_0323300.1	1302	1303	648	37.5417
PF3D7_0323400.1	4147	4148	9667.74	175.942
PF3D7_0323500.1	1811	1812	13618	567.332
PF3D7_0323600.1	2717	2718	823.249	22.8647
PF3D7_0323700.1	3345	3346	1255.1	28.3163
PF3D7_0323800.1	6075	6076	1290.01	16.0273
PF3D7_0323900.1	1392	1393	0	0
PF3D7_0324000.1	849	850	4.82087	0.428145
PF3D7_0324100.1	1253	1254	332.531	20.0179
PF3D7_0324200.1	1174	1175	252.082	16.1952
PF3D7_0324300.1	930	931	1672.86	135.642
PF3D7_0324400.1	1050	1051	20	1.43652
PF3D7_0324500.1	954	955	0	0
PF3D7_0324600.1	906	907	0	0
PF3D7_0324700.1	1380	1381	19.399	1.0604
PF3D7_0324800.1	1116	1117	50	3.3791
PF3D7_0324900.1	6510	6511	360.407	4.17858
PF3D7_0400100.1	7941	7942	170.152	1.6173
PF3D7_0400200.1	1200	1201	399.355	25.1015
PF3D7_0400300.1	1113	1114	7.77938	0.527161
PF3D7_0400400.1	10404	10405	286.583	2.07918
PF3D7_0400500.1	1149	1150	0	0
PF3D7_0400600.1	79	80	0	0
PF3D7_0400700.1	1143	1144	9.56472	0.631146
PF3D7_0400800.1	870	871	0	0
PF3D7_0400900.1	990	991	50.9279	3.87941
PF3D7_0401000.1	930	931	1.04173	0.0844673
PF3D7_0401100.1	213	214	0	0
PF3D7_0401200.1	1104	1105	0	0
PF3D7_0401300.1	1128	1129	215	14.3757
PF3D7_0401400.1	990	991	410	31.2316
PF3D7_0401500.1	933	934	169.226	13.6774
PF3D7_0401600.1	1514	1515	19597.7	976.509
PF3D7_0401600.2	1041	1042	1551.3	112.386
PF3D7_0401700.1	1332	1333	109	6.17277
PF3D7_0401800.1	2889	2890	2674	69.8469
PF3D7_0401900.1	3306	3307	1365.15	31.1623
PF3D7_0402000.1	3128	3129	2259.17	54.5038
PF3D7_0402100.1	2632	2633	10447	299.519
PF3D7_0402200.1	6660	6661	6430.16	72.8729
PF3D7_0402300.1	10074	10075	5994.38	44.9141
PF3D7_0402400.1	2353	2354	8077.31	259.026
PF3D7_0402500.1	990	991	23	1.75201
PF3D7_0402600.1	906	907	0	0
PF3D7_0402700.1	996	997	1	0.0757161
PF3D7_0402800.1	4323	4324	3	0.0523744
PF3D7_0402900.1	1076	1077	99.0192	6.94045
PF3D7_0403000.1	74	75	10	10.0652
PF3D7_0403100.1	2358	2359	2756.72	88.2162
PF3D7_0403200.1	3269	3270	1895.49	43.7579
PF3D7_0403300.1	801	802	1548.92	145.793
PF3D7_0403400.1	12401	12402	4368.08	26.5878
PF3D7_0403500.1	1717	1718	1372.7	60.3166
PF3D7_0403600.1	3435	3436	1427.43	31.3608
PF3D7_0403700.1	3140	3141	40459.1	972.37
PF3D7_0403800.1	6355	6356	2899.03	34.4312
PF3D7_0403900.1	4170	4171	4181.16	75.6728
PF3D7_0404000.1	1234	1235	9210	562.958
PF3D7_0404100.1	6816	6817	746	8.26093
PF3D7_0404200.1	1231	1232	248	15.1958
PF3D7_0404300.1	2615	2616	6121.67	176.651
PF3D7_0404400.1	1140	1141	426	28.1843
PF3D7_0404500.1	1437	1438	283	14.8563
PF3D7_0404600.1	15301	15302	4434.41	21.8762
PF3D7_0404700.1	3694	3695	15771.6	322.214
PF3D7_0404800.1	2280	2281	1228	40.6403
PF3D7_0404900.1	2348	2349	2242.07	72.0527
PF3D7_0405000.1	2148	2149	3419	120.101
PF3D7_0405100.1	5891	5892	871.798	11.1696
PF3D7_0405200.1	2940	2941	5467.34	140.335
PF3D7_0405300.1	5895	5896	2189.68	28.0354
PF3D7_0405400.1	10492	10493	14888.9	107.114
PF3D7_0405500.1	675	676	573	63.987
PF3D7_0405600.1	1738	1739	667.678	28.9835
PF3D7_0405700.1	8072	8073	4066.6	38.026
PF3D7_0405800.1	562	563	168	22.526
PF3D7_0405900.1	3148	3149	11587.3	277.775
PF3D7_0406000.1	2470	2471	3180.4	97.1612
PF3D7_0406100.1	2265	2266	7381.63	245.91
PF3D7_0406200.1	2167	2168	33877.4	1179.6
PF3D7_0406400.1	1674	1675	3801.27	171.316
PF3D7_0406500.1	11445	11446	19863.1	131.002
PF3D7_0406600.1	420	421	323	57.9167
PF3D7_0406700.1	2906	2907	10316.4	267.896
PF3D7_0406800.1	1015	1016	1276.05	94.8108
PF3D7_0406900.1	5256	5257	1078	15.4798
PF3D7_0407000.1	1525	1526	121	5.98569
PF3D7_0407100.1	2223	2224	2199.33	74.6517
PF3D7_0407200.1	967	968	8796.68	686.005
PF3D7_0407300.1	1438	1439	884	46.3741
PF3D7_0407400.1	1215	1216	1010.3	62.719
PF3D7_0407500.1	1143	1144	139	9.17218
PF3D7_0407600.1	3639	3640	581.48	12.0592
PF3D7_0407700.1	6121	6122	3591.89	44.2908
PF3D7_0407800.1	7123	7124	10605.9	112.385
PF3D7_0407900.1	3179	3180	1597.81	37.9298
PF3D7_0408000.1	668	669	2626	296.314
PF3D7_0408100.1	4881	4882	1933.51	29.8973
PF3D7_0408200.1	2122	2123	241.491	8.58687
PF3D7_0408300.1	1749	1750	368.531	15.8972
PF3D7_0408400.1	2470	2471	2222.03	67.883
PF3D7_0408500.1	2618	2619	4890.87	140.972
PF3D7_0408600.1	2955	2956	346	8.83599
PF3D7_0408700.1	2529	2530	1207	36.0139
PF3D7_0408800.1	948	949	154	12.2501
PF3D7_0408900.1	3001	3002	3932.44	98.8859
PF3D7_0408900.2	2076	2077	21005.1	763.433
PF3D7_0409000.1	8235	8236	1605.78	14.7181
PF3D7_0409100.1	2574	2575	5230.03	153.324
PF3D7_0409200.1	1966	1967	34273.4	1315.34
PF3D7_0409300.1	4302	4303	960.595	16.852
PF3D7_0409400.1	2815	2816	805.173	21.5844
PF3D7_0409500.1	1853	1854	4332.16	176.392
PF3D7_0409600.1	4548	4549	1435.84	23.8272
PF3D7_0409700.1	928	929	1474	119.775
PF3D7_0409800.1	4394	4395	2663.62	45.7506
PF3D7_0409900.1	1715	1716	126.451	5.56274
PF3D7_0410000.1	4027	4028	54655.6	1024.3
PF3D7_0410100.1	82	83	7	6.36654
PF3D7_0410200.1	73	74	3	3.06036
PF3D7_0410300.1	3552	3553	2681.23	56.9669
PF3D7_0410400.1	1563	1564	133.41	6.43923
PF3D7_0410500.1	642	643	6	0.704407
PF3D7_0410600.1	1718	1719	1673.57	73.4939
PF3D7_0410700.1	4612	4613	13441.7	219.966
PF3D7_0410800.1	5023	5024	7313.7	109.893
PF3D7_0410900.1	3873	3874	2119.31	41.297
PF3D7_0411000.1	5092	5093	1783.13	26.4298
PF3D7_0411100.1	683	684	89	9.8224
PF3D7_0411200.1	4249	4250	1258.21	22.3485
PF3D7_0411300.1	2744	2745	879.486	24.1863
PF3D7_0411400.1	4497	4498	1278.23	21.4522
PF3D7_0411500.1	72	73	6	6.20457
PF3D7_0411600.1	72	73	146	150.978
PF3D7_0411700.1	417	418	8	1.44477
PF3D7_0411800.1	7141	7142	3371.15	35.6321
PF3D7_0411900.1	7652	7653	7912.55	78.0492
PF3D7_0412000.1	3760	3761	2698.8	54.1691
PF3D7_0412100.1	1923	1924	1140.71	44.7564
PF3D7_0412200.1	1312	1313	160	9.19896
PF3D7_0412300.1	2369	2370	497.852	15.8575
PF3D7_0412400.1	7817	7818	142.225	1.3733
PF3D7_0412500.1	135	136	2	1.11013
PF3D7_0412600.1	1023	1024	0	0
PF3D7_0412700.1	8324	8325	224.832	2.03872
PF3D7_0412800.1	135	136	0	0
PF3D7_0412900.1	6939	6940	69.0007	0.750546
PF3D7_0413000.1	135	136	0	0
PF3D7_0413100.1	6981	6982	23.9272	0.2587
PF3D7_0413200.1	1131	1132	14	0.933609
PF3D7_0413300.1	1041	1042	20	1.44892
PF3D7_0413400.1	1269	1270	173	10.2831
PF3D7_0413500.1	1525	1526	1185.89	58.6645
PF3D7_0413600.1	1804	1805	52094.2	2178.69
PF3D7_0413700.1	2217	2218	3189.03	108.538
PF3D7_0413800.1	1365	1366	342	18.8999
PF3D7_0413900.1	3026	3027	17252.6	430.255
PF3D7_0414000.1	4294	4295	9236.87	162.347
PF3D7_0414100.1	5237	5238	5862.24	84.4854
PF3D7_0414200.1	1235	1236	108.336	6.61664
PF3D7_0414200.2	453	454	362.693	60.3068
PF3D7_0414300.1	1182	1183	6374	406.734
PF3D7_0414400.1	993	994	150.157	11.4036
PF3D7_0414500.1	2402	2403	926.975	29.1204
PF3D7_0414600.1	1507	1508	1542.72	77.2268
PF3D7_0414700.1	3037	3038	2037.54	50.6294
PF3D7_0414800.1	1787	1788	129.335	5.46049
PF3D7_0414900.1	1397	1398	4188.06	226.146
PF3D7_0415000.1	1494	1495	1061.54	53.6016
PF3D7_0415100.1	1927	1928	2058.27	80.5897
PF3D7_0415200.1	7684	7685	3574.29	35.1099
PF3D7_0415300.1	4895	4896	7293	112.447
PF3D7_0415400.1	1458	1459	4724.43	244.443
PF3D7_0415500.1	1226	1227	382.188	23.5134
PF3D7_0415600.1	1392	1393	1120.27	60.709
PF3D7_0415700.1	1915	1916	1676	66.0332
PF3D7_0415800.1	3543	3544	2639.26	56.2175
PF3D7_0415900.1	2736	2737	10552.4	291.045
PF3D7_0416000.1	3810	3811	9641.14	190.974
PF3D7_0416100.1	3522	3523	6234.49	133.589
PF3D7_0416200.1	1246	1247	5833.94	353.166
PF3D7_0416300.1	5733	5734	5788.41	76.2053
PF3D7_0416400.1	5045	5046	9893.98	148.016
PF3D7_0416500.1	2014	2015	7138.53	267.434
PF3D7_0416600.1	2501	2502	3702.16	111.7
PF3D7_0416700.1	1436	1437	825.174	43.3483
PF3D7_0416800.1	1346	1347	7681.81	430.506
PF3D7_0416900.1	8359	8360	6522.81	58.8996
PF3D7_0417000.1	1522	1523	642.012	31.8219
PF3D7_0417100.1	1545	1546	146	7.12897
PF3D7_0417200.1	2169	2170	1813	63.0698
PF3D7_0417300.1	3036	3037	5950	147.896
PF3D7_0417400.1	21885	21886	17107.2	59.0059
PF3D7_0417500.1	1645	1646	6990.56	320.602
PF3D7_0417600.1	2560	2561	735	21.6651
PF3D7_0417700.1	1542	1543	1156	56.5556
PF3D7_0417800.1	3075	3076	5746.01	141.014
PF3D7_0417900.1	2378	2379	2572.4	81.6259
PF3D7_0418000.1	15607	15608	5118.88	24.7578
PF3D7_0418100.1	5590	5591	2032.22	27.4387
PF3D7_0418200.1	2859	2860	668.268	17.6388
PF3D7_0418300.1	5993	5994	11420.9	143.835
PF3D7_0418400.1	647	648	1009.45	117.596
PF3D7_0418500.1	914	915	2450.86	202.2
PF3D7_0418600.1	7059	7060	4264.51	45.5982
PF3D7_0418700.1	2461	2462	12198	374.01
PF3D7_0418800.1	786	787	245	23.5004
PF3D7_0418900.1	2016	2017	397.393	14.873
PF3D7_0419000.1	1323	1324	440	25.087
PF3D7_0419100.1	1772	1773	1286.83	54.7895
PF3D7_0419200.1	1175	1176	0	0
PF3D7_0419300.1	2609	2610	6552.43	189.516
PF3D7_0419400.1	7897	7898	4408.76	42.1388
PF3D7_0419500.1	3397	3398	3942.69	87.5897
PF3D7_0419600.1	2021	2022	10316	385.136
PF3D7_0419700.1	2522	2523	4551.46	136.181
PF3D7_0419800.1	1760	1761	497.568	21.3293
PF3D7_0419900.1	17434	17435	14082.4	60.9732
PF3D7_0420000.1	12100	12101	5702.94	35.5763
PF3D7_0420100.1	3136	3137	2783.53	66.983
PF3D7_0420200.1	2711	2712	878.968	24.4662
PF3D7_0420300.1	12755	12756	12853	76.0629
PF3D7_0420400.1	1062	1063	6538.01	464.297
PF3D7_0420500.1	921	922	181.201	14.8359
PF3D7_0420600.1	2127	2128	5102.05	180.991
PF3D7_0420700.1	6459	6460	198.691	2.32182
PF3D7_0420800.1	135	136	0	0
PF3D7_0420900.1	6606	6607	158.275	1.80839
PF3D7_0421000.1	135	136	0	0
PF3D7_0421100.1	6546	6547	47.3373	0.545814
PF3D7_0421200.1	1041	1042	0	0
PF3D7_0421300.1	6582	6583	197.614	2.26609
PF3D7_0421400.1	135	136	0	0
PF3D7_0421500.1	1011	1012	104.917	7.82613
PF3D7_0421600.1	1296	1297	10	0.582028
PF3D7_0421700.1	5811	5812	1704.1	22.1337
PF3D7_0421800.1	255	256	17	5.01294
PF3D7_0421900.1	216	217	1101	383.011
PF3D7_0422000.1	2450	2451	1352.12	41.6442
PF3D7_0422100.1	2300	2301	5584.86	183.223
PF3D7_0422200.1	15070	15071	4780.38	23.9444
PF3D7_0422300.1	3770	3771	3194.04	63.9391
PF3D7_0422400.1	1987	1988	59578	2262.31
PF3D7_0422500.1	9275	9276	9760.52	79.4321
PF3D7_0422600.1	887	888	33.0113	2.80629
PF3D7_0422700.1	2179	2180	1086.77	37.6326
PF3D7_0422800.1	1413	1414	1914	102.182
PF3D7_0422900.1	1101	1102	2310	158.239
PF3D7_0423000.1	1374	1375	663	36.3994
PF3D7_0423100.1	1232	1233	5948.81	364.209
PF3D7_0423200.1	853	854	586.055	51.8041
PF3D7_0423300.1	2258	2259	1713.6	57.2634
PF3D7_0423400.1	1361	1362	1537.95	85.2413
PF3D7_0423500.1	2280	2281	30954.2	1024.42
PF3D7_0423600.1	5305	5306	10063.9	143.181
PF3D7_0423700.1	2211	2212	135697	4630.95
PF3D7_0423800.1	1821	1822	2003.19	82.9962
PF3D7_0423900.1	801	802	741.197	69.7658
PF3D7_0424000.1	1959	1960	1098	42.2892
PF3D7_0424100.1	2253	2254	3940.64	131.976
PF3D7_0424200.1	5581	5582	3828	51.7685
PF3D7_0424300.1	4293	4294	1420	24.9638
PF3D7_0424400.1	7985	7986	454.841	4.29946
PF3D7_0424500.1	4085	4086	35686.2	659.303
PF3D7_0424600.1	3804	3805	33216.5	658.996
PF3D7_0424700.1	7078	7079	14735.7	157.138
PF3D7_0424800.1	1300	1301	2262.09	131.255
PF3D7_0424900.1	1925	1926	461	18.0688
PF3D7_0425000.1	1137	1138	0	0
PF3D7_0425050.1	447	448	44	7.4141
PF3D7_0425100.1	837	838	1053	94.8567
PF3D7_0425200.1	1244	1245	553	33.5304
PF3D7_0425250.1	546	547	0	0
PF3D7_0425300.1	699	700	1	0.107841
PF3D7_0425400.1	696	697	32	3.46578
PF3D7_0425500.1	915	916	91.1082	7.50837
PF3D7_0425600.1	915	916	0	0
PF3D7_0425700.1	975	976	0	0
PF3D7_0425800.1	10662	10663	99.5385	0.704685
PF3D7_0425900.1	1536	1537	319.076	15.6712
PF3D7_0426000.1	6450	6451	53.1438	0.621884
PF3D7_0500100.1	6624	6625	447.656	5.10085
PF3D7_0500200.1	72	73	23.4581	24.258
PF3D7_0500300.1	1023	1024	16	1.17952
PF3D7_0500400.1	1125	1126	0	0
PF3D7_0500500.1	930	931	0	0
PF3D7_0500600.1	924	925	2	0.163219
PF3D7_0500700.1	275	276	27	7.38479
PF3D7_0500800.1	6015	6016	46145.9	579.04
PF3D7_0500900.1	2210	2211	1131	38.6151
PF3D7_0501000.1	1789	1790	5630.41	237.449
PF3D7_0501100.1	4267	4268	2217.45	39.2205
PF3D7_0501100.2	1173	1174	39.045	2.51062
PF3D7_0501200.1	2870	2871	12073.1	317.445
PF3D7_0501300.1	2875	2876	13382.9	351.274
PF3D7_0501400.1	7480	7481	54023.6	545.139
PF3D7_0501500.1	2194	2195	2480.61	85.3117
PF3D7_0501600.1	1753	1754	3086.89	132.854
PF3D7_0501700.1	2382	2383	823.315	26.0811
PF3D7_0501800.1	4523	4524	6212.68	103.667
PF3D7_0501900.1	1982	1983	615.544	23.4326
PF3D7_0502000.1	4661	4662	4114.55	66.6245
PF3D7_0502100.1	2143	2144	1084.45	38.1828
PF3D7_0502200.1	2342	2343	3389.65	109.211
PF3D7_0502300.1	1620	1621	243	11.3164
PF3D7_0502400.1	2639	2640	589.012	16.8424
PF3D7_0502500.1	1785	1786	118	4.98751
PF3D7_0502600.1	3012	3013	632.564	15.8485
PF3D7_0502700.1	1512	1513	2267	113.109
PF3D7_0502800.1	924	925	751.155	61.3015
PF3D7_0502900.1	1015	1016	1382.67	102.732
PF3D7_0503000.1	1240	1241	3903.37	237.439
PF3D7_0503100.1	2256	2257	3784.99	126.595
PF3D7_0503200.1	3617	3618	914.042	19.0713
PF3D7_0503300.1	3226	3227	791.662	18.5193
PF3D7_0503400.1	1983	1984	34461.7	1311.23
PF3D7_0503500.1	3518	3519	875.465	18.7803
PF3D7_0503600.1	3295	3296	5185.12	118.756
PF3D7_0503800.1	1099	1100	58546	4017.8
PF3D7_0503900.1	3128	3129	636.364	15.3527
PF3D7_0504000.1	8216	8217	3569.27	32.7906
PF3D7_0504100.1	1209	1210	301.1	18.7849
PF3D7_0504200.1	2207	2208	3014.36	103.058
PF3D7_0504300.1	983	984	110.304	8.46209
PF3D7_0504400.1	2533	2534	3843.72	114.506
PF3D7_0504500.1	1267	1268	774.068	46.0833
PF3D7_0504600.1	1788	1789	19224.4	811.195
PF3D7_0504700.1	7850	7851	3382.31	32.5216
PF3D7_0504800.1	17435	17436	23091.2	99.9733
PF3D7_0504900.1	877	878	25949.2	2231.07
PF3D7_0505000.1	10398	10399	3409.44	24.75
PF3D7_0505100.1	10290	10291	15342.9	112.547
PF3D7_0505200.1	2302	2303	279.07	9.14752
PF3D7_0505300.1	2698	2699	5073.27	141.895
PF3D7_0505400.1	3130	3131	4616.53	111.305
PF3D7_0505500.1	4705	4706	4360.01	69.9389
PF3D7_0505600.1	1441	1442	624.029	32.668
PF3D7_0505700.1	3764	3765	2269.07	45.4953
PF3D7_0505800.1	2222	2223	2491.95	84.6219
PF3D7_0505900.1	1327	1328	575.901	32.7366
PF3D7_0506000.1	1219	1220	3103.77	192.049
PF3D7_0506100.1	2409	2410	1318.37	41.2957
PF3D7_0506200.1	1374	1375	179.086	9.83199
PF3D7_0506300.1	1646	1647	9377.75	429.822
PF3D7_0506400.1	351	352	164	35.171
PF3D7_0506500.1	13082	13083	5931.73	34.2261
PF3D7_0506600.1	715	716	117	12.3355
PF3D7_0506700.1	3147	3148	5525.53	132.502
PF3D7_0506800.1	3964	3965	35988.5	685.179
PF3D7_0506900.1	3517	3518	10188.2	218.619
PF3D7_0507000.1	1217	1218	685.234	42.4693
PF3D7_0507100.1	2621	2622	23644.6	680.741
PF3D7_0507200.1	2931	2932	6949	178.913
PF3D7_0507300.1	3684	3685	1422.21	29.1347
PF3D7_0507400.1	1491	1492	1270.46	64.2798
PF3D7_0507500.1	3031	3032	1961.63	48.8394
PF3D7_0507600.1	3089	3090	4411.02	107.762
PF3D7_0507700.1	2423	2424	10595.8	329.979
PF3D7_0507800.1	6575	6576	10279.6	118.005
PF3D7_0507900.1	354	355	161	34.2358
PF3D7_0508000.1	2091	2092	1667.2	60.1604
PF3D7_0508100.1	5625	5626	72520.4	973.07
PF3D7_0508200.1	2708	2709	442.526	12.3314
PF3D7_0508300.1	3801	3802	1317.78	26.1645
PF3D7_0508400.1	1101	1102	82	5.61715
PF3D7_0508500.1	8442	8443	2923.58	26.1398
PF3D7_0508600.1	1102	1103	425	29.0869
PF3D7_0508700.1	4791	4792	2366.69	37.2828
PF3D7_0508800.1	2889	2890	1121.9	29.3049
PF3D7_0508900.1	10153	10154	15879.9	118.058
PF3D7_0509000.1	1875	1876	620.485	24.9679
PF3D7_0509100.1	6212	6213	8276.08	100.556
PF3D7_0509200.1	1017	1018	1062.42	78.783
PF3D7_0509300.1	1478	1479	541.313	27.6289
PF3D7_0509400.1	9749	9750	7107.21	55.0273
PF3D7_0509500.1	1648	1649	2291	104.879
PF3D7_0509600.1	2719	2720	4507.04	125.085
PF3D7_0509700.1	1188	1189	148	9.39644
PF3D7_0509800.1	5995	5996	17253.2	217.216
PF3D7_0509900.1	1709	1710	607	26.7964
PF3D7_0510000.1	3423	3424	1615.11	35.6084
PF3D7_0510100.1	9864	9865	11334	86.7301
PF3D7_0510200.1	3908	3909	2444.47	47.2067
PF3D7_0510300.1	924	925	30	2.44829
PF3D7_0510400.1	2381	2382	196.162	6.21665
PF3D7_0510500.1	3319	3320	9499.91	216.006
PF3D7_0510600.1	80	81	13	12.1155
PF3D7_0510700.1	1044	1045	95	6.86264
PF3D7_0510800.1	1929	1930	597	23.3507
PF3D7_0510900.1	158	159	2548	1209.72
PF3D7_0511000.1	1313	1314	2624	150.748
PF3D7_0511100.1	842	843	573	51.311
PF3D7_0511200.1	3741	3742	14270	287.875
PF3D7_0511300.1	4451	4452	6095.45	103.356
PF3D7_0511400.1	1146	1147	909	59.8252
PF3D7_0511500.1	32487	32488	59377.7	137.97
PF3D7_0511600.1	1325	1326	4781.27	272.197
PF3D7_0511700.1	1841	1842	1016.56	41.6606
PF3D7_0511800.1	2707	2708	60427.6	1684.5
PF3D7_0511900.1	2718	2719	724.043	20.102
PF3D7_0512000.1	817	818	14420.7	1330.81
PF3D7_0512100.1	605	606	566.319	70.5459
PF3D7_0512200.1	2649	2650	864.005	24.6124
PF3D7_0512300.1	2057	2058	183.225	6.72082
PF3D7_0512400.1	705	706	201	21.4919
PF3D7_0512450.1	1350	1351	387.07	21.6281
PF3D7_0512500.1	3706	3707	3098.85	63.1047
PF3D7_0512600.1	1763	1764	5689.89	243.494
PF3D7_0512700.1	1551	1552	557.564	27.1198
PF3D7_0512800.1	5687	5688	914.274	12.1339
PF3D7_0512900.1	849	850	6125	543.965
PF3D7_0513000.1	1388	1389	5667.5	308.016
PF3D7_0513100.1	1158	1159	1280.54	83.4052
PF3D7_0513200.1	9371	9372	3410.65	27.4719
PF3D7_0513300.1	1934	1935	350.531	13.675
PF3D7_0513400.1	1317	1318	1111.04	63.6351
PF3D7_0513500.1	825	826	616.066	56.3029
PF3D7_0513600.1	4866	4867	10246.8	158.931
PF3D7_0513700.1	2920	2921	646.078	16.6969
PF3D7_0513800.1	1155	1156	4739	309.466
PF3D7_0513900.1	1077	1078	339	23.7391
PF3D7_0514000.1	1303	1304	466	26.9769
PF3D7_0514100.1	4582	4583	3335	54.9325
PF3D7_0514200.1	3207	3208	999.074	23.5097
PF3D7_0514300.1	3910	3911	5893.24	113.75
PF3D7_0514400.1	73	74	0	0
PF3D7_0514500.1	1059	1060	593	42.2311
PF3D7_0514600.1	1981	1982	434.02	16.5306
PF3D7_0514700.1	4683	4684	401	6.46266
PF3D7_0514800.1	2971	2972	1376.22	34.9562
PF3D7_0514900.1	2004	2005	3982.9	149.958
PF3D7_0515000.1	3947	3948	1455.24	27.8254
PF3D7_0515100.1	1830	1831	1236.36	50.973
PF3D7_0515200.1	438	439	1694	291.295
PF3D7_0515300.1	6629	6630	18372.9	209.193
PF3D7_0515400.1	3187	3188	1757.64	41.6193
PF3D7_0515500.1	2883	2884	926	24.2381
PF3D7_0515600.1	4427	4428	3061.57	52.194
PF3D7_0515700.1	2833	2834	5163.37	137.536
PF3D7_0515800.1	1584	1585	542	25.8139
PF3D7_0515900.1	1762	1763	1482.37	63.473
PF3D7_0516000.1	4567	4568	2862.53	47.305
PF3D7_0516100.1	7676	7677	3544.61	34.8547
PF3D7_0516200.1	1997	1998	1406.49	53.1405
PF3D7_0516300.1	3841	3842	2066.33	40.6
PF3D7_0516400.1	1677	1678	434.986	19.5689
PF3D7_0516500.1	1329	1330	113	6.41373
PF3D7_0516600.1	7106	7107	7390.61	78.5014
PF3D7_0516700.1	5653	5654	10575.9	141.204
PF3D7_0516800.1	8693	8694	4502.73	39.0967
PF3D7_0516900.1	1709	1710	140930	6221.45
PF3D7_0517000.1	2161	2162	9719.43	339.366
PF3D7_0517100.1	2141	2142	2691.54	94.8561
PF3D7_0517200.1	2236	2237	1143.3	38.5815
PF3D7_0517300.1	4349	4350	2141.29	37.1595
PF3D7_0517400.1	3926	3927	11319.5	217.595
PF3D7_0517500.1	3084	3085	1634.14	39.9869
PF3D7_0517600.1	1715	1716	526.908	23.1794
PF3D7_0517700.1	2836	2837	5228	139.11
PF3D7_0517800.1	717	718	26	2.73358
PF3D7_0517900.1	2183	2184	15506	535.958
PF3D7_0518000.1	1243	1244	3523	213.784
PF3D7_0518100.1	4752	4753	5090.22	80.8449
PF3D7_0518200.1	1451	1452	752.647	39.1299
PF3D7_0518300.1	1662	1663	680.086	30.8713
PF3D7_0518400.1	690	691	57	6.22702
PF3D7_0518500.1	4129	4130	4046	73.9536
PF3D7_0518600.1	5230	5231	2460	35.5005
PF3D7_0518700.1	6186	6187	674.571	8.23059
PF3D7_0518800.1	612	613	770	94.823
PF3D7_0518900.1	585	586	486	62.6069
PF3D7_0519000.1	1947	1948	1433	55.5317
PF3D7_0519100.1	1133	1134	213.074	14.1841
PF3D7_0519200.1	1305	1306	8397.44	485.386
PF3D7_0519300.1	2735	2736	1881.05	51.9001
PF3D7_0519400.1	1417	1418	1361.79	72.4967
PF3D7_0519500.1	9147	9148	3817.94	31.5055
PF3D7_0519600.1	3604	3605	1240.5	25.9762
PF3D7_0519700.1	1881	1882	5213.06	209.101
PF3D7_0519800.1	4306	4307	8209.71	143.892
PF3D7_0519900.1	3002	3003	1353.26	34.0181
PF3D7_0520000.1	1500	1501	16506	830.127
PF3D7_0520100.1	3371	3372	1554.05	34.7905
PF3D7_0520200.1	3156	3157	613.054	14.6591
PF3D7_0520300.1	1191	1192	4043.99	256.104
PF3D7_0520400.1	1880	1881	323.786	12.9943
PF3D7_0520500.1	1352	1353	690	38.4977
PF3D7_0520600.1	1402	1403	2265	121.869
PF3D7_0520700.1	3454	3455	4098.45	89.5479
PF3D7_0520800.1	6866	6867	14150.1	155.552
PF3D7_0520900.1	2868	2869	9472.6	249.243
PF3D7_0521000.1	2801	2802	1085.68	29.2493
PF3D7_0521100.1	4581	4582	820	13.5096
PF3D7_0521200.1	1250	1251	2392	144.34
PF3D7_0521300.1	4994	4995	4259.2	64.3689
PF3D7_0521400.1	1961	1962	1718	66.101
PF3D7_0521500.1	1986	1987	7843.81	297.998
PF3D7_0521600.1	1816	1817	114.252	4.74671
PF3D7_0521700.1	3094	3095	1218.06	29.7093
PF3D7_0521800.1	1908	1909	517	20.4441
PF3D7_0521900.1	5328	5329	1894	26.8298
PF3D7_0522000.1	1294	1295	676.115	39.4126
PF3D7_0522100.1	3520	3521	2808.42	60.2116
PF3D7_0522200.1	1544	1545	7964.06	389.126
PF3D7_0522300.1	1724	1725	2015.29	88.1927
PF3D7_0522400.1	29306	29307	19524	50.29
PF3D7_0522500.1	501	502	4185	629.326
PF3D7_0522600.1	2918	2919	12799.7	331.016
PF3D7_0522700.1	1107	1108	882.547	60.1287
PF3D7_0522800.1	1750	1751	3613.45	155.783
PF3D7_0522900.1	5731	5732	985.784	12.9825
PF3D7_0523000.1	7141	7142	6859.26	72.5005
PF3D7_0523100.1	2749	2750	1623.85	44.5755
PF3D7_0523200.1	4376	4377	797.892	13.761
PF3D7_0523300.1	1510	1511	12352.3	617.118
PF3D7_0523400.1	2099	2100	27806	999.546
PF3D7_0523500.1	813	814	1230	114.068
PF3D7_0523600.1	1037	1038	341	24.7994
PF3D7_0523700.1	5376	5377	505.177	7.09231
PF3D7_0523800.1	5006	5007	558.019	8.41309
PF3D7_0523900.1	3875	3876	9481.95	184.67
PF3D7_0524000.1	6741	6742	10426.8	116.747
PF3D7_0524100.1	5544	5545	4081.54	55.5656
PF3D7_0524200.1	950	951	240	19.0508
PF3D7_0524300.1	2268	2269	4169.85	138.73
PF3D7_0524400.1	2142	2143	804.016	28.3222
PF3D7_0524500.1	1734	1735	790	34.3725
PF3D7_0524600.1	1715	1716	967.905	42.5794
PF3D7_0524700.1	1462	1463	28.3964	1.46522
PF3D7_0524800.1	3061	3062	1384.4	34.1303
PF3D7_0524900.1	4239	4240	2203.09	39.2238
PF3D7_0525000.1	4671	4672	2947.79	47.6296
PF3D7_0525100.1	3000	3001	6707.77	168.731
PF3D7_0525200.1	6994	6995	6888.66	74.3414
PF3D7_0525300.1	1747	1748	421	18.1813
PF3D7_0525400.1	1534	1535	2265.43	111.41
PF3D7_0525500.1	6224	6225	2364.82	28.6775
PF3D7_0525600.1	4079	4080	2935.52	54.3135
PF3D7_0525700.1	1500	1501	3509.68	176.511
PF3D7_0525800.1	1895	1896	5000.71	199.103
PF3D7_0525900.1	1090	1091	398	27.5386
PF3D7_0526000.1	3246	3247	714.371	16.6083
PF3D7_0526100.1	2089	2090	1681.29	60.7268
PF3D7_0526200.1	2842	2843	11197.8	297.329
PF3D7_0526200.2	2839	2840	2173.72	57.7788
PF3D7_0526300.1	1833	1834	2657.71	109.394
PF3D7_0526400.1	1748	1749	120.524	5.20197
PF3D7_0526500.1	4693	4694	5341.27	85.8984
PF3D7_0526600.1	17362	17363	17811.9	77.4408
PF3D7_0526700.1	2781	2782	678	18.3974
PF3D7_0526800.1	2412	2413	1011.19	31.6345
PF3D7_0526900.1	1653	1654	2696.72	123.079
PF3D7_0527000.1	4184	4185	10265.4	185.166
PF3D7_0527100.1	1505	1506	557.201	27.93
PF3D7_0527200.1	2534	2535	11188.8	333.187
PF3D7_0527300.1	2303	2304	1595.09	52.2619
PF3D7_0527400.1	3020	3021	5718.5	142.894
PF3D7_0527500.1	2571	2572	3099.84	90.9811
PF3D7_0527600.1	2296	2297	1234	40.5544
PF3D7_0527700.1	73	74	5	5.10061
PF3D7_0527800.1	83	84	29	26.0617
PF3D7_0527900.1	2487	2488	932.985	28.3079
PF3D7_0528000.1	920	921	611	50.0801
PF3D7_0528100.1	3827	3828	3375	66.5557
PF3D7_0528200.1	2430	2431	2413.5	74.9457
PF3D7_0528300.1	3332	3333	928.972	21.0402
PF3D7_0528400.1	3214	3215	3390.76	79.6159
PF3D7_0528500.1	1543	1544	4666.39	228.148
PF3D7_0528600.1	694	695	3913.05	425.025
PF3D7_0528700.1	1919	1920	581.287	22.8546
PF3D7_0528800.1	2525	2526	663.541	19.8298
PF3D7_0528900.1	1363	1364	550.083	30.4437
PF3D7_0529000.1	3837	3838	6084.62	119.677
PF3D7_0529100.1	890	891	428	36.2618
PF3D7_0529200.1	1647	1648	927.558	42.4881
PF3D7_0529300.1	1527	1528	902.865	44.6049
PF3D7_0529400.1	5907	5908	7335.48	93.7284
PF3D7_0529400.2	5667	5668	2144.52	28.5617
PF3D7_0529500.1	1121	1122	1428.08	96.0822
PF3D7_0529600.1	73	74	13	13.2616
PF3D7_0529700.1	4063	4064	673.476	12.5098
PF3D7_0529800.1	7317	7318	2695.68	27.8074
PF3D7_0529900.1	3218	3219	21505.7	504.333
PF3D7_0530000.1	2603	2604	14162.7	410.573
PF3D7_0530100.1	2118	2119	300.142	10.6925
PF3D7_0530200.1	2418	2419	9559.21	298.311
PF3D7_0530300.1	5813	5814	2375.75	30.8468
PF3D7_0530400.1	5880	5881	794	10.1918
PF3D7_0530500.1	3030	3031	287.463	7.15945
PF3D7_0530600.1	1771	1772	1283.54	54.68
PF3D7_0530700.1	4330	4331	3519.4	61.3429
PF3D7_0530750.1	849	850	98.4731	8.74545
PF3D7_0530800.1	1299	1300	1471.01	85.4191
PF3D7_0530900.1	8693	8694	4865	42.2422
PF3D7_0531000.1	2698	2699	1228.01	34.3464
PF3D7_0531100.1	9062	9063	1935.37	16.1204
PF3D7_0531200.1	1333	1334	502.56	28.4391
PF3D7_0531300.1	1303	1304	1213.69	70.2607
PF3D7_0531400.1	4313	4314	1963.85	34.3646
PF3D7_0531500.1	750	751	4585	460.875
PF3D7_0531600.1	2092	2093	278362	10039.8
PF3D7_0531800.1	159	160	1670.5	788.152
PF3D7_0532000.1	3790	3791	880445	17532
PF3D7_0532100.1	2553	2554	94052.4	2779.92
PF3D7_0532200.1	1022	1023	8913	657.706
PF3D7_0532300.1	3341	3342	2728.75	61.6369
PF3D7_0532400.1	3267	3268	5307	122.589
PF3D7_0532500.1	498	499	850	128.588
PF3D7_0532600.1	1288	1289	479	28.0522
PF3D7_0532700.1	849	850	64	5.68388
PF3D7_0532800.1	786	787	14	1.34288
PF3D7_0532900.1	957	958	0	0
PF3D7_0533000.1	1029	1030	81	5.93651
PF3D7_0533100.1	9495	9496	2967	23.5863
PF3D7_0600100.1	780	781	0	0
PF3D7_0600200.1	8640	8641	84.915	0.74183
PF3D7_0600300.1	1116	1117	4.40241	0.297523
PF3D7_0600400.1	5134	5135	99.6962	1.46562
PF3D7_0600500.1	1119	1120	2.43628	0.164208
PF3D7_0600600.1	1323	1324	20.5478	1.17155
PF3D7_0600700.1	1050	1051	0	0
PF3D7_0600800.1	1068	1069	0	0
PF3D7_0600900.1	963	964	8	0.626465
PF3D7_0601000.1	930	931	2663.58	215.973
PF3D7_0601100.1	693	694	4.86367	0.52904
PF3D7_0601200.1	1335	1336	511.229	28.8863
PF3D7_0601300.1	849	850	4.82087	0.428145
PF3D7_0601400.1	1548	1549	21.8677	1.0657
PF3D7_0601500.1	2955	2956	1211.15	30.9298
PF3D7_0601600.1	1504	1505	122.048	6.12179
PF3D7_0601700.1	870	871	664	57.5484
PF3D7_0601800.1	151	152	7	3.47647
PF3D7_0601900.1	3185	3186	5625.24	133.284
PF3D7_0602000.1	7338	7339	1206.34	12.4085
PF3D7_0602100.1	5413	5414	5243.49	73.1115
PF3D7_0602200.1	1614	1615	268.179	12.5353
PF3D7_0602300.1	945	946	173	13.8051
PF3D7_0602400.1	2994	2995	8703.79	219.379
PF3D7_0602500.1	2380	2381	318.451	10.0964
PF3D7_0602600.1	4940	4941	986.788	15.0762
PF3D7_0602700.1	1887	1888	101	4.03834
PF3D7_0602800.1	2591	2592	800.929	23.3261
PF3D7_0602900.1	2538	2539	698.049	20.7542
PF3D7_0603000.1	3599	3600	5673.18	118.962
PF3D7_0603100.1	2009	2010	11475.6	430.986
PF3D7_0603200.1	2094	2095	1170.05	42.1605
PF3D7_0603300.1	2602	2603	2194.61	63.6453
PF3D7_0603400.1	5312	5313	2560.91	36.3864
PF3D7_0603500.1	2347	2348	1451.14	46.6546
PF3D7_0603600.1	8390	8391	2466.51	22.1898
PF3D7_0603700.1	2193	2194	2500.46	86.0333
PF3D7_0603800.1	5744	5745	16085	211.356
PF3D7_0603900.1	1792	1793	328.035	13.811
PF3D7_0604000.1	6782	6783	563.135	6.26721
PF3D7_0604100.1	8210	8211	15550	142.962
PF3D7_0604200.1	799	800	237	22.3636
PF3D7_0604300.1	3081	3082	1323.98	32.429
PF3D7_0604400.1	537	538	129	18.1005
PF3D7_0604500.1	9868	9869	9768.89	74.7232
PF3D7_0604600.1	5139	5140	3808	55.9265
PF3D7_0604700.1	1532	1533	3575	176.042
PF3D7_0604800.1	4996	4997	966	14.5932
PF3D7_0604900.1	894	895	1051.72	88.7078
PF3D7_0605000.1	1083	1084	2561.67	178.393
PF3D7_0605100.1	5335	5336	2396.04	33.897
PF3D7_0605200.1	1101	1102	476.109	32.6143
PF3D7_0605300.1	1893	1894	841.345	33.5334
PF3D7_0605400.1	650	651	56.0314	6.49732
PF3D7_0605500.1	2283	2284	529.006	17.4843
PF3D7_0605600.1	5487	5488	3300	45.3924
PF3D7_0605700.1	855	856	137	12.0818
PF3D7_0605800.1	8661	8662	4399.86	38.3446
PF3D7_0605900.1	3012	3013	3962.91	99.2884
PF3D7_0606000.1	6030	6031	6216.17	77.8067
PF3D7_0606100.1	2721	2722	2962.9	82.1698
PF3D7_0606200.1	1919	1920	520.792	20.4761
PF3D7_0606300.1	1223	1224	375	23.1278
PF3D7_0606400.1	378	379	398	79.2734
PF3D7_0606500.1	4429	4430	1163.12	19.82
PF3D7_0606600.1	9404	9405	8472.62	68.0053
PF3D7_0606700.1	5460	5461	12868.3	177.882
PF3D7_0606800.1	2682	2683	5979.89	168.25
PF3D7_0606900.1	2483	2484	310.803	9.44532
PF3D7_0607000.1	5841	5842	12994.9	167.916
PF3D7_0607100.1	1419	1420	232	12.3334
PF3D7_0607200.1	2048	2049	2698.19	99.4063
PF3D7_0607300.1	2142	2143	4229.26	148.979
PF3D7_0607400.1	2465	2466	7263.66	222.355
PF3D7_0607500.1	2992	2993	259.915	6.55553
PF3D7_0607600.1	6287	6288	1403.38	16.8479
PF3D7_0607700.1	9924	9925	3383.52	25.7348
PF3D7_0607800.1	2596	2597	1814.36	52.7395
PF3D7_0607900.1	3303	3304	7551.72	172.54
PF3D7_0608000.1	1154	1155	3944.45	257.803
PF3D7_0608100.1	5684	5685	17494.5	232.303
PF3D7_0608200.1	591	592	960.221	122.443
PF3D7_0608300.1	5462	5463	6402.04	88.4649
PF3D7_0608310.1	1760	1761	580.043	24.8648
PF3D7_0608400.1	524	525	2259.69	324.917
PF3D7_0608500.1	2790	2791	2364.44	63.9517
PF3D7_0608600.1	1546	1547	597.487	29.1556
PF3D7_0608700.1	3688	3689	2748.56	56.2446
PF3D7_0608800.1	1861	1862	232697	9433.97
PF3D7_0608900.1	4370	4371	11805	203.876
PF3D7_0609000.1	19584	19585	29525.5	113.804
PF3D7_0609100.1	2846	2847	906.866	24.0458
PF3D7_0609200.1	2177	2178	186	6.44672
PF3D7_0609300.1	3089	3090	2420.24	59.1267
PF3D7_0609400.1	2756	2757	3120.36	85.4381
PF3D7_0609500.1	3204	3205	659	15.5218
PF3D7_0609600.1	3774	3775	900	17.9974
PF3D7_0609700.1	7392	7393	9753.78	99.5946
PF3D7_0609800.1	2110	2111	572.423	20.4698
PF3D7_0609900.1	8471	8472	3351.36	29.862
PF3D7_0610000.1	1664	1665	3271.43	148.323
PF3D7_0610100.1	2121	2122	958	34.0803
PF3D7_0610200.1	3682	3683	11131.7	228.162
PF3D7_0610300.1	414	415	168	30.5594
PF3D7_0610400.1	1222	1223	23094.7	1425.51
PF3D7_0610500.1	1996	1997	2628.15	99.3471
PF3D7_0610600.1	2467	2468	1409.6	43.1155
PF3D7_0610700.1	455	456	644	106.612
PF3D7_0610800.1	2752	2753	2060.92	56.5116
PF3D7_0610900.1	4823	4824	8026.6	125.605
PF3D7_0611000.1	1858	1859	795.014	32.2834
PF3D7_0611100.1	491	492	633.46	97.1935
PF3D7_0611200.1	1606	1607	9832.35	461.876
PF3D7_0611300.1	1504	1505	367.287	18.4227
PF3D7_0611400.1	3382	3383	1197.78	26.7274
PF3D7_0611500.1	1083	1084	183	12.744
PF3D7_0611600.1	2826	2827	4886.37	130.48
PF3D7_0611700.1	534	535	8861	1250.3
PF3D7_0611800.1	10682	10683	3785.58	26.75
PF3D7_0611900.1	1992	1993	364.963	13.8237
PF3D7_0612000.1	1673	1674	1037.48	46.7851
PF3D7_0612100.1	3234	3235	1926.08	44.9452
PF3D7_0612200.1	6241	6242	47553.4	575.097
PF3D7_0612300.1	729	730	471	48.7059
PF3D7_0612400.1	1036	1037	172	12.5208
PF3D7_0612500.1	366	367	1083	222.764
PF3D7_0612600.1	2795	2796	2810.1	75.8697
PF3D7_0612700.1	2115	2116	20710.3	738.846
PF3D7_0612800.1	1566	1567	1692.68	81.5434
PF3D7_0612900.1	2973	2974	3195.73	81.1172
PF3D7_0613000.1	1134	1135	559.668	37.2236
PF3D7_0613000.2	351	352	127.868	27.4223
PF3D7_0613000.3	357	358	155.998	32.8943
PF3D7_0613100.1	1348	1349	878.356	49.1521
PF3D7_0613200.1	693	694	2136.54	232.399
PF3D7_0613300.1	5275	5276	2115.58	30.2697
PF3D7_0613400.1	1107	1108	6960.97	474.257
PF3D7_0613500.1	4645	4646	2116.03	34.3816
PF3D7_0613600.1	4359	4360	1634.89	28.3065
PF3D7_0613700.1	3907	3908	41203.1	795.9
PF3D7_0613800.1	12782	12783	25554	150.907
PF3D7_0613900.1	7340	7341	21029.9	216.255
PF3D7_0614000.1	2480	2481	13921.6	423.591
PF3D7_0614100.1	3889	3890	1330.08	25.8114
PF3D7_0614200.1	2863	2864	9679.17	255.123
PF3D7_0614300.1	5912	5913	7907.54	100.953
PF3D7_0614400.1	3840	3841	11968	235.212
PF3D7_0614500.1	2576	2577	4083.87	119.63
PF3D7_0614600.1	2364	2365	822.2	26.244
PF3D7_0614700.1	2297	2298	1061.17	34.8592
PF3D7_0614800.1	1984	1985	4491.31	170.803
PF3D7_0614900.1	4015	4016	11546.6	217.042
PF3D7_0615000.1	917	918	251.742	20.7012
PF3D7_0615100.1	1724	1725	86.4572	3.78352
PF3D7_0615200.1	1379	1380	691	37.7992
PF3D7_0615300.1	2653	2654	7073	201.181
PF3D7_0615400.1	10916	10917	17021.1	117.697
PF3D7_0615500.1	3543	3544	11091.3	236.251
PF3D7_0615600.1	8190	8191	9546.59	87.9822
PF3D7_0615700.1	1120	1121	144.078	9.70235
PF3D7_0615800.1	4272	4273	1868.29	33.0061
PF3D7_0615900.1	6655	6656	3727.04	42.2702
PF3D7_0616000.1	2490	2491	506	15.3342
PF3D7_0616100.1	923	924	1504.85	122.943
PF3D7_0616200.1	2095	2096	44132.6	1589.47
PF3D7_0616300.1	1323	1324	353.921	20.1791
PF3D7_0616400.1	6024	6025	936.29	11.7311
PF3D7_0616500.1	4116	4117	1769	32.4362
PF3D7_0616600.1	2057	2058	4857.87	178.19
PF3D7_0616700.1	3101	3102	736.939	17.9338
PF3D7_0616800.1	3156	3157	2944.67	70.4118
PF3D7_0616900.1	5429	5430	2020.21	28.0854
PF3D7_0617000.1	1968	1969	327.991	12.5748
PF3D7_0617100.1	6197	6198	3605.03	43.9077
PF3D7_0617200.1	4684	4685	5528.6	89.0818
PF3D7_0617300.1	1028	1029	803	58.9093
PF3D7_0617400.1	7934	7935	131.176	1.24793
PF3D7_0617500.1	1014	1015	4	0.297494
PF3D7_0617600.1	1418	1419	12.0122	0.639036
PF3D7_0617700.1	996	997	7	0.530013
PF3D7_0617800.1	1957	1958	129538	4994.24
PF3D7_0617900.1	2659	2660	142903	4055.48
PF3D7_0618000.1	4377	4378	1936.95	33.3985
PF3D7_0618100.1	2846	2847	2332.11	61.8366
PF3D7_0618200.1	1495	1496	1831.14	92.4003
PF3D7_0618300.1	2055	2056	9022.06	331.258
PF3D7_0618400.1	1797	1798	411	17.2558
PF3D7_0618500.1	1561	1562	6761.86	326.79
PF3D7_0618600.1	825	826	2263	206.818
PF3D7_0618700.1	1248	1249	3741.13	226.112
PF3D7_0618800.1	3712	3713	3080.3	62.6255
PF3D7_0618900.1	3086	3087	1261.32	30.8441
PF3D7_0618900.2	1731	1732	5409.71	235.782
PF3D7_0619000.1	6087	6088	9751.57	120.916
PF3D7_0619000.2	5394	5395	35298.8	493.915
PF3D7_0619100.1	1775	1776	1462	62.1424
PF3D7_0619200.1	3962	3963	14503.1	276.262
PF3D7_0619300.1	11256	11257	5636	37.7948
PF3D7_0619400.1	3473	3474	13392.2	291.008
PF3D7_0619500.1	4750	4751	9778.55	155.372
PF3D7_0619600.1	3341	3342	1125.14	25.4146
PF3D7_0619700.1	1979	1980	883	33.665
PF3D7_0619800.1	8720	8721	5359.12	46.3885
PF3D7_0619900.1	1925	1926	413	16.1874
PF3D7_0620000.1	1518	1519	263	13.0702
PF3D7_0620100.1	1186	1187	391.009	24.8668
PF3D7_0620200.1	1491	1492	170.81	8.6423
PF3D7_0620300.1	2830	2831	1530	40.7978
PF3D7_0620400.1	2039	2040	3394.71	125.619
PF3D7_0620500.1	3504	3505	2551.08	54.9438
PF3D7_0620600.1	1625	1626	1443.63	67.0224
PF3D7_0620700.1	2033	2034	2959.39	109.834
PF3D7_0620800.1	72	73	14	14.4773
PF3D7_0620900.1	81	82	82	75.489
PF3D7_0621000.1	3073	3074	3132.16	76.9173
PF3D7_0621100.1	4958	4959	3562.25	54.2268
PF3D7_0621200.1	1971	1972	3669	140.451
PF3D7_0621300.1	4493	4494	1341.63	22.5364
PF3D7_0621350.1	417	418	14.2282	2.56955
PF3D7_0621400.1	2490	2491	156.021	4.72818
PF3D7_0621500.1	1323	1324	1153.06	65.7429
PF3D7_0621600.1	82	83	170	154.616
PF3D7_0621700.1	5908	5909	1274.86	16.2867
PF3D7_0621800.1	1756	1757	1305	56.0689
PF3D7_0621900.1	3326	3327	4308.07	97.7493
PF3D7_0622000.1	979	980	372	28.655
PF3D7_0622100.1	4766	4767	473.143	7.49257
PF3D7_0622200.1	2997	2998	8698.66	219.03
PF3D7_0622300.1	3055	3056	257.158	6.3523
PF3D7_0622400.1	895	896	315.026	26.5413
PF3D7_0622500.1	1946	1947	227	8.80123
PF3D7_0622600.1	646	647	2146	250.385
PF3D7_0622700.1	1917	1918	2409.42	94.8305
PF3D7_0622800.1	5966	5967	11906.8	150.633
PF3D7_0622900.1	8900	8901	11962.8	101.456
PF3D7_0623000.1	2438	2439	10981	339.871
PF3D7_0623100.1	4094	4095	7302.09	134.61
PF3D7_0623200.1	2530	2531	415.882	12.404
PF3D7_0623300.1	1701	1702	1705.9	75.6618
PF3D7_0623400.1	1284	1285	496	29.1382
PF3D7_0623500.1	1073	1074	342.057	24.0424
PF3D7_0623600.1	3178	3179	584.31	13.8751
PF3D7_0623700.1	3723	3724	3494	70.8267
PF3D7_0623800.1	11662	11663	6907.51	44.709
PF3D7_0623900.1	1364	1365	18137.6	1003.07
PF3D7_0624000.1	3051	3052	574.928	14.2204
PF3D7_0624100.1	2041	2042	483.495	17.8739
PF3D7_0624200.1	1364	1365	5645.53	312.216
PF3D7_0624300.1	558	559	1399	188.925
PF3D7_0624400.1	2324	2325	7829.43	254.209
PF3D7_0624500.1	2773	2774	2064.24	56.1741
PF3D7_0624600.1	10910	10911	27770.5	192.133
PF3D7_0624700.1	1301	1302	920.609	53.3762
PF3D7_0624800.1	1875	1876	230	9.25505
PF3D7_0624900.1	1986	1987	1347.28	51.1853
PF3D7_0625000.1	2273	2274	288.143	9.56536
PF3D7_0625000.2	1386	1387	65.9146	3.58748
PF3D7_0625100.1	1200	1201	256	16.0909
PF3D7_0625200.1	1931	1932	2192.55	85.6696
PF3D7_0625300.1	4944	4945	11965.6	182.663
PF3D7_0625400.1	2503	2504	922.279	27.8043
PF3D7_0625500.1	3240	3241	2136.82	49.7706
PF3D7_0625600.1	4447	4448	2898.69	49.195
PF3D7_0625700.1	1264	1265	67.004	3.99847
PF3D7_0625800.1	2554	2555	616	18.2001
PF3D7_0625900.1	981	982	89	6.84167
PF3D7_0626000.1	6755	6756	2670.34	29.8373
PF3D7_0626100.1	1583	1584	1075.8	51.2697
PF3D7_0626200.1	1685	1686	1350.2	60.4538
PF3D7_0626300.1	1422	1423	1082	57.3992
PF3D7_0626400.1	3782	3783	3062	61.1016
PF3D7_0626500.1	2844	2845	297	7.88057
PF3D7_0626600.1	1074	1075	189.581	13.3128
PF3D7_0626700.1	2531	2532	823.271	24.545
PF3D7_0626800.1	3264	3265	16627	384.428
PF3D7_0626840.1	229	230	15	4.92319
PF3D7_0626900.1	1859	1860	990.563	40.2025
PF3D7_0627000.1	3500	3501	2388.77	51.5069
PF3D7_0627100.1	7312	7313	11564.8	119.378
PF3D7_0627200.1	748	749	806	81.2338
PF3D7_0627300.1	2043	2044	43489	1606.13
PF3D7_0627400.1	1243	1244	200.442	12.1633
PF3D7_0627500.1	1695	1696	3734.03	166.202
PF3D7_0627600.1	2438	2439	380.354	11.7723
PF3D7_0627700.1	7580	7581	4150.93	41.3336
PF3D7_0627800.1	4176	4177	3937.15	71.1544
PF3D7_0627900.1	2567	2568	1143.37	33.6105
PF3D7_0628000.1	997	998	55.1671	4.17286
PF3D7_0628100.1	32160	32161	72753	170.767
PF3D7_0628200.1	11064	11065	20749.6	141.561
PF3D7_0628300.1	3394	3395	36267.3	806.417
PF3D7_0628400.1	1417	1418	568	30.2382
PF3D7_0628500.1	1471	1472	1341.02	68.7717
PF3D7_0628600.1	1657	1658	26946	1226.86
PF3D7_0628700.1	2754	2755	2712.42	74.3222
PF3D7_0628800.1	4147	4148	1526.41	27.7789
PF3D7_0628900.1	4329	4330	514.011	8.96123
PF3D7_0629000.1	914	915	776	64.0213
PF3D7_0629100.1	2904	2905	1511.84	39.2864
PF3D7_0629200.1	3703	3704	6796.98	138.525
PF3D7_0629300.1	3317	3318	1711.22	38.9326
PF3D7_0629400.1	4785	4786	2526.16	39.8448
PF3D7_0629500.1	3731	3732	1497.13	30.2832
PF3D7_0629600.1	2281	2282	1102.21	36.4613
PF3D7_0629700.1	21239	21240	29499.9	104.845
PF3D7_0629800.1	4244	4245	2316.47	41.1938
PF3D7_0629900.1	3211	3212	876.351	20.5962
PF3D7_0630000.1	843	844	119	10.6436
PF3D7_0630100.1	2658	2659	2372.39	67.3521
PF3D7_0630200.1	408	409	438	80.8415
PF3D7_0630300.1	10085	10086	6093.22	45.6049
PF3D7_0630400.1	2202	2203	614.841	21.0684
PF3D7_0630500.1	2859	2860	2742	72.3744
PF3D7_0630600.1	3115	3116	12637.1	306.15
PF3D7_0630700.1	2671	2672	550.908	15.5642
PF3D7_0630800.1	1484	1485	1486.36	75.5583
PF3D7_0630900.1	2694	2695	4149.89	116.242
PF3D7_0631000.1	2532	2533	1120.91	33.4056
PF3D7_0631100.1	2951	2952	1512.87	38.6874
PF3D7_0631200.1	1419	1420	0	0
PF3D7_0631300.1	849	850	0	0
PF3D7_0631400.1	696	697	292.216	31.6486
PF3D7_0631500.1	693	694	0	0
PF3D7_0631600.1	930	931	2663.58	215.973
PF3D7_0631700.1	1083	1084	0	0
PF3D7_0631800.1	1029	1030	2.40691	0.176403
PF3D7_0631900.1	912	913	11.2188	0.927595
PF3D7_0632000.1	1113	1114	1	0.0677639
PF3D7_0632100.1	972	973	6.45852	0.501076
PF3D7_0632200.1	1134	1135	1.3872	0.0922631
PF3D7_0632250.1	204	205	16	5.89182
PF3D7_0632300.1	1080	1081	0	0
PF3D7_0632400.1	1134	1135	51.7945	3.44486
PF3D7_0632500.1	11865	11866	296.883	1.88871
PF3D7_0632600.1	1050	1051	68.4281	4.91491
PF3D7_0632700.1	1131	1132	0	0
PF3D7_0632800.1	6717	6718	187.142	2.10288
PF3D7_0700100.1	6861	6862	44.6376	0.491059
PF3D7_0700200.1	972	973	84.253	6.53667
PF3D7_0700300.1	951	952	0	0
PF3D7_0700400.1	903	904	0	0
PF3D7_0700500.1	1074	1075	15.4755	1.08673
PF3D7_0700600.1	870	871	0	0
PF3D7_0700700.1	864	865	10	0.872705
PF3D7_0700800.1	1433	1434	71.9917	3.78981
PF3D7_0700900.1	1053	1054	1	0.0716214
PF3D7_0701000.1	1548	1549	49.6519	2.41974
PF3D7_0701100.1	990	991	0	0
PF3D7_0701200.1	924	925	8.59309	0.701279
PF3D7_0701300.1	1083	1084	0	0
PF3D7_0701400.1	927	928	21.9016	1.78161
PF3D7_0701500.1	693	694	14.8953	1.62022
PF3D7_0701600.1	1321	1322	514.088	29.3555
PF3D7_0701700.1	849	850	2.03101	0.180375
PF3D7_0701800.1	996	997	1	0.0757161
PF3D7_0701900.1	4227	4228	1403	25.0499
PF3D7_0702000.1	2459	2460	1287.93	39.5222
PF3D7_0702100.1	2016	2017	3533	132.227
PF3D7_0702200.1	3872	3873	2030.24	39.5716
PF3D7_0702300.1	3548	3549	1173.01	24.9506
PF3D7_0702400.1	2842	2843	5654.83	150.15
PF3D7_0702500.1	2449	2450	1064.36	32.7947
PF3D7_0702600.1	264	265	303	86.3138
PF3D7_0702700.1	73	74	2	2.04024
PF3D7_0702800.1	84	85	12	10.6573
PF3D7_0702900.1	1349	1350	1432.08	80.079
PF3D7_0703000.1	5771	5772	1241.5	16.2369
PF3D7_0703100.1	1347	1348	221.795	12.4207
PF3D7_0703200.1	5429	5430	4247.77	59.0533
PF3D7_0703300.1	973	974	47	3.64269
PF3D7_0703400.1	3027	3028	1042	25.9774
PF3D7_0703500.1	9778	9779	11593.3	89.4948
PF3D7_0703600.1	1819	1820	2081.67	86.3425
PF3D7_0703700.1	1665	1666	762.822	34.5646
PF3D7_0703800.1	3177	3178	400	9.50145
PF3D7_0703900.1	13906	13907	7220.65	39.1946
PF3D7_0704000.1	10298	10299	6293.99	46.1333
PF3D7_0704100.1	11359	11360	8774.35	58.3069
PF3D7_0704200.1	4263	4264	2386.14	42.2437
PF3D7_0704300.1	7537	7538	12083.4	121.008
PF3D7_0704400.1	4115	4116	607.807	11.1474
PF3D7_0704500.1	5894	5895	6002.41	76.8645
PF3D7_0704600.1	14398	14399	28698.9	150.459
PF3D7_0704700.1	5402	5403	2025.66	28.3019
PF3D7_0704800.1	4297	4298	3714.14	65.2342
PF3D7_0704900.1	1119	1120	628	42.3278
PF3D7_0705000.1	4854	4855	5303.41	82.4611
PF3D7_0705100.1	3509	3510	3393.36	72.9804
PF3D7_0705200.1	5061	5062	286.046	4.26576
PF3D7_0705300.1	3291	3292	13735	314.958
PF3D7_0705400.1	3195	3196	4505	106.407
PF3D7_0705500.1	10458	10459	21503.8	155.206
PF3D7_0705600.1	4319	4320	1119.01	19.554
PF3D7_0705700.1	1422	1423	13374.1	709.487
PF3D7_0705800.1	582	583	344	44.5424
PF3D7_0705900.1	1466	1467	416.109	21.4122
PF3D7_0706000.1	5266	5267	30106.3	431.497
PF3D7_0706100.1	5580	5581	7273.78	98.3857
PF3D7_0706200.1	1072	1073	952	66.9762
PF3D7_0706300.1	1090	1091	1625	112.438
PF3D7_0706400.1	1953	1954	3488.24	134.762
PF3D7_0706500.1	7137	7138	2695.15	28.503
PF3D7_0706600.1	2883	2884	1526.04	39.9442
PF3D7_0706700.1	2622	2623	528	15.1956
PF3D7_0706800.1	73	74	12	12.2415
PF3D7_0706900.1	72	73	14	14.4773
PF3D7_0707000.1	73	74	2	2.04024
PF3D7_0707100.1	73	74	2	2.04024
PF3D7_0707200.1	6869	6870	1721.92	18.9208
PF3D7_0707300.1	4727	4728	18840.4	300.812
PF3D7_0707400.1	3069	3070	1492.03	36.6879
PF3D7_0707420.1	348	349	144	31.1473
PF3D7_0707500.1	5962	5963	2111.22	26.7272
PF3D7_0707600.1	1709	1710	430.106	18.9873
PF3D7_0707700.1	3853	3854	5200.54	101.864
PF3D7_0707800.1	4760	4761	8562.67	135.767
PF3D7_0707900.1	1989	1990	493.776	18.731
PF3D7_0708000.1	3311	3312	4744	108.128
PF3D7_0708100.1	1268	1269	370	22.0102
PF3D7_0708200.1	2865	2866	737.309	19.4203
PF3D7_0708300.1	1384	1385	87.131	4.74905
PF3D7_0708400.1	4313	4314	33650	588.829
PF3D7_0708500.1	3461	3462	2916.17	63.5871
PF3D7_0708600.1	759	760	945	93.8646
PF3D7_0708700.1	1939	1940	385.846	15.014
PF3D7_0708800.1	5300	5301	14292	203.525
PF3D7_0708900.1	1910	1911	4866.88	192.253
PF3D7_0709000.1	2136	2137	3895.81	137.619
PF3D7_0709050.1	629	630	310.241	37.1742
PF3D7_0709100.1	4223	4224	5625.07	100.528
PF3D7_0709200.1	1070	1071	434	30.5903
PF3D7_0709300.1	8877	8878	8560.26	72.7873
PF3D7_0709400.1	4452	4453	21970.4	372.45
PF3D7_0709500.1	2010	2011	1112.85	41.7743
PF3D7_0709600.1	4030	4031	1188.07	22.2491
PF3D7_0709700.1	1771	1772	2735.92	116.553
PF3D7_0709800.1	1072	1073	2107.25	148.252
PF3D7_0709900.1	7445	7446	3028.74	30.706
PF3D7_0710000.1	10490	10491	9634.21	69.3239
PF3D7_0710100.1	2272	2273	1228.59	40.803
PF3D7_0710200.1	10111	10112	5854.95	43.7089
PF3D7_0710300.1	1335	1336	138.173	7.8073
PF3D7_0710400.1	1619	1620	856.477	39.9102
PF3D7_0710500.1	1128	1129	3198.53	213.865
PF3D7_0710600.1	1383	1384	31792.2	1734.08
PF3D7_0710700.1	1638	1639	8446.91	389.048
PF3D7_0710800.1	1819	1820	4978.19	206.483
PF3D7_0710900.1	2069	2070	941.669	34.3409
PF3D7_0711000.1	4968	4969	6638.63	100.854
PF3D7_0711100.1	2489	2490	410.078	12.4323
PF3D7_0711200.1	3649	3650	1420.76	29.384
PF3D7_0711300.1	1111	1112	8248.62	559.964
PF3D7_0711400.1	3334	3335	1210.72	27.405
PF3D7_0711500.1	3325	3326	2871.65	65.1769
PF3D7_0711600.1	135	136	2	1.11013
PF3D7_0711700.1	6648	6649	430.999	4.89332
PF3D7_0711800.1	135	136	2	1.11013
PF3D7_0711900.1	1074	1075	0	0
PF3D7_0712000.1	6828	6829	304.038	3.36089
PF3D7_0712100.1	135	136	1.33333	0.740088
PF3D7_0712200.1	1017	1018	9	0.667388
PF3D7_0712300.1	6804	6805	69.2056	0.767709
PF3D7_0712400.1	6195	6196	39.6999	0.483684
PF3D7_0712500.1	1137	1138	8	0.530678
PF3D7_0712600.1	6648	6649	202.563	2.29978
PF3D7_0712700.1	135	136	0	0
PF3D7_0712800.1	6720	6721	689.549	7.74488
PF3D7_0712900.1	6579	6580	50.7301	0.582
PF3D7_0713000.1	1041	1042	1	0.0724462
PF3D7_0713100.1	1320	1321	285.734	16.3284
PF3D7_0713200.1	2066	2067	20.4818	0.748018
PF3D7_0713300.1	1224	1225	3	0.184871
PF3D7_0713400.1	1543	1544	861	42.0959
PF3D7_0713500.1	3984	3985	905.165	17.1468
PF3D7_0713600.1	3009	3010	1219.33	30.5802
PF3D7_0713700.1	1199	1200	2294	144.31
PF3D7_0713800.1	1557	1558	1009.23	48.8998
PF3D7_0713900.1	14840	14841	14182.4	72.1392
PF3D7_0714000.1	1798	1799	849.198	35.6338
PF3D7_0714100.1	2049	2050	170	6.26006
PF3D7_0714200.1	4677	4678	5665.39	91.4226
PF3D7_0714300.1	4726	4727	5689	90.8519
PF3D7_0714400.1	1664	1665	218	9.88384
PF3D7_0714500.1	3223	3224	8858.53	207.42
PF3D7_0714600.1	2615	2616	3073.59	88.6936
PF3D7_0714700.1	72	73	12	12.4091
PF3D7_0714800.1	80	81	0	0
PF3D7_0714900.1	82	83	43	39.1088
PF3D7_0715000.1	1435	1436	330.22	17.3593
PF3D7_0715100.1	553	554	443	60.3639
PF3D7_0715200.1	7378	7379	3453.1	35.3261
PF3D7_0715300.1	3268	3269	1042.91	24.0833
PF3D7_0715400.1	1220	1221	533	32.953
PF3D7_0715500.1	919	920	1207	99.0383
PF3D7_0715600.1	2919	2920	3267.79	84.4802
PF3D7_0715700.1	1106	1107	48.1191	3.28135
PF3D7_0715800.1	2090	2091	3449.52	124.534
PF3D7_0715900.1	3313	3314	1907.94	43.4607
PF3D7_0716000.1	4121	4122	3818.46	69.9301
PF3D7_0716100.1	4209	4210	3466.36	62.1548
PF3D7_0716200.1	3227	3228	22725.8	531.458
PF3D7_0716300.1	2947	2948	8547.51	218.875
PF3D7_0716400.1	1157	1158	5022.88	327.437
PF3D7_0716500.1	1694	1695	3622	161.31
PF3D7_0716600.1	2101	2102	1838	66.008
PF3D7_0716700.1	3068	3069	12759	313.836
PF3D7_0716800.1	1954	1955	2075.89	80.157
PF3D7_0716900.1	2852	2853	1965.4	52.0036
PF3D7_0717000.1	1854	1855	1960.28	79.7734
PF3D7_0717100.1	3220	3221	2555	59.8803
PF3D7_0717200.1	2243	2244	998.747	33.5982
PF3D7_0717300.1	2799	2800	35733.9	963.398
PF3D7_0717400.1	3444	3445	2737.17	59.9787
PF3D7_0717500.1	3012	3013	12240.3	306.673
PF3D7_0717600.1	3875	3876	54651.9	1064.4
PF3D7_0717700.1	2251	2252	31638	1060.53
PF3D7_0717800.1	4593	4594	1227.57	20.1715
PF3D7_0717900.1	2326	2327	3742.6	121.412
PF3D7_0718000.1	17541	17542	1742.1	7.49683
PF3D7_0718100.1	9090	9091	3510.71	29.1519
PF3D7_0718300.1	7632	7633	798	7.89208
PF3D7_0718400.1	1548	1549	1039.04	50.6366
PF3D7_0718500.1	1519	1520	1937.43	96.22
PF3D7_0718600.1	3824	3825	1201.26	23.7076
PF3D7_0718700.1	1781	1782	1631.74	69.1236
PF3D7_0718800.1	822	823	35	3.21035
PF3D7_0718900.1	705	706	2	0.21385
PF3D7_0719000.1	1523	1524	1227.07	60.781
PF3D7_0719100.1	1097	1098	6887.06	473.495
PF3D7_0719200.1	1543	1544	202.02	9.87712
PF3D7_0719300.1	4737	4738	3959.77	63.0896
PF3D7_0719400.1	5669	5670	3940.64	52.4648
PF3D7_0719500.1	2179	2180	2989.72	103.528
PF3D7_0719600.1	2688	2689	1904.85	53.4754
PF3D7_0719700.1	2931	2932	1486.65	38.2761
PF3D7_0719800.1	2727	2728	1805.28	49.9554
PF3D7_0719900.1	10536	10537	12248.8	87.753
PF3D7_0720000.1	1287	1288	198	11.6047
PF3D7_0720100.1	1493	1494	205	10.3583
PF3D7_0720200.1	904	905	3319.38	276.881
PF3D7_0720300.1	315	316	2511	599.851
PF3D7_0720400.1	2857	2858	3584.79	94.6859
PF3D7_0720500.1	1561	1562	581.44	28.1001
PF3D7_0720600.1	2365	2366	2927.63	93.4083
PF3D7_0720700.1	8463	8464	11768.3	104.96
PF3D7_0720800.1	1039	1040	8583.88	623.066
PF3D7_0720900.1	1605	1606	8175.59	384.288
PF3D7_0721000.1	11177	11178	8795.39	59.3984
PF3D7_0721100.1	1986	1987	13846.5	526.047
PF3D7_0721200.1	3524	3525	462.007	9.89403
PF3D7_0721300.1	4251	4252	3358.8	59.6313
PF3D7_0721400.1	1668	1669	2756.28	124.667
PF3D7_0721500.1	2626	2627	3484.8	100.139
PF3D7_0721600.1	1532	1533	20617.4	1015.26
PF3D7_0721700.1	2197	2198	551.682	18.9472
PF3D7_0721800.1	1317	1318	2855.34	163.541
PF3D7_0721900.1	1043	1044	2474.7	178.939
PF3D7_0722000.1	2068	2069	20744.8	756.888
PF3D7_0722100.1	2524	2525	960.152	28.7053
PF3D7_0722200.1	3241	3242	60334.3	1404.87
PF3D7_0722300.1	5059	5060	5432.8	81.0507
PF3D7_0722400.1	1908	1909	3527.28	139.482
PF3D7_0722500.1	1357	1358	784	43.5813
PF3D7_0722600.1	2989	2990	2076.51	52.4259
PF3D7_0722700.1	1225	1226	179.292	11.0396
PF3D7_0722800.1	1740	1741	299	12.9645
PF3D7_0722900.1	1232	1233	1465.34	89.7137
PF3D7_0723000.1	1936	1937	1089.29	42.452
PF3D7_0723100.1	1386	1387	426	23.1855
PF3D7_0723200.1	1077	1078	199	13.9354
PF3D7_0723300.1	3136	3137	18394.4	442.644
PF3D7_0723400.1	5535	5536	4156.25	56.6747
PF3D7_0723500.1	1545	1546	256	12.5001
PF3D7_0723600.1	1156	1157	2251.06	146.871
PF3D7_0723700.1	3546	3547	2882.42	61.3451
PF3D7_0723800.1	7915	7916	10353.6	98.7342
PF3D7_0723900.1	4893	4894	2247.04	34.6602
PF3D7_0724000.1	6058	6059	3404.12	42.4119
PF3D7_0724100.1	5171	5172	43835.1	639.804
PF3D7_0724200.1	1570	1571	9424	452.838
PF3D7_0724300.1	1430	1431	220	11.6056
PF3D7_0724400.1	912	913	768.142	63.5118
PF3D7_0724500.1	924	925	711	58.0245
PF3D7_0724600.1	7205	7206	1095.37	11.475
PF3D7_0724700.1	11439	11440	7783.27	51.3593
PF3D7_0724800.1	2404	2405	1650	51.7908
PF3D7_0724900.1	6022	6023	13546.8	169.788
PF3D7_0725000.1	5309	5310	4520.99	64.2721
PF3D7_0725100.1	6048	6049	3143.44	39.2288
PF3D7_0725200.1	1125	1126	471.015	31.5777
PF3D7_0725300.1	2989	2990	1286	32.4678
PF3D7_0725400.1	722	723	52355.7	5466.5
PF3D7_0725600.1	2087	2088	58099.1	2100.5
PF3D7_0725800.1	159	160	1670.5	788.152
PF3D7_0726000.1	3788	3789	1.05956e+06	21109.8
PF3D7_0726050.1	303	304	194	48.1739
PF3D7_0726100.1	3623	3624	2927.09	60.9721
PF3D7_0726200.1	4307	4308	1132.17	19.839
PF3D7_0726300.1	4690	4691	1732.17	27.8746
PF3D7_0726400.1	16006	16007	7275.04	34.3091
PF3D7_0726500.1	12216	12217	9291.29	57.411
PF3D7_0726600.1	3033	3034	934.603	23.2539
PF3D7_0726700.1	728	729	12760	1321.32
PF3D7_0726800.1	607	608	461.221	57.2649
PF3D7_0726900.1	2675	2676	1442.04	40.6795
PF3D7_0727000.1	4354	4355	3321.47	57.5739
PF3D7_0727100.1	3777	3778	1079.63	21.5723
PF3D7_0727200.1	2664	2665	1175.01	33.2835
PF3D7_0727300.1	2619	2620	4341.24	125.082
PF3D7_0727400.1	1354	1355	2754.53	153.459
PF3D7_0727500.1	2687	2688	7965.49	223.7
PF3D7_0727600.1	3389	3390	2659.37	59.2193
PF3D7_0727700.1	3239	3240	1807.58	42.1149
PF3D7_0727800.1	6477	6478	9079.35	105.803
PF3D7_0727900.1	6544	6545	1414.44	16.314
PF3D7_0728000.1	2030	2031	781.834	29.0595
PF3D7_0728100.1	17102	17103	6090.34	26.8814
PF3D7_0728200.1	2203	2204	2678	91.7239
PF3D7_0728300.1	1133	1134	533.618	35.5223
PF3D7_0728400.1	764	765	9973.26	984.145
PF3D7_0728500.1	432	433	1379	240.414
PF3D7_0728600.1	7946	7947	7665.98	72.8195
PF3D7_0728700.1	3836	3837	857.474	16.8699
PF3D7_0728800.1	2331	2332	10744.8	347.819
PF3D7_0728900.1	2312	2313	1552.51	50.669
PF3D7_0729000.1	682	683	1341	148.215
PF3D7_0729100.1	8674	8675	15813.3	137.606
PF3D7_0729200.1	1364	1365	676	37.385
PF3D7_0729300.1	3424	3425	1464.7	32.2828
PF3D7_0729400.1	2242	2243	5107.26	171.887
PF3D7_0729500.1	3578	3579	3491.06	73.6341
PF3D7_0729600.1	1166	1167	2201.98	142.438
PF3D7_0729700.1	2754	2755	3284.26	89.9912
PF3D7_0729800.1	1760	1761	714.477	30.6276
PF3D7_0729900.1	15198	15199	3813.63	18.9412
PF3D7_0730000.1	1472	1473	487.374	24.9772
PF3D7_0730100.1	3379	3380	2192.49	48.9671
PF3D7_0730200.1	3326	3327	835.137	18.9491
PF3D7_0730300.1	4947	4948	4012.29	61.2134
PF3D7_0730400.1	477	478	1748	276.056
PF3D7_0730500.1	10486	10487	7281.29	52.4132
PF3D7_0730600.1	73	74	3.38462	3.45272
PF3D7_0730700.1	72	73	77	79.6254
PF3D7_0730800.1	2858	2859	5396.5	142.489
PF3D7_0730900.1	9383	9384	34841.5	280.28
PF3D7_0731000.1	1764	1765	293.27	12.5432
PF3D7_0731100.1	5859	5860	14523.7	187.095
PF3D7_0731200.1	1949	1950	698.823	27.053
PF3D7_0731300.1	3239	3240	3176.25	74.0037
PF3D7_0731400.1	1605	1606	281	13.2082
PF3D7_0731500.1	6037	6038	31391.9	392.471
PF3D7_0731600.1	4410	4411	69956.7	1197.22
PF3D7_0731700.1	1469	1470	651	33.4308
PF3D7_0731800.1	4128	4129	4831.49	88.3324
PF3D7_0731900.1	957	958	11	0.866784
PF3D7_0732000.1	891	892	0	0
PF3D7_0732100.1	1284	1285	0	0
PF3D7_0732200.1	1101	1102	0	0
PF3D7_0732300.1	1017	1018	0	0
PF3D7_0732400.1	1149	1150	0	0
PF3D7_0732500.1	1119	1120	8.05718	0.543061
PF3D7_0732600.1	213	214	0	0
PF3D7_0732700.1	1080	1081	29.3385	2.04878
PF3D7_0732800.1	1329	1330	2.51612	0.142811
PF3D7_0732900.1	1020	1021	73.7185	5.45047
PF3D7_0733000.1	7788	7789	385.284	3.73407
PF3D7_0800100.1	6363	6364	509.509	6.04373
PF3D7_0800200.1	9779	9780	391.29	3.02026
PF3D7_0800300.1	10075	10076	1687.41	12.642
PF3D7_0800400.1	993	994	11.5863	0.87992
PF3D7_0800500.1	1128	1129	3.46302	0.23155
PF3D7_0800600.1	876	877	207.552	17.8653
PF3D7_0800650.1	146	147	13	6.6759
PF3D7_0800700.1	8556	8557	1234.63	10.8918
PF3D7_0800750.1	576	577	230	30.0909
PF3D7_0800800.1	1451	1452	17.0008	0.883864
PF3D7_0800900.1	636	637	34	4.02924
PF3D7_0801000.1	5877	5878	2466	31.67
PF3D7_0801100.1	6175	6176	381.346	4.66118
PF3D7_0801200.1	162	163	1.00118	0.463667
PF3D7_0801300.1	873	874	128	11.0556
PF3D7_0801400.1	949	950	463.443	36.8262
PF3D7_0801500.1	2446	2447	1195.64	36.8851
PF3D7_0801600.1	707	708	84.3598	8.99469
PF3D7_0801700.1	6899	6900	3670.35	40.1552
PF3D7_0801800.1	4641	4642	18800.3	305.733
PF3D7_0801900.1	17669	17670	6858.7	29.3014
PF3D7_0802000.1	6028	6029	26826.9	335.899
PF3D7_0802100.1	9490	9491	5389.13	42.8637
PF3D7_0802200.1	1973	1974	58675.7	2243.85
PF3D7_0802300.1	4285	4286	1400	24.6581
PF3D7_0802400.1	2187	2188	4437	153.083
PF3D7_0802500.1	5631	5632	2243.88	30.0761
PF3D7_0802600.1	7479	7480	20451.9	206.403
PF3D7_0802700.1	1233	1234	717	43.8619
PF3D7_0802800.1	2764	2765	11909	325.135
PF3D7_0802900.1	1375	1376	97.3033	5.33818
PF3D7_0803000.1	2442	2443	1667	51.5105
PF3D7_0803100.1	4591	4592	2540.73	41.7676
PF3D7_0803200.1	3094	3095	1158.45	28.2554
PF3D7_0803300.1	1537	1538	445	21.8417
PF3D7_0803400.1	5951	5952	16608.1	210.639
PF3D7_0803500.1	5114	5115	2324.19	34.3012
PF3D7_0803600.1	5954	5955	6435.93	81.5855
PF3D7_0803700.1	2408	2409	397.042	12.4418
PF3D7_0803800.1	1654	1655	51091	2330.4
PF3D7_0803900.1	130	131	136	78.3702
PF3D7_0804000.1	3546	3547	4840.92	103.027
PF3D7_0804100.1	85	86	0	0
PF3D7_0804200.1	160	161	21	9.84639
PF3D7_0804300.1	3196	3197	3218.72	76.0019
PF3D7_0804400.1	3414	3415	1580.03	34.9268
PF3D7_0804500.1	19773	19774	25561.7	97.5839
PF3D7_0804600.1	2374	2375	1461.97	46.4686
PF3D7_0804700.1	5997	5998	8719.45	109.74
PF3D7_0804800.1	1125	1126	9681.33	649.053
PF3D7_0804900.1	2765	2766	14417.5	393.478
PF3D7_0805000.1	1977	1978	624.557	23.8358
PF3D7_0805100.1	2767	2768	335.294	9.14416
PF3D7_0805200.1	1118	1119	1539	103.823
PF3D7_0805300.1	4228	4229	2535	45.2506
PF3D7_0805400.1	1180	1181	7271	464.759
PF3D7_0805500.1	5734	5735	4776.93	62.878
PF3D7_0805600.1	2465	2466	846.824	25.9229
PF3D7_0805700.1	6243	6244	2992.24	36.1758
PF3D7_0805800.1	1311	1312	70	4.02761
PF3D7_0805900.1	750	751	209	21.0083
PF3D7_0806000.1	4165	4166	1576.49	28.5664
PF3D7_0806100.1	2546	2547	1992.06	59.0414
PF3D7_0806200.1	3386	3387	3196	71.232
PF3D7_0806300.1	5343	5344	4107.84	58.0271
PF3D7_0806400.1	1328	1329	432.618	24.5733
PF3D7_0806500.1	3318	3319	3346.92	76.124
PF3D7_0806600.1	3281	3282	2763.41	63.5609
PF3D7_0806700.1	8860	8861	5241.07	44.65
PF3D7_0806800.1	4316	4317	13125.5	229.519
PF3D7_0806900.1	2004	2005	0	0
PF3D7_0807000.1	4028	4029	3823.73	71.643
PF3D7_0807100.1	4597	4598	3097.18	50.8488
PF3D7_0807200.1	2139	2140	645	22.7525
PF3D7_0807300.1	1582	1583	33461	1595.67
PF3D7_0807400.1	1827	1828	1711	70.6574
PF3D7_0807500.1	2281	2282	1306.85	43.2308
PF3D7_0807600.1	6650	6651	18626.3	211.409
PF3D7_0807700.1	3166	3167	2333.01	55.61
PF3D7_0807800.1	1970	1971	20745.9	794.564
PF3D7_0807900.1	2005	2006	3703.18	139.356
PF3D7_0808000.1	4916	4917	3074	47.194
PF3D7_0808100.1	6048	6049	1685.06	21.0289
PF3D7_0808200.1	3518	3519	1868.44	40.0814
PF3D7_0808300.1	2388	2389	14044	443.77
PF3D7_0808400.1	1883	1884	3501.25	140.29
PF3D7_0808450.1	273	274	3427	944.163
PF3D7_0808500.1	135	136	0	0
PF3D7_0808600.1	7804	7805	323.569	3.12952
PF3D7_0808700.1	6696	6697	145.676	1.64207
PF3D7_0808800.1	1167	1168	2	0.129262
PF3D7_0808900.1	999	1000	37	2.79309
PF3D7_0809000.1	135	136	1.33333	0.740088
PF3D7_0809100.1	7018	7019	663.417	7.13502
PF3D7_0809200.1	4975	4976	3299.86	50.0609
PF3D7_0809250.1	204	205	6550	2411.97
PF3D7_0809400.1	3042	3043	21027.6	521.64
PF3D7_0809500.1	915	916	29.35	2.41878
PF3D7_0809600.1	17994	17995	5954.58	24.9795
PF3D7_0809700.1	1563	1564	2167	104.594
PF3D7_0809800.1	3894	3895	1287	24.9433
PF3D7_0809900.1	4952	4953	1687	25.7117
PF3D7_0810000.1	1243	1244	4420.64	268.255
PF3D7_0810100.1	1256	1257	1335.71	80.2156
PF3D7_0810200.1	3581	3582	7744.64	163.215
PF3D7_0810300.1	4433	4434	61576	1048.33
PF3D7_0810400.1	1812	1813	16155	672.656
PF3D7_0810500.1	1413	1414	7843.53	418.741
PF3D7_0810600.1	7019	7020	4820.04	51.8319
PF3D7_0810700.1	1392	1393	1414.91	76.6763
PF3D7_0810800.1	2866	2867	2554.25	67.2543
PF3D7_0810900.1	2282	2283	4160.2	137.56
PF3D7_0810900.2	366	367	185.623	38.1811
PF3D7_0811000.1	4754	4755	3054.43	48.4913
PF3D7_0811100.1	2686	2687	511.144	14.3602
PF3D7_0811200.1	4349	4350	3921.21	68.0479
PF3D7_0811300.1	7196	7197	7616.58	79.89
PF3D7_0811400.1	4044	4045	10056.2	187.671
PF3D7_0811500.1	3899	3900	1029.5	19.9272
PF3D7_0811600.1	4090	4091	5866.11	108.244
PF3D7_0811700.1	5242	5243	5709.86	82.2108
PF3D7_0811800.1	2686	2687	12366.3	347.421
PF3D7_0811900.1	4523	4524	32604.9	544.056
PF3D7_0812000.1	1459	1460	4511.41	233.261
PF3D7_0812100.1	8840	8841	12599.8	107.583
PF3D7_0812200.1	1325	1326	720	40.9895
PF3D7_0812220.1	1304	1305	2001.23	115.763
PF3D7_0812300.1	1386	1387	175	9.52457
PF3D7_0812400.1	3209	3210	7837.83	184.321
PF3D7_0812500.1	5332	5333	3892.49	55.0984
PF3D7_0812600.1	1615	1616	304.332	14.2164
PF3D7_0812700.1	1892	1893	3932.17	156.807
PF3D7_0812800.1	219	220	59	20.2448
PF3D7_0812900.1	6113	6114	2698.72	33.3209
PF3D7_0813000.1	2093	2094	4988	179.818
PF3D7_0813100.1	3598	3599	1548.99	32.49
PF3D7_0813200.1	2083	2084	12088	437.865
PF3D7_0813300.1	2317	2318	40716	1325.97
PF3D7_0813400.1	4327	4328	5659.17	98.7073
PF3D7_0813500.1	1548	1549	2258	110.041
PF3D7_0813600.1	2139	2140	5980.41	210.96
PF3D7_0813700.1	4960	4961	10194.1	155.119
PF3D7_0813800.1	1385	1386	427	23.2567
PF3D7_0813900.1	1760	1761	12801.1	548.747
PF3D7_0814000.1	2401	2402	29532.7	928.141
PF3D7_0814100.1	2362	2363	2742.52	87.6131
PF3D7_0814200.1	3970	3971	22210.4	422.222
PF3D7_0814300.1	4361	4362	682.055	11.8037
PF3D7_0814400.1	2991	2992	4250.77	107.248
PF3D7_0814500.1	3410	3411	701.048	15.5149
PF3D7_0814600.1	1182	1183	297	18.952
PF3D7_0814700.1	1547	1548	1226	59.7865
PF3D7_0814900.1	1432	1433	336.712	17.7377
PF3D7_0815000.1	1988	1989	3618.4	137.33
PF3D7_0815100.1	2928	2929	2910.67	75.0165
PF3D7_0815200.1	5148	5149	1865.41	27.3486
PF3D7_0815300.1	4305	4306	679.695	11.9158
PF3D7_0815400.1	1122	1123	44.4006	2.98465
PF3D7_0815500.1	3017	3018	2410.66	60.2975
PF3D7_0815600.1	1371	1372	3885.52	213.786
PF3D7_0815700.1	2005	2006	382.165	14.3815
PF3D7_0815800.1	6653	6654	4076.95	46.2526
PF3D7_0815900.1	2240	2241	1221.27	41.1389
PF3D7_0816000.1	2197	2198	1042	35.7869
PF3D7_0816100.1	1290	1291	773.252	45.2146
PF3D7_0816200.1	1273	1274	2150.64	127.433
PF3D7_0816300.1	3000	3001	1324	33.3047
PF3D7_0816400.1	1424	1425	804.083	42.5961
PF3D7_0816500.1	519	520	12	1.74205
PF3D7_0816600.1	4309	4310	4844.96	84.8587
PF3D7_0816700.1	1294	1295	1987	115.828
PF3D7_0816800.1	1055	1056	207	14.7976
PF3D7_0816900.1	1086	1087	341.375	23.7075
PF3D7_0817000.1	1170	1171	134	8.63836
PF3D7_0817100.1	2998	2999	1442.66	36.3139
PF3D7_0817200.1	3509	3510	2068.96	44.4968
PF3D7_0817300.1	9235	9236	4816.05	39.3632
PF3D7_0817400.1	3260	3261	1786.67	41.3596
PF3D7_0817500.1	1536	1537	15778.7	774.963
PF3D7_0817600.1	4164	4165	10215.6	185.153
PF3D7_0817700.1	5135	5136	9164.92	134.706
PF3D7_0817800.1	1535	1536	8155.81	400.83
PF3D7_0817900.1	1091	1092	4329	299.26
PF3D7_0818000.1	3563	3564	40361.3	854.891
PF3D7_0818100.1	3056	3057	2367.9	58.4725
PF3D7_0818200.1	3935	3936	1914.76	36.7234
PF3D7_0818300.1	1683	1684	356	15.9585
PF3D7_0818400.1	1410	1411	3784.9	202.493
PF3D7_0818500.1	2662	2663	1841.62	52.205
PF3D7_0818600.1	1547	1548	2292	111.771
PF3D7_0818700.1	6197	6198	5800.25	70.6445
PF3D7_0818800.1	1816	1817	11747.4	488.058
PF3D7_0818900.1	4431	4432	105280	1793.2
PF3D7_0819000.1	4711	4712	5742	91.9902
PF3D7_0819100.1	2200	2201	451.01	15.4686
PF3D7_0819200.1	2031	2032	1411	52.4188
PF3D7_0819300.1	3596	3597	334	7.00954
PF3D7_0819400.1	1965	1966	385	14.7829
PF3D7_0819500.1	1776	1777	347.066	14.7438
PF3D7_0819600.1	3035	3036	2668.4	66.3487
PF3D7_0819700.1	2346	2347	6448	207.394
PF3D7_0819800.1	4227	4228	5179	92.4687
PF3D7_0819900.1	497	498	2099	318.175
PF3D7_0820000.1	7710	7711	4327.5	42.3653
PF3D7_0820100.1	1416	1417	2217	118.108
PF3D7_0820200.1	3760	3761	8831.6	177.264
PF3D7_0820300.1	4415	4416	1312.47	22.4359
PF3D7_0820400.1	2441	2442	400.058	12.3669
PF3D7_0820500.1	2921	2922	1876.2	48.471
PF3D7_0820600.1	2052	2053	184.045	6.76735
PF3D7_0820700.1	4055	4056	5740.63	106.843
PF3D7_0820800.1	3012	3013	4276.69	107.15
PF3D7_0820900.1	5053	5054	10029	149.798
PF3D7_0821000.1	2238	2239	2861.34	96.4716
PF3D7_0821100.1	3227	3228	1805.1	42.2134
PF3D7_0821200.1	1160	1161	209.431	13.6173
PF3D7_0821300.1	3217	3218	2096	49.1687
PF3D7_0821400.1	2381	2382	465.982	14.7676
PF3D7_0821500.1	1405	1406	455.055	24.4322
PF3D7_0821600.1	2504	2505	7596.54	228.924
PF3D7_0821700.1	1728	1729	813.459	35.516
PF3D7_0821800.1	1689	1690	633.319	28.2891
PF3D7_0821900.1	1053	1054	868.806	62.2251
PF3D7_0822000.1	2192	2193	1515.8	52.178
PF3D7_0822100.1	1450	1451	1861.63	96.8523
PF3D7_0822200.1	4557	4558	3993.8	66.1448
PF3D7_0822300.1	1130	1131	1312	87.5699
PF3D7_0822400.1	1738	1739	917.191	39.8147
PF3D7_0822500.1	963	964	464	36.3349
PF3D7_0822600.1	3568	3569	731.073	15.4631
PF3D7_0822700.1	3590	3591	4138.18	86.9917
PF3D7_0822800.1	1984	1985	236.221	8.98342
PF3D7_0822900.1	5252	5253	4538.47	65.2207
PF3D7_0823000.1	4157	4158	2665.46	48.3917
PF3D7_0823100.1	2786	2787	740.031	20.0446
PF3D7_0823200.1	3980	3981	3570.35	67.7021
PF3D7_0823300.1	5437	5438	3921.94	54.4435
PF3D7_0823400.1	1485	1486	238	12.0904
PF3D7_0823500.1	1792	1793	185.916	7.82743
PF3D7_0823600.1	1634	1635	567.017	26.1795
PF3D7_0823700.1	954	955	149.011	11.7787
PF3D7_0823800.1	3474	3475	5516.42	119.836
PF3D7_0823900.1	1754	1755	128.002	5.50583
PF3D7_0824000.1	2704	2705	1703	47.526
PF3D7_0824100.1	1953	1954	5396.89	208.498
PF3D7_0824200.1	3849	3850	11858	232.506
PF3D7_0824300.1	2322	2323	7704	250.352
PF3D7_0824400.1	3195	3196	3751.57	88.6115
PF3D7_0824500.1	1726	1727	4653.22	203.397
PF3D7_0824600.1	1438	1439	981	51.4626
PF3D7_0824700.1	2405	2406	3343.59	104.906
PF3D7_0824800.1	4921	4922	1222.06	18.7428
PF3D7_0824900.1	3973	3974	2601.66	49.4204
PF3D7_0825000.1	5630	5631	3525.75	47.2661
PF3D7_0825100.1	561	562	230	30.8941
PF3D7_0825200.1	1196	1197	2242.99	141.455
PF3D7_0825300.1	1179	1180	5922.74	378.9
PF3D7_0825400.1	923	924	2790	227.938
PF3D7_0825500.1	2872	2873	2794	73.4132
PF3D7_0825600.1	817	818	5467	504.521
PF3D7_0825700.1	918	919	1054	86.5782
PF3D7_0825800.1	1341	1342	2729	153.509
PF3D7_0825900.1	2685	2686	364.016	10.2305
PF3D7_0826000.1	3955	3956	652.799	12.4568
PF3D7_0826100.1	27924	27925	28514.3	77.0819
PF3D7_0826200.1	2474	2475	1511	46.0864
PF3D7_0826300.1	2964	2965	1480.26	37.6876
PF3D7_0826400.1	954	955	670	52.9609
PF3D7_0826500.1	5939	5940	4459.83	56.6782
PF3D7_0826600.1	2001	2002	635.159	23.9498
PF3D7_0826700.1	2141	2142	12363.7	435.726
PF3D7_0826800.1	98	99	5	3.81258
PF3D7_0826900.1	2758	2759	5641.76	154.364
PF3D7_0827000.1	4346	4347	10833.1	188.124
PF3D7_0827100.1	5011	5012	891.585	13.4287
PF3D7_0827200.1	3015	3016	231.239	5.78781
PF3D7_0827300.1	2653	2654	5062	143.981
PF3D7_0827400.1	657	658	877	100.614
PF3D7_0827500.1	1650	1651	8263.36	377.827
PF3D7_0827600.1	6024	6025	22177.8	277.872
PF3D7_0827700.1	2832	2833	293	7.80737
PF3D7_0827800.1	7596	7597	10122	100.579
PF3D7_0827900.1	2424	2425	32271.8	1004.6
PF3D7_0828000.1	804	805	35	3.28213
PF3D7_0828100.1	3639	3640	1419.45	29.4377
PF3D7_0828200.1	5250	5251	7812.56	112.314
PF3D7_0828300.1	3415	3416	2437.31	53.8613
PF3D7_0828400.1	2510	2511	383.553	11.5309
PF3D7_0828500.1	1706	1707	12953	572.823
PF3D7_0828600.1	2371	2372	2823.13	89.8462
PF3D7_0828700.1	3978	3979	469.252	8.90257
PF3D7_0828800.1	4046	4047	4875.35	90.9403
PF3D7_0828900.1	1870	1871	4352.25	175.6
PF3D7_0829000.1	6927	6928	13314.4	145.076
PF3D7_0829100.1	1476	1477	658.574	33.6595
PF3D7_0829200.1	1464	1465	427	22.0026
PF3D7_0829300.1	1709	1710	1548.39	68.3545
PF3D7_0829400.1	2922	2923	3692.77	95.3689
PF3D7_0829500.1	7015	7016	834.408	8.97786
PF3D7_0829600.1	1486	1487	1289.29	65.4521
PF3D7_0829700.1	813	814	535	49.615
PF3D7_0829800.1	2739	2740	180.153	4.96336
PF3D7_0829900.1	3171	3172	3597.94	85.6257
PF3D7_0830000.1	111	112	0	0
PF3D7_0830100.1	2827	2828	31064.7	829.224
PF3D7_0830200.1	4371	4372	1529.03	26.401
PF3D7_0830300.1	1167	1168	27	1.74504
PF3D7_0830400.1	1992	1993	3808.02	144.237
PF3D7_0830500.1	3696	3697	11511.8	235.06
PF3D7_0830600.1	3670	3671	2940.92	60.4759
PF3D7_0830700.1	2172	2173	969.987	33.6969
PF3D7_0830800.1	8209	8210	3218.42	29.5926
PF3D7_0830900.1	1743	1744	479.307	20.7468
PF3D7_0831000.1	2027	2028	591.053	22.001
PF3D7_0831100.1	6752	6753	687.544	7.68576
PF3D7_0831200.1	3982	3983	3157	59.834
PF3D7_0831300.1	4356	4357	4018.21	69.6192
PF3D7_0831400.1	2167	2168	1470.03	51.1861
PF3D7_0831500.1	3811	3812	1345.72	26.6492
PF3D7_0831600.1	4332	4333	42426.4	739.148
PF3D7_0831700.1	4215	4216	31024.4	555.503
PF3D7_0831750.1	867	868	370	32.1785
PF3D7_0831800.1	3631	3632	12376	257.227
PF3D7_0831900.1	864	865	753	65.7147
PF3D7_0832000.1	912	913	334	27.6159
PF3D7_0832100.1	1026	1027	307	22.5658
PF3D7_0832200.1	2640	2641	765	21.8664
PF3D7_0832200.2	882	883	0	0
PF3D7_0832250.1	483	484	14	2.18357
PF3D7_0832300.1	780	781	69	6.66932
PF3D7_0832400.1	915	916	9.90038	0.815906
PF3D7_0832500.1	981	982	19	1.46058
PF3D7_0832600.1	954	955	3	0.237138
PF3D7_0832700.1	783	784	0	0
PF3D7_0832800.1	921	922	27	2.21063
PF3D7_0832900.1	915	916	0	0
PF3D7_0833000.1	1107	1108	23	1.56701
PF3D7_0833100.1	1107	1108	19.9504	1.35924
PF3D7_0833150.1	213	214	20	7.05505
PF3D7_0833200.1	1071	1072	2.06631	0.145507
PF3D7_0833300.1	1185	1186	49.509	3.15125
PF3D7_0833400.1	1023	1024	2.00597	0.14788
PF3D7_0833500.1	6810	6811	448.365	4.96941
PF3D7_0900100.1	6813	6814	174.154	1.92937
PF3D7_0900200.1	1131	1132	0	0
PF3D7_0900300.1	1080	1081	24	1.67598
PF3D7_0900350.1	213	214	0	0
PF3D7_0900400.1	1032	1033	9.50116	0.69432
PF3D7_0900500.1	1017	1018	0	0
PF3D7_0900600.1	1104	1105	123.578	8.44232
PF3D7_0900700.1	1146	1147	5.09046	0.335025
PF3D7_0900800.1	1368	1369	140.784	7.76304
PF3D7_0900900.1	903	904	0	0
PF3D7_0901000.1	930	931	0	0
PF3D7_0901100.1	1053	1054	0	0
PF3D7_0901200.1	213	214	0	0
PF3D7_0901300.1	1137	1138	0	0
PF3D7_0901400.1	1053	1054	2	0.143243
PF3D7_0901500.1	1098	1099	19	1.30509
PF3D7_0901600.1	912	913	2.06167	0.170464
PF3D7_0901700.1	1948	1949	4759.52	184.346
PF3D7_0901800.1	1868	1869	896.913	36.2263
PF3D7_0901900.1	2156	2157	23.0873	0.80799
PF3D7_0902000.1	2537	2538	415	12.3435
PF3D7_0902100.1	1835	1836	2071	85.1512
PF3D7_0902200.1	3256	3257	2282.59	52.9046
PF3D7_0902300.1	3113	3114	1933.17	46.8636
PF3D7_0902400.1	1623	1624	1036	48.1568
PF3D7_0902500.1	3034	3035	1458	36.2646
PF3D7_0902600.1	1854	1855	4006.2	163.032
PF3D7_0902700.1	1347	1348	1356	75.937
PF3D7_0902800.1	3697	3698	16204	330.779
PF3D7_0902900.1	309	310	59	14.3673
PF3D7_0903000.1	1247	1248	1034.06	62.5482
PF3D7_0903100.1	957	958	71	5.5947
PF3D7_0903200.1	2134	2135	10454.3	369.642
PF3D7_0903300.1	12689	12690	14674.8	87.2958
PF3D7_0903400.1	10124	10125	14072.8	104.922
PF3D7_0903500.1	5435	5436	4715.34	65.4813
PF3D7_0903600.1	2924	2925	17618.8	454.709
PF3D7_0903700.1	2775	2776	4485.81	121.985
PF3D7_0903800.1	4572	4573	710	11.7204
PF3D7_0903900.1	772	773	1669.94	163.081
PF3D7_0904000.1	4251	4252	5964.78	105.897
PF3D7_0904100.1	4167	4168	2030.01	36.7666
PF3D7_0904200.1	1166	1167	1496	96.7708
PF3D7_0904300.1	7464	7465	1593	16.109
PF3D7_0904400.1	1497	1498	1680.21	84.6713
PF3D7_0904500.1	1551	1552	826.71	40.211
PF3D7_0904600.1	6753	6754	2366.93	26.4551
PF3D7_0904700.1	1432	1433	10241.8	539.528
PF3D7_0904800.1	2585	2586	5716.26	166.866
PF3D7_0904900.1	9118	9119	17752.9	146.962
PF3D7_0905000.1	1593	1594	267.47	12.6669
PF3D7_0905100.1	6810	6811	6258	69.3599
PF3D7_0905200.1	4721	4722	536	8.56885
PF3D7_0905300.1	18357	18358	3721.1	15.3013
PF3D7_0905400.1	3989	3990	113809	2153.21
PF3D7_0905500.1	3158	3159	4478.75	107.026
PF3D7_0905600.1	3663	3664	94.562	1.94825
PF3D7_0905700.1	1922	1923	1186.6	46.581
PF3D7_0905700.2	942	943	0	0
PF3D7_0905700.3	372	373	81.8378	16.5626
PF3D7_0905800.1	5278	5279	891.374	12.7465
PF3D7_0905900.1	3277	3278	4196	96.6296
PF3D7_0906000.1	6431	6432	1622	19.0366
PF3D7_0906100.1	866	867	2104	183.194
PF3D7_0906200.1	2716	2717	3998.9	111.105
PF3D7_0906300.1	2345	2346	917.006	29.5072
PF3D7_0906400.1	2755	2756	4556	124.792
PF3D7_0906500.1	2588	2589	875.222	25.5193
PF3D7_0906600.1	3942	3943	1870.75	35.8156
PF3D7_0906700.1	2608	2609	6509.86	188.357
PF3D7_0906800.1	2829	2830	2284.67	60.9427
PF3D7_0906890.1	856	857	927.296	81.681
PF3D7_0906910.1	797	798	171	16.1762
PF3D7_0907000.1	724	725	1002.77	104.411
PF3D7_0907100.1	4403	4404	3477.16	59.6021
PF3D7_0907200.1	5512	5513	783.224	10.7246
PF3D7_0907300.1	1716	1717	2104.19	92.5121
PF3D7_0907400.1	4424	4425	14599.3	249.059
PF3D7_0907500.1	1998	1999	2619.45	98.9194
PF3D7_0907600.1	3950	3951	7596.29	145.137
PF3D7_0907700.1	2069	2070	388.844	14.1804
PF3D7_0907800.1	1177	1178	4171.32	267.308
PF3D7_0907900.1	908	909	14514	1205.33
PF3D7_0908000.1	2089	2090	370.065	13.3664
PF3D7_0908100.1	1431	1432	4066	214.342
PF3D7_0908200.1	5434	5435	1682.03	23.3624
PF3D7_0908300.1	2574	2575	2404.03	70.4769
PF3D7_0908300.2	792	793	83.7187	7.96953
PF3D7_0908400.1	1934	1935	1191.68	46.4901
PF3D7_0908500.1	6761	6762	12839.6	143.338
PF3D7_0908600.1	2140	2141	457.009	16.1136
PF3D7_0908700.1	1715	1716	1466.01	64.4916
PF3D7_0908800.1	3032	3033	308.684	7.6829
PF3D7_0908900.1	3965	3966	2192.23	41.7271
PF3D7_0909000.1	3039	3040	932	23.1433
PF3D7_0909100.1	3270	3271	207.369	4.78573
PF3D7_0909200.1	1410	1411	169	9.04156
PF3D7_0909300.1	1515	1516	493.774	24.5874
PF3D7_0909400.1	5592	5593	6126.85	82.6944
PF3D7_0909500.1	2481	2482	203.203	6.18033
PF3D7_0909600.1	2901	2902	41873.4	1089.24
PF3D7_0909700.1	7313	7314	1456.17	15.0294
PF3D7_0909800.1	1185	1186	152	9.67481
PF3D7_0909900.1	5161	5162	2402.37	35.1322
PF3D7_0910000.1	3345	3346	228	5.1439
PF3D7_0910100.1	6299	6300	2171.78	26.0231
PF3D7_0910200.1	10714	10715	8538.31	60.1538
PF3D7_0910300.1	2686	2687	3762.06	105.692
PF3D7_0910400.1	4220	4221	1516.06	27.1135
PF3D7_0910500.1	6223	6224	7338.72	89.009
PF3D7_0910600.1	1305	1306	721.006	41.6754
PF3D7_0910700.1	2138	2139	218	7.69359
PF3D7_0910800.1	2144	2145	426.187	14.9988
PF3D7_0910900.1	2588	2589	1484.01	43.2701
PF3D7_0911000.1	1740	1741	6882.15	298.407
PF3D7_0911100.1	4825	4826	6802.03	106.398
PF3D7_0911200.1	1462	1463	1119.87	57.7838
PF3D7_0911300.1	9942	9943	1353.08	10.2728
PF3D7_0911400.1	4554	4555	14128.6	234.149
PF3D7_0911500.1	1162	1163	655.42	42.5425
PF3D7_0911500.2	411	412	741.58	135.877
PF3D7_0911600.1	3220	3221	3291.56	77.1426
PF3D7_0911700.1	3894	3895	4041.79	78.3339
PF3D7_0911800.1	1252	1253	6740.61	406.099
PF3D7_0911900.1	2911	2912	4720.76	122.378
PF3D7_0912000.1	5376	5377	2266.83	31.8245
PF3D7_0912100.1	2190	2191	2573.66	88.6732
PF3D7_0912200.1	1362	1363	792	43.8645
PF3D7_0912400.1	3651	3652	1587.26	32.8097
PF3D7_0912500.1	1712	1713	17548	773.312
PF3D7_0912600.1	2721	2722	4244	117.698
PF3D7_0912700.1	732	733	644.318	66.356
PF3D7_0912800.1	2851	2852	702.375	18.591
PF3D7_0912900.1	1912	1913	2897.21	114.327
PF3D7_0913000.1	970	971	3676	285.785
PF3D7_0913100.1	2319	2320	295	9.59881
PF3D7_0913150.1	138	139	0	0
PF3D7_0913200.1	1488	1489	21357.8	1082.79
PF3D7_0913300.1	2890	2891	402.087	10.4992
PF3D7_0913400.1	507	508	217	32.2463
PF3D7_0913500.1	1797	1798	4148	174.154
PF3D7_0913600.1	4222	4223	4068.04	72.719
PF3D7_0913700.1	2378	2379	34296.2	1088.26
PF3D7_0913800.1	829	830	2220.92	201.994
PF3D7_0913900.1	2963	2964	12061	307.177
PF3D7_0914000.1	3077	3078	6675	163.707
PF3D7_0914100.1	3918	3919	18635.7	358.966
PF3D7_0914200.1	2980	2981	1057.9	26.7896
PF3D7_0914300.1	2594	2595	4171	121.335
PF3D7_0914400.1	912	913	749	61.9291
PF3D7_0914500.1	5739	5740	3565.06	46.8855
PF3D7_0914600.1	1826	1827	870.923	35.9853
PF3D7_0914700.1	3021	3022	2340.43	58.4636
PF3D7_0914800.1	2606	2607	13226.2	382.98
PF3D7_0914900.1	3918	3919	1420.4	27.3601
PF3D7_0915000.1	2084	2085	5076	183.78
PF3D7_0915100.1	1589	1590	1514	71.8807
PF3D7_0915200.1	1765	1766	2163.32	92.4726
PF3D7_0915300.1	2843	2844	210.155	5.5782
PF3D7_0915400.1	6368	6369	8773.67	103.99
PF3D7_0915500.1	2835	2836	702	18.6859
PF3D7_0915600.1	1330	1331	841.256	47.7126
PF3D7_0915700.1	1336	1337	1453	82.0385
PF3D7_0915800.1	1035	1036	111.051	8.09182
PF3D7_0915900.1	2364	2365	1066.5	34.0419
PF3D7_0916000.1	4856	4857	4311.77	67.0149
PF3D7_0916100.1	1404	1405	744.024	39.9755
PF3D7_0916200.1	4075	4076	10522.4	194.879
PF3D7_0916300.1	879	880	1288	110.488
PF3D7_0916400.1	7945	7946	7026.22	66.7509
PF3D7_0916500.1	1796	1797	638.094	26.8053
PF3D7_0916600.1	1076	1077	266.001	18.6445
PF3D7_0916700.1	6589	6590	15130.6	173.322
PF3D7_0916800.1	705	706	70	7.48474
PF3D7_0916900.1	2997	2998	3231.71	81.3737
PF3D7_0917000.1	6337	6338	4024.45	47.9333
PF3D7_0917100.1	3223	3224	9424.23	220.665
PF3D7_0917200.1	975	976	67	5.18213
PF3D7_0917300.1	2179	2180	1061	36.7403
PF3D7_0917400.1	5759	5760	1651.05	21.6382
PF3D7_0917500.1	3071	3072	5423.3	133.268
PF3D7_0917600.1	3103	3104	1038.07	25.2459
PF3D7_0917700.1	1635	1636	510.235	23.5435
PF3D7_0917800.1	1745	1746	189	8.17149
PF3D7_0917900.1	4655	4656	34565.2	560.415
PF3D7_0918000.1	3657	3658	13947.2	287.823
PF3D7_0918100.1	1981	1982	4164.55	158.616
PF3D7_0918200.1	1170	1171	3171.74	204.467
PF3D7_0918300.1	1868	1869	633.781	25.5984
PF3D7_0918400.1	5163	5164	602.01	8.80037
PF3D7_0918500.1	2148	2149	7507.72	263.727
PF3D7_0918600.1	3033	3034	1740.42	43.3035
PF3D7_0918700.1	2740	2741	642.491	17.6946
PF3D7_0918800.1	2777	2778	349.261	9.49076
PF3D7_0918900.1	5747	5748	4140.06	54.3718
PF3D7_0919000.1	2006	2007	7048.34	265.108
PF3D7_0919100.1	2891	2892	11543.8	301.324
PF3D7_0919200.1	2223	2224	7739.11	262.688
PF3D7_0919300.1	1212	1213	106	6.59673
PF3D7_0919400.1	2687	2688	2666.05	74.8726
PF3D7_0919500.1	1431	1432	114	6.0096
PF3D7_0919600.1	1975	1976	9579.78	365.976
PF3D7_0919700.1	1640	1641	1681.41	77.3477
PF3D7_0919800.1	4103	4104	9514.8	175.015
PF3D7_0919900.1	12058	12059	17616.3	110.278
PF3D7_0920000.1	2778	2779	11482.1	311.9
PF3D7_0920100.1	1444	1445	524.931	27.4232
PF3D7_0920200.1	3548	3549	4334.72	92.2016
PF3D7_0920300.1	841	842	1807	162.005
PF3D7_0920400.1	6775	6776	4789.14	53.3541
PF3D7_0920500.1	2064	2065	668.949	24.4544
PF3D7_0920600.1	4612	4613	4396.87	71.9521
PF3D7_0920700.1	2795	2796	3592.55	96.9949
PF3D7_0920800.1	2772	2773	752.025	20.4723
PF3D7_0920900.1	2259	2260	1459.31	48.7443
PF3D7_0921000.1	1594	1595	2648.55	125.352
PF3D7_0921000.2	447	448	327.003	55.1007
PF3D7_0921100.1	1489	1490	1513.3	76.6694
PF3D7_0921200.1	7628	7629	3425.14	33.8918
PF3D7_0921300.1	2047	2048	672.036	24.7711
PF3D7_0921400.1	920	921	72	5.90142
PF3D7_0921500.1	1266	1267	1113	66.3135
PF3D7_0921600.1	5778	5779	1650	21.5534
PF3D7_0921700.1	1710	1711	23480	1035.93
PF3D7_0921800.1	1520	1521	182	9.03287
PF3D7_0921900.1	1729	1730	1474.35	64.3336
PF3D7_0922000.1	2463	2464	1004	30.7593
PF3D7_0922100.1	6746	6747	3727.62	41.7065
PF3D7_0922200.1	4370	4371	18971.4	327.644
PF3D7_0922300.1	948	949	1084	86.2277
PF3D7_0922400.1	3081	3082	926	22.681
PF3D7_0922500.1	2934	2935	22672.2	583.135
PF3D7_0922600.1	2437	2438	14273	441.942
PF3D7_0922700.1	1553	1554	1253	60.8672
PF3D7_0922800.1	13480	13481	6408.88	35.8875
PF3D7_0922900.1	1277	1278	382	22.564
PF3D7_0923000.1	1788	1789	3781.76	159.576
PF3D7_0923100.1	669	670	97	10.929
PF3D7_0923200.1	3877	3878	1316.01	25.6174
PF3D7_0923300.1	2466	2467	23	0.703789
PF3D7_0923400.1	4278	4279	2982.74	52.6208
PF3D7_0923500.1	3873	3874	587.677	11.4515
PF3D7_0923600.1	1356	1357	4811	267.633
PF3D7_0923700.1	843	844	246	22.0027
PF3D7_0923800.1	2240	2241	5020.22	169.108
PF3D7_0923800.2	1626	1627	3711.24	172.193
PF3D7_0923900.1	1978	1979	1658	63.2444
PF3D7_0924000.1	5412	5413	71875.5	1002.37
PF3D7_0924100.1	2696	2697	517.133	14.4745
PF3D7_0924200.1	4817	4818	1071.75	16.7922
PF3D7_0924300.1	1609	1610	16780.8	786.811
PF3D7_0924400.1	4883	4884	2574.35	39.7901
PF3D7_0924500.1	4378	4379	4181.79	72.0892
PF3D7_0924600.1	7260	7261	3386.41	35.2068
PF3D7_0924700.1	2824	2825	5177.59	138.354
PF3D7_0924800.1	255	256	206	60.745
PF3D7_0924900.1	555	556	231	31.3632
PF3D7_0925000.1	1394	1395	1324.08	71.6512
PF3D7_0925100.1	1041	1042	151	10.9394
PF3D7_0925200.1	1419	1420	13290	706.513
PF3D7_0925300.1	1740	1741	11296	489.79
PF3D7_0925400.1	1884	1885	1709	68.4407
PF3D7_0925500.1	1508	1509	1313.92	65.7298
PF3D7_0925600.1	1566	1567	338.449	16.3045
PF3D7_0925700.1	3602	3603	2329.86	48.8145
PF3D7_0925800.1	6107	6108	6127.74	75.7329
PF3D7_0925900.1	2507	2508	1310.42	39.4427
PF3D7_0926000.1	4393	4394	3348.84	57.5332
PF3D7_0926100.1	11164	11165	2484.55	16.7986
PF3D7_0926200.1	1690	1691	7786.73	347.612
PF3D7_0926300.1	4472	4473	5373.35	90.6839
PF3D7_0926400.1	2759	2760	5850.12	160.007
PF3D7_0926500.1	8871	8872	13570.7	115.469
PF3D7_0926600.1	4137	4138	4912.26	89.6138
PF3D7_0926700.1	3269	3270	1955.44	45.142
PF3D7_0926800.1	3869	3870	15616	304.609
PF3D7_0926900.1	1910	1911	533.373	21.0695
PF3D7_0927000.1	1291	1292	1938.84	113.283
PF3D7_0927100.1	1488	1489	520.53	26.3897
PF3D7_0927200.1	5734	5735	3470.39	45.6803
PF3D7_0927300.1	2790	2791	2193.26	59.3218
PF3D7_0927400.1	2565	2566	918	27.0066
PF3D7_0927500.1	1650	1651	1854.24	84.7818
PF3D7_0927600.1	3601	3602	1504.36	31.5277
PF3D7_0927700.1	1594	1595	250.373	11.8498
PF3D7_0927800.1	1577	1578	3115.19	149.026
PF3D7_0927900.1	3470	3471	2805.91	61.0243
PF3D7_0928000.1	1365	1366	956.084	52.8359
PF3D7_0928000.2	252	253	1022.44	305.071
PF3D7_0928100.1	2226	2227	560.521	19.0001
PF3D7_0928150.1	240	241	0	0
PF3D7_0928200.1	3450	3451	2760.86	60.3924
PF3D7_0928300.1	1619	1620	2295.06	106.945
PF3D7_0928400.1	962	963	1.1796	0.0924685
PF3D7_0928500.1	1984	1985	1554.85	59.1306
PF3D7_0928600.1	1999	2000	480.18	18.1241
PF3D7_0928700.1	5507	5508	2216.8	30.382
PF3D7_0928800.1	3782	3783	1669.37	33.3119
PF3D7_0928900.1	1276	1277	423.765	25.0506
PF3D7_0929000.1	1881	1882	1328	53.2675
PF3D7_0929100.1	3019	3020	2840	70.9896
PF3D7_0929200.1	2064	2065	2243.69	82.0213
PF3D7_0929300.1	2431	2432	4316.79	133.993
PF3D7_0929400.1	6219	6220	84998.4	1031.58
PF3D7_0929500.1	630	631	75.0086	8.97357
PF3D7_0929600.1	1380	1381	670	36.6239
PF3D7_0929700.1	1516	1517	6162	306.634
PF3D7_0929800.1	297	298	392	99.3009
PF3D7_0929900.1	1302	1303	2577.72	149.339
PF3D7_0930000.1	1677	1678	447	20.1094
PF3D7_0930100.1	3773	3774	4338.72	86.7848
PF3D7_0930200.1	4263	4264	5244.45	92.8466
PF3D7_0930300.1	6272	6273	138649	1668.49
PF3D7_0930400.1	4427	4428	2080.78	35.4733
PF3D7_0930400.2	2748	2749	993.351	27.2779
PF3D7_0930500.1	5428	5429	6383.61	88.7626
PF3D7_0930600.1	2989	2990	7176.48	181.186
PF3D7_0930700.1	2331	2332	219.409	7.10248
PF3D7_0930800.1	14798	14799	8922.8	45.5148
PF3D7_0930900.1	1448	1449	1773	92.3685
PF3D7_0931000.1	4492	4493	7134.46	119.869
PF3D7_0931100.1	3892	3893	7927.03	153.713
PF3D7_0931200.1	1366	1367	467.396	25.8107
PF3D7_0931300.1	986	987	385	29.4461
PF3D7_0931400.1	2143	2144	6220.79	219.03
PF3D7_0931500.1	2672	2673	909.009	25.6716
PF3D7_0931600.1	756	757	201	20.044
PF3D7_0931700.1	2148	2149	324	11.3813
PF3D7_0931800.1	1814	1815	348.369	14.4893
PF3D7_0931900.1	2005	2006	1487.34	55.9708
PF3D7_0932000.1	1265	1266	1414.5	84.3436
PF3D7_0932100.1	5385	5386	8374.96	117.382
PF3D7_0932200.1	2315	2316	33686.9	1098.01
PF3D7_0932300.1	2745	2746	1676.8	46.0962
PF3D7_0932400.1	1764	1765	2297.31	98.2558
PF3D7_0932500.1	2094	2095	5515.51	198.74
PF3D7_0932600.1	744	745	6290	637.35
PF3D7_0932700.1	3955	3956	890.121	16.9854
PF3D7_0932800.1	5303	5304	2250.36	32.0281
PF3D7_0932900.1	1535	1536	110.73	5.44197
PF3D7_0933000.1	3398	3399	2039.34	45.2921
PF3D7_0933100.1	2846	2847	822.85	21.8181
PF3D7_0933200.1	959	960	4769.14	375.019
PF3D7_0933300.1	3687	3688	5116	104.718
PF3D7_0933400.1	1209	1210	3297.15	205.701
PF3D7_0933500.1	4905	4906	4655.12	71.6287
PF3D7_0933600.1	3240	3241	3438.55	80.0902
PF3D7_0933700.1	925	926	206.111	16.8025
PF3D7_0933800.1	2208	2209	995.514	34.0201
PF3D7_0933900.1	1429	1430	1180.96	62.3422
PF3D7_0934000.1	2680	2681	5749.5	161.889
PF3D7_0934100.1	4112	4113	2263.83	41.5498
PF3D7_0934200.1	882	883	45.1701	3.86166
PF3D7_0934300.1	1286	1287	371.273	21.777
PF3D7_0934400.1	976	977	5480.01	423.419
PF3D7_0934500.1	2925	2926	1206.64	31.1305
PF3D7_0934600.1	1261	1262	1008.11	60.3019
PF3D7_0934700.1	3290	3291	10588.8	242.886
PF3D7_0934800.1	2446	2447	18675.4	576.129
PF3D7_0934900.1	1985	1986	566.028	21.5151
PF3D7_0935000.1	969	970	98	7.62672
PF3D7_0935100.1	535	536	4350	612.644
PF3D7_0935200.1	4621	4622	6219.87	101.586
PF3D7_0935300.1	1038	1039	115.274	8.37528
PF3D7_0935390.1	2688	2689	654.504	18.3741
PF3D7_0935400.1	3482	3483	3007.32	65.1792
PF3D7_0935500.1	2497	2498	4496.02	135.869
PF3D7_0935600.1	3182	3183	3463.9	82.1508
PF3D7_0935700.1	1917	1918	886	34.8713
PF3D7_0935800.1	5487	5488	7671.01	105.517
PF3D7_0935900.1	4698	4699	18057.5	290.093
PF3D7_0936000.1	2695	2696	3935.74	110.202
PF3D7_0936100.1	2152	2153	1572.46	55.1338
PF3D7_0936200.1	2557	2558	111.004	3.27583
PF3D7_0936300.1	3193	3194	33750.2	797.674
PF3D7_0936400.1	2690	2691	2468.5	69.2472
PF3D7_0936500.1	1927	1928	238.014	9.31922
PF3D7_0936600.1	1779	1780	1222.03	51.8258
PF3D7_0936700.1	1299	1300	85	4.93582
PF3D7_0936800.1	2428	2429	1909.12	59.3321
PF3D7_0936900.1	1092	1093	97	6.69939
PF3D7_0937000.1	2444	2445	1088.07	33.5939
PF3D7_0937100.1	1267	1268	131	7.79894
PF3D7_0937200.1	1700	1701	46	2.04144
PF3D7_0937300.1	1116	1117	3	0.202746
PF3D7_0937400.1	1080	1081	1	0.0698325
PF3D7_0937500.1	1110	1111	0	0
PF3D7_0937600.1	3948	3949	35.8366	0.685052
PF3D7_0937700.1	1104	1105	0	0
PF3D7_0937800.1	6795	6796	614.754	6.8286
PF3D7_1000100.1	6726	6727	225.625	2.53192
PF3D7_1000200.1	1116	1117	195.923	13.2408
PF3D7_1000300.1	1038	1039	2.2	0.159842
PF3D7_1000400.1	1116	1117	13.4585	0.909549
PF3D7_1000500.1	1110	1111	40.2914	2.73768
PF3D7_1000600.1	1878	1879	525	21.0919
PF3D7_1000700.1	867	868	0	0
PF3D7_1000800.1	879	880	64	5.49011
PF3D7_1000900.1	1338	1339	0	0
PF3D7_1001000.1	1698	1699	3370.33	149.749
PF3D7_1001100.1	2334	2335	526.165	17.0105
PF3D7_1001100.2	804	805	709.048	66.491
PF3D7_1001200.1	1470	1471	884.374	45.3844
PF3D7_1001300.1	1282	1283	3062.03	180.163
PF3D7_1001400.1	4062	4063	2853	53.0076
PF3D7_1001500.1	2275	2276	8683.69	288.015
PF3D7_1001600.1	5088	5089	27811.7	412.552
PF3D7_1001700.1	2026	2027	10708	398.784
PF3D7_1001800.1	1812	1813	291	12.1165
PF3D7_1001900.1	1291	1292	1031	60.2393
PF3D7_1002000.1	2108	2109	445.042	15.9297
PF3D7_1002100.1	3094	3095	7106.77	173.339
PF3D7_1002200.1	6121	6122	2806.59	34.6074
PF3D7_1002300.1	1293	1294	35	2.04182
PF3D7_1002400.1	3339	3340	4285.01	96.8475
PF3D7_1002400.2	3333	3334	129.707	2.93684
PF3D7_1002500.1	1713	1714	1876.5	82.6459
PF3D7_1002600.1	2353	2354	1436.03	46.0513
PF3D7_1002700.1	4331	4332	1115.56	19.4396
PF3D7_1002800.1	5109	5110	1975.54	29.1843
PF3D7_1002900.1	1407	1408	1036	55.5445
PF3D7_1003000.1	5694	5695	2055.19	27.2422
PF3D7_1003100.1	1292	1293	633.437	36.9818
PF3D7_1003200.1	819	820	2001.4	184.248
PF3D7_1003300.1	1423	1424	878.799	46.5868
PF3D7_1003400.1	6766	6767	2674	29.8297
PF3D7_1003500.1	3328	3329	9182.53	208.225
PF3D7_1003600.1	2514	2515	6505.11	195.254
PF3D7_1003700.1	5470	5471	1965.99	27.1268
PF3D7_1003800.1	5320	5321	5718.06	81.1221
PF3D7_1003900.1	765	766	142	13.994
PF3D7_1004000.1	1407	1408	64715	3469.65
PF3D7_1004100.1	3573	3574	808.351	17.0738
PF3D7_1004200.1	9555	9556	28844.1	227.858
PF3D7_1004300.1	5700	5701	4417.09	58.4883
PF3D7_1004400.1	3618	3619	4361.1	90.9686
PF3D7_1004500.1	3924	3925	1763.72	33.9214
PF3D7_1004600.1	3613	3614	4517.81	94.3678
PF3D7_1004700.1	1432	1433	1428.2	75.236
PF3D7_1004800.1	1280	1281	3248	191.404
PF3D7_1004900.1	1344	1345	3642.62	204.445
PF3D7_1005000.1	2871	2872	275.489	7.24107
PF3D7_1005100.1	4149	4150	1874.57	34.0986
PF3D7_1005200.1	499	500	446.163	67.3608
PF3D7_1005300.1	1032	1033	312	22.8002
PF3D7_1005400.1	801	802	31	2.9179
PF3D7_1005500.1	6768	6769	7681.48	85.6651
PF3D7_1005600.1	3506	3507	1581.32	34.0382
PF3D7_1005700.1	3271	3272	369	8.51327
PF3D7_1005800.1	1414	1415	374.243	19.9655
PF3D7_1005900.1	2388	2389	22130	699.276
PF3D7_1006000.1	1825	1826	275.018	11.3696
PF3D7_1006100.1	1841	1842	246.656	10.1085
PF3D7_1006200.1	1955	1956	231.036	8.91652
PF3D7_1006300.1	432	433	232	40.4468
PF3D7_1006400.1	2954	2955	2388.1	61.0068
PF3D7_1006500.1	1707	1708	872.158	38.547
PF3D7_1006600.1	1110	1111	3769	256.092
PF3D7_1006700.1	1784	1785	929.129	39.2936
PF3D7_1006800.1	2978	2979	6102.8	154.647
PF3D7_1006900.1	1528	1529	379.762	18.7494
PF3D7_1007000.1	2214	2215	1354.61	46.1662
PF3D7_1007100.1	351	352	281.168	60.2986
PF3D7_1007200.1	3441	3442	7804.63	171.169
PF3D7_1007300.1	3390	3391	1763.31	39.254
PF3D7_1007400.1	1670	1671	441.181	19.9308
PF3D7_1007500.1	706	707	642	68.5487
PF3D7_1007600.1	2018	2019	163.755	6.1227
PF3D7_1007700.1	6257	6258	873.275	10.5341
PF3D7_1007800.1	4118	4119	1669.57	30.5982
PF3D7_1007900.1	3264	3265	1469	33.9642
PF3D7_1008000.1	8525	8526	17769.8	157.333
PF3D7_1008100.1	14146	14147	21042	112.281
PF3D7_1008200.1	1646	1647	11762.6	539.129
PF3D7_1008300.1	108	109	0	0
PF3D7_1008400.1	2707	2708	8643.28	240.943
PF3D7_1008500.1	6202	6203	4507.86	54.8595
PF3D7_1008600.1	1119	1120	36.001	2.4265
PF3D7_1008700.1	4660	4661	16300	263.993
PF3D7_1008800.1	3112	3113	17827.4	432.308
PF3D7_1008900.1	1534	1535	2503	123.094
PF3D7_1009000.1	1381	1382	441.008	24.0892
PF3D7_1009100.1	1554	1555	172.662	8.38203
PF3D7_1009200.1	3395	3396	422.003	9.38062
PF3D7_1009300.1	2184	2185	3286.85	113.557
PF3D7_1009400.1	1681	1682	583.379	26.1823
PF3D7_1009500.1	2383	2384	12268.9	388.492
PF3D7_1009600.1	1977	1978	3982.04	151.972
PF3D7_1009700.1	4567	4568	3497.63	57.8005
PF3D7_1009800.1	5050	5051	2458.06	36.7366
PF3D7_1009900.1	2605	2606	2345.19	67.934
PF3D7_1010000.1	1260	1261	1738.55	104.077
PF3D7_1010100.1	1105	1106	6776.51	462.524
PF3D7_1010200.1	6543	6544	8395.73	96.8499
PF3D7_1010300.1	2572	2573	2418.27	70.9492
PF3D7_1010400.1	1095	1096	2717.35	187.162
PF3D7_1010500.1	510	511	480	70.9094
PF3D7_1010600.1	2803	2804	1081.57	29.118
PF3D7_1010700.1	1143	1144	3155.7	208.235
PF3D7_1010800.1	1555	1556	347.628	16.8651
PF3D7_1010900.1	1613	1614	2391.04	111.832
PF3D7_1011000.1	1675	1676	331.26	14.9203
PF3D7_1011100.1	4076	4077	874.563	16.1932
PF3D7_1011200.1	615	616	715	87.6211
PF3D7_1011300.1	2545	2546	973.216	28.8559
PF3D7_1011400.1	1509	1510	2679.2	133.941
PF3D7_1011500.1	2002	2003	1759.11	66.2973
PF3D7_1011600.1	2549	2550	1349.1	39.9381
PF3D7_1011700.1	2431	2432	3387.38	105.144
PF3D7_1011800.1	7221	7222	17594	183.904
PF3D7_1011900.1	1559	1560	2142.79	103.69
PF3D7_1012000.1	3742	3743	1639.51	33.0657
PF3D7_1012100.1	2204	2205	3564.39	122.028
PF3D7_1012200.1	1641	1642	2124	97.6484
PF3D7_1012300.1	1529	1530	5386.36	265.759
PF3D7_1012400.1	1532	1533	21734.9	1070.28
PF3D7_1012500.1	3365	3366	1424.16	31.9395
PF3D7_1012600.1	2968	2969	4468.33	113.61
PF3D7_1012700.1	6257	6258	3060.95	36.9236
PF3D7_1012800.1	4296	4297	1536.2	26.9878
PF3D7_1012900.1	3780	3781	1882.64	37.5876
PF3D7_1013000.1	2478	2479	563.025	17.1449
PF3D7_1013100.1	6246	6247	2458.94	29.7139
PF3D7_1013200.1	6375	6376	4717.35	55.8514
PF3D7_1013300.1	2903	2904	1214.87	31.5805
PF3D7_1013400.1	2684	2685	2388	67.1388
PF3D7_1013500.1	4363	4364	6696	115.828
PF3D7_1013600.1	8071	8072	4599.24	43.0119
PF3D7_1013700.1	907	908	2212	183.9
PF3D7_1013800.1	2015	2016	34178	1279.79
PF3D7_1013900.1	4122	4123	2330.61	42.6717
PF3D7_1014000.1	1982	1983	87	3.31192
PF3D7_1014100.1	5995	5996	5628.34	70.8602
PF3D7_1014200.1	2670	2671	192	5.42639
PF3D7_1014300.1	9036	9037	9105	76.057
PF3D7_1014400.1	2656	2657	5619.27	159.651
PF3D7_1014500.1	4619	4620	649.305	10.6094
PF3D7_1014600.1	10487	10488	20118.6	144.807
PF3D7_1014700.1	1579	1580	1462	69.8512
PF3D7_1014800.1	2505	2506	2013	60.6382
PF3D7_1014900.1	7860	7861	8554	82.1438
PF3D7_1015000.1	2012	2013	783.491	29.3815
PF3D7_1015100.1	2069	2070	1054.94	38.4716
PF3D7_1015200.1	2839	2840	324.396	8.62264
PF3D7_1015200.2	2031	2032	868.41	32.2615
PF3D7_1015200.3	1782	1783	2997.34	126.902
PF3D7_1015300.1	3116	3117	1309.98	31.7257
PF3D7_1015400.1	3173	3174	5588.78	132.921
PF3D7_1015500.1	2318	2319	1103.21	35.9122
PF3D7_1015600.1	2576	2577	2626	76.9244
PF3D7_1015700.1	1082	1083	940.129	65.5304
PF3D7_1015700.2	675	676	61.8709	6.90913
PF3D7_1015800.1	1721	1722	6800	298.098
PF3D7_1015900.1	2295	2296	16169	531.612
PF3D7_1016000.1	3193	3194	1833.84	43.3422
PF3D7_1016100.1	774	775	103	10.0327
PF3D7_1016200.1	2403	2404	672.001	21.1018
PF3D7_1016300.1	6359	6360	58708.3	696.828
PF3D7_1016400.1	3040	3041	2925.8	72.6293
PF3D7_1016500.1	3287	3288	1529.69	35.1201
PF3D7_1016600.1	1727	1728	1209	52.8161
PF3D7_1016700.1	4739	4740	2343.12	37.3164
PF3D7_1016800.1	3900	3901	3922.84	75.9117
PF3D7_1016900.1	2506	2507	9023.87	271.72
PF3D7_1017000.1	4569	4570	4216	69.6415
PF3D7_1017100.1	2717	2718	2548.47	70.7806
PF3D7_1017200.1	1593	1594	251	11.8869
PF3D7_1017300.1	2364	2365	1130.64	36.0892
PF3D7_1017300.2	1752	1753	2051.62	88.3482
PF3D7_1017400.1	2019	2020	5445.23	203.493
PF3D7_1017500.1	2178	2179	6682.89	231.521
PF3D7_1017600.1	4200	4201	2363.2	42.4649
PF3D7_1017700.1	2116	2117	739.572	26.372
PF3D7_1017800.1	4336	4337	1754.17	30.5327
PF3D7_1017900.1	2612	2613	4256.64	122.974
PF3D7_1018000.1	1808	1809	2738	114.256
PF3D7_1018100.1	849	850	866.282	76.935
PF3D7_1018200.1	6984	6985	43420.8	469.262
PF3D7_1018300.1	3526	3527	4146.23	88.7425
PF3D7_1018400.1	1010	1011	329.959	24.6373
PF3D7_1018500.1	1190	1191	711.455	45.0941
PF3D7_1018600.1	8251	8252	3470.93	31.7519
PF3D7_1018700.1	4583	4584	1478.9	24.3545
PF3D7_1018800.1	3249	3250	1421.86	33.0261
PF3D7_1018900.1	2438	2439	801.437	24.8051
PF3D7_1019000.1	8489	8490	5575.55	49.5751
PF3D7_1019100.1	6465	6466	2287.3	26.7037
PF3D7_1019200.1	960	961	61	4.7917
PF3D7_1019300.1	8372	8373	2288.3	20.6308
PF3D7_1019400.1	1456	1457	205.001	10.6213
PF3D7_1019500.1	4259	4260	3249.46	57.5819
PF3D7_1019500.2	3726	3727	7856.82	159.137
PF3D7_1019600.1	4365	4366	2781.61	48.0947
PF3D7_1019700.1	3486	3487	1954	42.3015
PF3D7_1019800.1	3255	3256	3590.12	83.2354
PF3D7_1019900.1	1983	1984	521.857	19.8561
PF3D7_1020000.1	2102	2103	13345.9	479.064
PF3D7_1020100.1	985	986	151.024	11.5625
PF3D7_1020200.1	2519	2520	3451	103.378
PF3D7_1020300.1	2811	2812	490.175	13.1589
PF3D7_1020400.1	2496	2497	404.087	12.2163
PF3D7_1020500.1	1642	1643	481	22.0999
PF3D7_1020600.1	6972	6973	2000.72	21.6596
PF3D7_1020700.1	4570	4571	2419.28	39.9539
PF3D7_1020800.1	2194	2195	3251.08	111.809
PF3D7_1020900.1	2362	2363	16592.6	530.072
PF3D7_1021000.1	1531	1532	12835	632.442
PF3D7_1021100.1	6209	6210	946.003	11.4997
PF3D7_1021200.1	2498	2499	3411	103.038
PF3D7_1021300.1	2034	2035	476	17.6574
PF3D7_1021400.1	2911	2912	503.003	13.0396
PF3D7_1021500.1	2812	2813	5447.19	146.179
PF3D7_1021600.1	2600	2601	371.473	10.7813
PF3D7_1021700.1	22154	22155	16300.6	55.5413
PF3D7_1021800.1	7329	7330	93153.1	959.35
PF3D7_1021900.1	9179	9180	15201.1	125.002
PF3D7_1022000.1	6919	6920	1975.01	21.545
PF3D7_1022100.1	1313	1314	333.833	19.1786
PF3D7_1022200.1	2564	2565	2255.1	66.3686
PF3D7_1022300.1	2351	2352	316	10.1422
PF3D7_1022400.1	2537	2538	7027	209.008
PF3D7_1022500.1	3065	3066	2396.66	59.0089
PF3D7_1022600.1	4132	4133	22648.4	413.671
PF3D7_1022700.1	2349	2350	348.259	11.1871
PF3D7_1022800.1	3546	3547	5455.17	116.1
PF3D7_1022900.1	1418	1419	207.301	11.0282
PF3D7_1023000.1	2071	2072	2695.5	98.205
PF3D7_1023100.1	17064	17065	2474	10.944
PF3D7_1023200.1	1708	1709	3233.37	142.823
PF3D7_1023300.1	1405	1406	4434.21	238.075
PF3D7_1023400.1	1798	1799	2745.9	115.222
PF3D7_1023500.1	318	319	643.289	152.229
PF3D7_1023600.1	1539	1540	2299	112.694
PF3D7_1023700.1	2274	2275	143	4.74502
PF3D7_1023800.1	2601	2602	2596.84	75.3392
PF3D7_1023900.1	12142	12143	61489.5	382.26
PF3D7_1024000.1	2524	2525	19962.3	596.805
PF3D7_1024100.1	4044	4045	519.132	9.6882
PF3D7_1024200.1	1166	1167	938	60.6758
PF3D7_1024300.1	931	932	1051.46	85.1645
PF3D7_1024400.1	1821	1822	1567	64.9238
PF3D7_1024500.1	1496	1497	1842.88	92.9306
PF3D7_1024600.1	1717	1718	1085.34	47.6898
PF3D7_1024700.1	2177	2178	10751.3	372.638
PF3D7_1024800.1	7726	7727	48876.9	477.503
PF3D7_1024900.1	5303	5304	4295.23	61.1317
PF3D7_1025000.1	4829	4830	4405.48	68.8541
PF3D7_1025100.1	4184	4185	4517.68	81.4898
PF3D7_1025200.1	1560	1561	412	19.9241
PF3D7_1025300.1	3079	3080	8730.02	213.968
PF3D7_1025400.1	4932	4933	1429	21.8678
PF3D7_1025500.1	17304	17305	5296.19	23.1034
PF3D7_1025600.1	433	434	1598	277.953
PF3D7_1025700.1	979	980	163.503	12.5946
PF3D7_1025800.1	1039	1040	2063	149.744
PF3D7_1025900.1	5226	5227	8246.6	119.098
PF3D7_1026000.1	1832	1833	2343.25	96.5026
PF3D7_1026100.1	1648	1649	5403.4	247.36
PF3D7_1026200.1	2015	2016	659.634	24.7
PF3D7_1026300.1	4003	4004	3069.13	57.8635
PF3D7_1026400.1	2183	2184	856.692	29.6112
PF3D7_1026500.1	574	575	145	19.0364
PF3D7_1026600.1	5770	5771	10855.8	142.002
PF3D7_1026800.1	2746	2747	4441.64	122.059
PF3D7_1026900.1	885	886	6	0.511212
PF3D7_1027000.1	6130	6131	687.027	8.45913
PF3D7_1027100.1	3309	3310	1590.71	36.2784
PF3D7_1027200.1	3134	3135	376.696	9.07062
PF3D7_1027300.1	3513	3514	354205	7609.16
PF3D7_1027400.1	1646	1647	3242.56	148.62
PF3D7_1027500.1	219	220	99	33.97
PF3D7_1027600.1	1382	1383	679	37.0622
PF3D7_1027700.1	1050	1051	331.164	23.7861
PF3D7_1027700.2	540	541	0	0
PF3D7_1027800.1	2408	2409	41549	1301.99
PF3D7_1027900.1	858	859	386	33.9217
PF3D7_1028000.1	2548	2549	2806.08	83.1025
PF3D7_1028100.1	1830	1831	779	32.1168
PF3D7_1028200.1	1859	1860	1299.62	52.7455
PF3D7_1028300.1	1593	1594	319.302	15.1216
PF3D7_1028400.1	2138	2139	1985.44	70.0696
PF3D7_1028500.1	3034	3035	21606.1	537.405
PF3D7_1028600.1	987	988	4548.47	347.53
PF3D7_1028700.1	3913	3914	11767	226.949
PF3D7_1028800.1	1159	1160	9375.5	610.127
PF3D7_1028900.1	1794	1795	206.041	8.66509
PF3D7_1029000.1	2076	2077	541.147	19.6681
PF3D7_1029100.1	4709	4710	774.851	12.4188
PF3D7_1029100.2	4185	4186	36.3823	0.656107
PF3D7_1029200.1	2642	2643	2003	57.2094
PF3D7_1029300.1	2890	2891	2485.89	64.9108
PF3D7_1029400.1	2501	2502	40454	1220.56
PF3D7_1029500.1	417	418	88	15.8924
PF3D7_1029600.1	3098	3099	934.582	22.7656
PF3D7_1029700.1	2331	2332	315	10.1968
PF3D7_1029800.1	2205	2206	1375	47.0523
PF3D7_1029900.1	5832	5833	19541.7	252.904
PF3D7_1030000.1	991	992	278.07	21.1605
PF3D7_1030100.1	5226	5227	2002.03	28.9136
PF3D7_1030200.1	3034	3035	1001.88	24.9197
PF3D7_1030300.1	5137	5138	25825.3	379.432
PF3D7_1030400.1	837	838	702.144	63.2507
PF3D7_1030500.1	2269	2270	700.295	23.2884
PF3D7_1030600.1	2391	2392	3170.68	100.063
PF3D7_1030700.1	1348	1349	1355.35	75.8441
PF3D7_1030800.1	1446	1447	3555.32	185.479
PF3D7_1030900.1	657	658	51	5.85097
PF3D7_1031000.1	1040	1041	2771	200.941
PF3D7_1031100.1	1361	1362	900.183	49.8927
PF3D7_1031200.1	2344	2345	1915.17	61.652
PF3D7_1031300.1	4795	4796	1709.19	26.9026
PF3D7_1031400.1	4729	4730	592.437	9.45506
PF3D7_1031400.2	2838	2839	1993.98	53.0199
PF3D7_1031500.1	3767	3768	1526.18	30.5758
PF3D7_1031600.1	5607	5608	2873.97	38.6863
PF3D7_1031700.1	1346	1347	658.313	36.8934
PF3D7_1031800.1	1844	1845	11896.9	486.768
PF3D7_1031900.1	1803	1804	2503	104.739
PF3D7_1032000.1	3069	3070	6869.41	168.914
PF3D7_1032100.1	6013	6014	2191.46	27.5077
PF3D7_1032200.1	390	391	178	34.3658
PF3D7_1032300.1	2976	2977	2588.1	65.6276
PF3D7_1032400.1	2116	2117	12504.9	445.905
PF3D7_1032500.1	2068	2069	713.061	26.0166
PF3D7_1032600.1	1834	1835	508.228	20.9077
PF3D7_1032700.1	2965	2966	1308.28	33.2976
PF3D7_1032800.1	1385	1386	4216.21	229.637
PF3D7_1032900.1	6004	6005	1023.18	12.8624
PF3D7_1033000.1	2384	2385	1083.18	34.2843
PF3D7_1033100.1	8143	8144	51020.6	472.924
PF3D7_1033200.1	2555	2556	13867.8	409.573
PF3D7_1033300.1	1311	1312	429.186	24.6942
PF3D7_1033400.1	1584	1585	607.646	28.9404
PF3D7_1033500.1	2380	2381	19427	615.928
PF3D7_1033600.1	3429	3430	2552	56.1656
PF3D7_1033700.1	2626	2627	47441.6	1363.27
PF3D7_1033800.1	1353	1354	351	19.5692
PF3D7_1033900.1	2150	2151	34680.6	1217.11
PF3D7_1034000.1	2053	2054	1419	52.1513
PF3D7_1034100.1	423	424	61	10.8604
PF3D7_1034200.1	645	646	809	94.5365
PF3D7_1034300.1	1593	1594	1115	52.8044
PF3D7_1034400.1	2883	2884	1543.23	40.3943
PF3D7_1034500.1	6127	6128	3347.18	41.2328
PF3D7_1034600.1	1527	1528	2245.22	110.922
PF3D7_1034700.1	1620	1621	85.0014	3.95846
PF3D7_1034800.1	1500	1501	1463	73.5779
PF3D7_1034900.1	3391	3392	7029.75	156.447
PF3D7_1035000.1	3740	3741	1790.63	36.1328
PF3D7_1035100.1	2016	2017	36571	1368.72
PF3D7_1035200.1	3468	3469	337025	7334.01
PF3D7_1035300.1	4941	4942	8105.2	123.807
PF3D7_1035400.1	2428	2429	96718	3005.82
PF3D7_1035500.1	2396	2397	1305.47	41.1133
PF3D7_1035600.1	1712	1713	1840	81.0857
PF3D7_1035700.1	3723	3724	6399.56	129.725
PF3D7_1035800.1	3588	3589	1505.2	31.6596
PF3D7_1035900.1	2294	2295	43980	1446.63
PF3D7_1036000.1	2490	2491	9276.52	281.122
PF3D7_1036300.1	2289	2290	429	14.1418
PF3D7_1036400.1	3489	3490	487	10.5338
PF3D7_1036500.1	3190	3191	3877.06	91.719
PF3D7_1036600.1	1483	1484	4992.85	253.979
PF3D7_1036700.1	1427	1428	4137.9	218.744
PF3D7_1036800.1	2672	2673	12346	348.667
PF3D7_1036900.1	8079	8080	12124	113.271
PF3D7_1037000.1	7417	7418	8653.91	88.0662
PF3D7_1037100.1	2984	2985	572.925	14.489
PF3D7_1037200.1	2127	2128	272	9.64897
PF3D7_1037300.1	3787	3788	3712.74	73.9891
PF3D7_1037400.1	4759	4760	683.665	10.8423
PF3D7_1037500.1	2565	2566	1527.23	44.9295
PF3D7_1037600.1	3328	3329	2070.08	46.9416
PF3D7_1037700.1	1302	1303	2312	133.945
PF3D7_1037800.1	2835	2836	634	16.8759
PF3D7_1037900.1	1622	1623	4272.76	198.735
PF3D7_1038000.1	1877	1878	38443.3	1545.29
PF3D7_1038000.2	363	364	16650.4	3453.08
PF3D7_1038100.1	3679	3680	3209.14	65.83
PF3D7_1038200.1	605	606	227	28.2772
PF3D7_1038300.1	1101	1102	330	22.6056
PF3D7_1038400.1	29988	29989	6985.41	17.5838
PF3D7_1038500.1	1975	1976	3288.51	125.631
PF3D7_1038600.1	2481	2482	1586	48.2375
PF3D7_1038700.1	1823	1824	781.669	32.3505
PF3D7_1038800.1	4601	4602	1561.31	25.6109
PF3D7_1038900.1	2693	2694	126.04	3.53177
PF3D7_1039000.1	4547	4548	1898.58	31.5132
PF3D7_1039100.1	1701	1702	189.31	8.3965
PF3D7_1039200.1	453	454	30	4.98826
PF3D7_1039400.1	1347	1348	0	0
PF3D7_1039600.1	828	829	0	0
PF3D7_1039700.1	696	697	46.033	4.98563
PF3D7_1039800.1	693	694	0	0
PF3D7_1039900.1	927	928	707.21	57.5286
PF3D7_1040000.1	1080	1081	0	0
PF3D7_1040100.1	930	931	0	0
PF3D7_1040200.1	1247	1248	180	10.8878
PF3D7_1040300.1	1137	1138	0	0
PF3D7_1040400.1	1047	1048	0	0
PF3D7_1040500.1	1053	1054	6.34678	0.454565
PF3D7_1040600.1	981	982	0	0
PF3D7_1040700.1	1119	1120	0	0
PF3D7_1040800.1	888	889	1	0.0849145
PF3D7_1040900.1	936	937	0	0
PF3D7_1041000.1	1113	1114	1	0.0677639
PF3D7_1041100.1	1005	1006	0	0
PF3D7_1041200.1	1116	1117	2.22202	0.150168
PF3D7_1041300.1	6585	6586	402.758	4.61643
PF3D7_1100100.1	6549	6550	556.365	6.41213
PF3D7_1100200.1	8985	8986	561.473	4.71679
PF3D7_1100300.1	1023	1024	0	0
PF3D7_1100400.1	972	973	0	0
PF3D7_1100500.1	984	985	23.5302	1.80332
PF3D7_1100600.1	846	847	0	0
PF3D7_1100700.1	864	865	0	0
PF3D7_1100800.1	1019	1020	85.3714	6.31823
PF3D7_1100900.1	840	841	0	0
PF3D7_1101000.1	402	403	43.5804	8.16337
PF3D7_1101100.1	1050	1051	52.2504	3.75293
PF3D7_1101200.1	1071	1072	0	0
PF3D7_1101300.1	993	994	1.07558	0.0816842
PF3D7_1101400.1	1083	1084	0	0
PF3D7_1101500.1	927	928	0.00988091	0.000803771
PF3D7_1101600.1	693	694	14.8953	1.62022
PF3D7_1101700.1	696	697	172.62	18.6957
PF3D7_1101800.1	849	850	0	0
PF3D7_1101900.1	429	430	0	0
PF3D7_1102100.1	453	454	30	4.98826
PF3D7_1102200.1	1701	1702	54.6897	2.42566
PF3D7_1102300.1	1901	1902	568	22.5435
PF3D7_1102400.1	3786	3787	3764.42	75.0388
PF3D7_1102500.1	3418	3419	18427.9	406.875
PF3D7_1102600.1	1431	1432	2869.66	151.277
PF3D7_1102700.1	2425	2426	4981.73	155.015
PF3D7_1102800.1	3560	3561	185439	3931.09
PF3D7_1102900.1	914	915	23	1.89754
PF3D7_1103000.1	276	277	51	13.8987
PF3D7_1103100.1	1155	1156	24784.2	1618.46
PF3D7_1103200.1	73	74	78	79.5695
PF3D7_1103300.1	99	100	6	4.52934
PF3D7_1103400.1	5202	5203	1964.81	28.507
PF3D7_1103500.1	1752	1753	1052	45.302
PF3D7_1103600.1	2359	2360	437.053	13.9799
PF3D7_1103700.1	1976	1977	350.223	13.3728
PF3D7_1103800.1	12129	12130	11602.3	72.2048
PF3D7_1103900.1	455	456	2.02695	0.335553
PF3D7_1104000.1	2874	2875	10176.5	267.204
PF3D7_1104100.1	1897	1898	9556.64	380.096
PF3D7_1104200.1	5126	5127	11289	166.217
PF3D7_1104300.1	4497	4498	9296.39	156.019
PF3D7_1104400.1	2319	2320	4555.03	148.213
PF3D7_1104500.1	1935	1936	585	22.8105
PF3D7_1104600.1	1932	1933	403.234	15.7474
PF3D7_1104700.1	1016	1017	591.189	43.8823
PF3D7_1104700.2	555	556	0	0
PF3D7_1104800.1	2423	2424	437.114	13.6127
PF3D7_1104900.1	7517	7518	4534.46	45.531
PF3D7_1105000.1	3953	3954	239765	4577.54
PF3D7_1105100.1	1717	1718	586458	25769
PF3D7_1105200.1	1392	1393	815	44.1662
PF3D7_1105300.1	3214	3215	788.543	18.5152
PF3D7_1105400.1	2876	2877	7578.3	198.845
PF3D7_1105500.1	1507	1508	5634.89	282.077
PF3D7_1105600.1	4702	4703	4776.63	76.6709
PF3D7_1105700.1	2559	2560	800.051	23.5918
PF3D7_1105800.1	1723	1724	5126	224.453
PF3D7_1105900.1	399	400	65	12.267
PF3D7_1106000.1	2725	2726	913.57	25.2988
PF3D7_1106100.1	1098	1099	11862.2	814.798
PF3D7_1106200.1	2435	2436	1587.6	49.1981
PF3D7_1106300.1	3164	3165	6195.18	147.762
PF3D7_1106400.1	1030	1031	441.941	32.3586
PF3D7_1106500.1	6279	6280	9350.84	112.402
PF3D7_1106600.1	4833	4834	1083.14	16.9146
PF3D7_1106700.1	3227	3228	7670.41	179.378
PF3D7_1106800.1	5309	5310	1774.79	25.231
PF3D7_1106900.1	511	512	579	85.3674
PF3D7_1107000.1	1345	1346	370	20.7511
PF3D7_1107100.1	2761	2762	12892.2	352.36
PF3D7_1107200.1	3079	3080	3036.01	74.4109
PF3D7_1107300.1	14888	14889	8116.7	41.1526
PF3D7_1107400.1	1938	1939	155.018	6.03515
PF3D7_1107500.1	1339	1340	974.082	54.875
PF3D7_1107600.1	3438	3439	124.011	2.72215
PF3D7_1107700.1	2574	2575	3412.41	100.039
PF3D7_1107800.1	7686	7687	8456.15	83.0423
PF3D7_1107900.1	5439	5440	1649.03	22.8829
PF3D7_1108000.1	2478	2479	2339.89	71.2528
PF3D7_1108100.1	4743	4744	1868.15	29.7269
PF3D7_1108200.1	1358	1359	260	14.4423
PF3D7_1108300.1	1446	1447	791.042	41.2681
PF3D7_1108400.1	2517	2518	1644.07	49.2888
PF3D7_1108500.1	2108	2109	11606.4	415.435
PF3D7_1108600.1	2640	2641	167516	4788.2
PF3D7_1108700.1	4767	4768	5460.33	86.4502
PF3D7_1108800.1	468	469	28	4.50681
PF3D7_1108900.1	2057	2058	417.998	15.3325
PF3D7_1109000.1	106	107	19	13.4046
PF3D7_1109100.1	4543	4544	258	4.28613
PF3D7_1109200.1	1158	1159	347	22.6011
PF3D7_1109300.1	68	69	0	0
PF3D7_1109400.1	2412	2413	2300.22	71.9607
PF3D7_1109500.1	85	86	1	0.877779
PF3D7_1109600.1	83	84	0	0
PF3D7_1109700.1	203	204	170	62.9075
PF3D7_1109800.1	85	86	1	0.877779
PF3D7_1109900.1	1822	1823	13428	556.042
PF3D7_1110000.1	730	731	1161	119.894
PF3D7_1110100.1	3255	3256	4596.03	106.557
PF3D7_1110200.1	4754	4755	7905.38	125.503
PF3D7_1110300.1	2353	2354	6912.13	221.661
PF3D7_1110400.1	8185	8186	5813.98	53.6149
PF3D7_1110500.1	4271	4272	1883.38	33.2805
PF3D7_1110600.1	1521	1522	10877.6	539.512
PF3D7_1110700.1	1917	1918	549.887	21.6426
PF3D7_1110800.1	1218	1219	856.113	53.0165
PF3D7_1110900.1	2476	2477	786.296	23.9631
PF3D7_1111000.1	2450	2451	459.513	14.1527
PF3D7_1111100.1	2332	2333	2736.63	88.5492
PF3D7_1111200.1	2409	2410	9777	306.247
PF3D7_1111300.1	2274	2275	464.416	15.4102
PF3D7_1111400.1	1026	1027	233.231	17.1435
PF3D7_1111500.1	989	990	304.185	23.1946
PF3D7_1111600.1	2235	2236	424	14.3145
PF3D7_1111700.1	3082	3083	1341.13	32.8382
PF3D7_1111800.1	1460	1461	1271.13	65.6785
PF3D7_1111900.1	1532	1533	591.729	29.1383
PF3D7_1112000.1	1489	1490	920.563	46.6392
PF3D7_1112100.1	8209	8210	27384.6	251.795
PF3D7_1112200.1	1068	1069	7755	547.631
PF3D7_1112300.1	2876	2877	6184	162.261
PF3D7_1112400.1	1176	1177	4436	284.511
PF3D7_1112500.1	1649	1650	1827.04	83.5886
PF3D7_1112600.1	2764	2765	509.23	13.9028
PF3D7_1112700.1	3501	3502	1469	31.6657
PF3D7_1112800.1	1338	1339	355.162	20.023
PF3D7_1112900.1	1184	1185	754	48.0327
PF3D7_1113000.1	18441	18442	10977.1	44.9329
PF3D7_1113100.1	5621	5622	21868.9	293.643
PF3D7_1113200.1	1733	1734	893	38.8764
PF3D7_1113300.1	2003	2004	3438.44	129.523
PF3D7_1113400.1	1408	1409	3137.81	168.112
PF3D7_1113500.1	3360	3361	156.215	3.50863
PF3D7_1113600.1	2209	2210	2679.55	91.5279
PF3D7_1113700.1	1585	1586	462.033	21.9914
PF3D7_1113800.1	3119	3120	1955.1	47.3039
PF3D7_1113900.1	1527	1528	1873	92.5333
PF3D7_1114000.1	528	529	12	1.71242
PF3D7_1114100.1	1586	1587	2981.17	141.806
PF3D7_1114100.2	831	832	757.96	68.7712
PF3D7_1114200.1	2656	2657	2233.3	63.4512
PF3D7_1114300.1	348	349	26	5.62382
PF3D7_1114400.1	1914	1915	2497	98.4313
PF3D7_1114500.1	2095	2096	4951	178.314
PF3D7_1114600.1	1008	1009	311	23.2677
PF3D7_1114700.1	3579	3580	2350.3	49.5592
PF3D7_1114800.1	1586	1587	470.696	22.3896
PF3D7_1114900.1	7846	7847	6699	64.4451
PF3D7_1115000.1	1121	1122	3623.19	243.771
PF3D7_1115100.1	1120	1121	180.276	12.1399
PF3D7_1115200.1	4811	4812	10517.1	164.989
PF3D7_1115300.1	2813	2814	390.398	10.4729
PF3D7_1115400.1	2433	2434	23002.6	713.411
PF3D7_1115500.1	2229	2230	2091	70.7838
PF3D7_1115600.1	1467	1468	27740.9	1426.52
PF3D7_1115700.1	3670	3671	1611.84	33.1453
PF3D7_1115800.1	3426	3427	2389.89	52.6438
PF3D7_1115900.1	2936	2937	2500.85	64.2788
PF3D7_1116000.1	4702	4703	12268.2	196.92
PF3D7_1116100.1	7327	7328	13959.1	143.798
PF3D7_1116200.1	679	680	597.831	66.3671
PF3D7_1116200.2	546	547	232.169	32.0406
PF3D7_1116300.1	1660	1661	511.513	23.2472
PF3D7_1116400.1	3101	3102	35896	873.551
PF3D7_1116500.1	3529	3530	1379.34	29.4972
PF3D7_1116600.1	3718	3719	1376.11	27.9325
PF3D7_1116700.1	3648	3649	10385.4	214.848
PF3D7_1116800.1	4872	4873	16627	257.573
PF3D7_1116900.1	639	640	1215	143.311
PF3D7_1117000.1	3852	3853	180	3.52661
PF3D7_1117100.1	2026	2027	38468	1432.61
PF3D7_1117200.1	5466	5467	2232.56	30.8274
PF3D7_1117300.1	685	686	3920	431.366
PF3D7_1117400.1	2244	2245	1129.59	37.9829
PF3D7_1117500.1	1951	1952	10348	400.184
PF3D7_1117600.1	1359	1360	5562.9	308.778
PF3D7_1117600.2	393	394	233.102	44.6615
PF3D7_1117700.1	2180	2181	32997.5	1142.11
PF3D7_1117800.1	3814	3815	6689.58	132.369
PF3D7_1117900.1	5719	5720	3804.22	50.2057
PF3D7_1118000.1	1618	1619	474	22.1012
PF3D7_1118100.1	2180	2181	248.224	8.59155
PF3D7_1118200.1	3979	3980	3329.08	63.1429
PF3D7_1118300.1	6244	6245	7086.93	85.6661
PF3D7_1118400.1	2556	2557	819.318	24.1883
PF3D7_1118500.1	3124	3125	2366.58	57.1681
PF3D7_1118600.1	2599	2600	1283.05	37.2525
PF3D7_1118700.1	3313	3314	1517	34.5555
PF3D7_1118800.1	1464	1465	1887	97.2339
PF3D7_1118900.1	812	813	320.498	29.759
PF3D7_1119000.1	2437	2438	1605.08	49.6988
PF3D7_1119100.1	1493	1494	677.074	34.2113
PF3D7_1119200.1	1386	1387	3548.98	193.157
PF3D7_1119300.1	1865	1866	27799.9	1124.65
PF3D7_1119400.1	8233	8234	1701.08	15.5955
PF3D7_1119500.1	1364	1365	9742	538.765
PF3D7_1119600.1	4161	4162	2003.41	36.3371
PF3D7_1119700.1	2810	2811	675.686	18.1454
PF3D7_1119800.1	1343	1344	936.221	52.5851
PF3D7_1119900.1	6941	6942	2063.08	22.4345
PF3D7_1120000.1	3623	3624	3224.03	67.1574
PF3D7_1120100.1	2583	2584	6312.54	184.415
PF3D7_1120200.1	1351	1352	229.108	12.7922
PF3D7_1120300.1	2684	2685	4201.64	118.129
PF3D7_1120400.1	2917	2918	376.519	9.7406
PF3D7_1120500.1	3710	3711	2700.21	54.9275
PF3D7_1120600.1	7908	7909	2672.32	25.5064
PF3D7_1120700.1	5206	5207	1232.44	17.8675
PF3D7_1120800.1	703	704	106.001	11.3664
PF3D7_1120900.1	816	817	315	29.1053
PF3D7_1121000.1	1097	1098	8660.4	595.414
PF3D7_1121100.1	6352	6353	4146.77	49.2736
PF3D7_1121200.1	704	705	702	75.1678
PF3D7_1121300.1	6281	6282	10398.7	124.958
PF3D7_1121400.1	1749	1750	4394	189.542
PF3D7_1121500.1	1548	1549	1490	72.6137
PF3D7_1121600.1	3065	3066	115855	2852.51
PF3D7_1121700.1	4678	4679	13501.4	217.825
PF3D7_1121800.1	6075	6076	520	6.46055
PF3D7_1121900.1	2050	2051	2560	94.2232
PF3D7_1122000.1	1936	1937	490	19.0963
PF3D7_1122100.1	2040	2041	6493	240.152
PF3D7_1122200.1	2027	2028	7620	283.642
PF3D7_1122300.1	1086	1087	674	46.8073
PF3D7_1122400.1	3549	3550	3027.47	64.3775
PF3D7_1122500.1	6387	6388	2105.16	24.8774
PF3D7_1122600.1	6182	6183	1194.15	14.5795
PF3D7_1122700.1	1515	1516	426.106	21.2179
PF3D7_1122800.1	5864	5865	2241	28.8441
PF3D7_1122900.1	15756	15757	677.045	3.2436
PF3D7_1123000.1	10984	10985	8655.37	59.4797
PF3D7_1123100.1	7588	7589	18321.2	182.244
PF3D7_1123200.1	3373	3374	739.233	16.5394
PF3D7_1123300.1	3143	3144	3874.59	93.0309
PF3D7_1123400.1	3048	3049	42339.9	1048.28
PF3D7_1123500.1	5049	5050	4738.29	70.8294
PF3D7_1123600.1	3883	3884	815	15.8402
PF3D7_1123700.1	1045	1046	336.191	24.2626
PF3D7_1123800.1	4600	4601	4168	68.3847
PF3D7_1123900.1	1434	1435	330.276	17.3744
PF3D7_1124000.1	2912	2913	3356.87	86.9917
PF3D7_1124100.1	6173	6174	25612.5	313.162
PF3D7_1124200.1	2594	2595	883.856	25.7115
PF3D7_1124300.1	3184	3185	1559.46	36.9613
PF3D7_1124400.1	929	930	1522.52	123.585
PF3D7_1124500.1	2749	2750	1222.23	33.5509
PF3D7_1124600.1	4164	4165	18685.6	338.67
PF3D7_1124700.1	2005	2006	7090.24	266.817
PF3D7_1124800.1	1452	1453	28724.3	1492.34
PF3D7_1124900.1	2208	2209	10832.8	370.193
PF3D7_1125000.1	1641	1642	3804.12	174.89
PF3D7_1125100.1	2107	2108	732.526	26.2323
PF3D7_1125200.1	2541	2542	2827.53	83.9682
PF3D7_1125300.1	4816	4817	8696	136.278
PF3D7_1125400.1	3193	3194	1544.06	36.4932
PF3D7_1125500.1	1434	1435	1104.29	58.0916
PF3D7_1125600.1	1696	1697	2278.57	101.359
PF3D7_1125700.1	3097	3098	3167.29	77.1774
PF3D7_1125800.1	3179	3180	2778.33	65.954
PF3D7_1125900.1	1860	1861	5918.36	240.07
PF3D7_1126000.1	4011	4012	3682.02	69.2801
PF3D7_1126100.1	4399	4400	877.038	15.047
PF3D7_1126200.1	1984	1985	15818	601.554
PF3D7_1126300.1	2078	2079	44980.4	1633.25
PF3D7_1126400.1	1034	1035	5155	375.986
PF3D7_1126500.1	5220	5221	1905.45	27.5503
PF3D7_1126600.1	2795	2796	599.669	16.1904
PF3D7_1126700.1	5208	5209	11877	172.121
PF3D7_1126800.1	3751	3752	638.036	12.8371
PF3D7_1126900.1	989	990	975.215	74.3616
PF3D7_1127000.1	2084	2085	940.693	34.0585
PF3D7_1127100.1	1443	1444	9879.69	516.487
PF3D7_1127200.1	207	208	3	1.08878
PF3D7_1127300.1	1806	1807	1892.27	79.051
PF3D7_1127400.1	1756	1757	646.483	27.776
PF3D7_1127500.1	2225	2226	3269.15	110.865
PF3D7_1127600.1	1324	1325	2962	168.753
PF3D7_1127700.1	1344	1345	87	4.88293
PF3D7_1127800.1	5137	5138	7515.69	110.423
PF3D7_1127900.1	2216	2217	2505.16	85.3008
PF3D7_1128000.1	6202	6203	3072.06	37.3863
PF3D7_1128000.2	5331	5332	5708.97	80.826
PF3D7_1128100.1	1854	1855	1952.1	79.4403
PF3D7_1128200.1	1026	1027	348.35	25.6053
PF3D7_1128300.1	5216	5217	920.34	13.3171
PF3D7_1128400.1	1537	1538	1767.83	86.7699
PF3D7_1128500.1	2381	2382	2100.42	66.5652
PF3D7_1128600.1	2429	2430	82.0461	2.5488
PF3D7_1128700.1	3062	3063	2001.44	49.3265
PF3D7_1128900.1	3077	3078	4593.78	112.664
PF3D7_1129000.1	2293	2294	9899.49	325.764
PF3D7_1129100.1	3367	3368	10175.2	228.064
PF3D7_1129200.1	2126	2127	40173.3	1425.78
PF3D7_1129300.1	5789	5790	4890.43	63.7606
PF3D7_1129400.1	3550	3551	3042.3	64.6748
PF3D7_1129500.1	2589	2590	18638.5	543.244
PF3D7_1129600.1	4238	4239	2353	41.9027
PF3D7_1129700.1	2660	2661	3592.13	101.904
PF3D7_1129800.1	2902	2903	485.426	12.6229
PF3D7_1129850.1	687	688	0	0
PF3D7_1129900.1	2728	2729	612	16.929
PF3D7_1130000.1	4001	4002	6327.38	119.352
PF3D7_1130100.1	1309	1310	5816.26	335.163
PF3D7_1130200.1	2570	2571	22268.7	653.847
PF3D7_1130300.1	100	101	25	18.6854
PF3D7_1130310.1	103	104	0	0
PF3D7_1130400.1	2829	2830	1051.37	28.0449
PF3D7_1130500.1	3914	3915	2668.89	51.4614
PF3D7_1130600.1	3401	3402	1033.51	22.9331
PF3D7_1130700.1	6233	6234	3993.89	48.363
PF3D7_1130800.1	1524	1525	1129	55.8866
PF3D7_1130900.1	4123	4124	2597.2	47.5412
PF3D7_1131000.1	1350	1351	571.619	31.94
PF3D7_1131100.1	2951	2952	49802.7	1273.56
PF3D7_1131200.1	1690	1691	3797.58	169.53
PF3D7_1131300.1	2439	2440	392.572	12.1454
PF3D7_1131400.1	5725	5726	2865.62	37.779
PF3D7_1131500.1	771	772	176	17.2099
PF3D7_1131600.1	8292	8293	1564.26	14.2391
PF3D7_1131700.1	411	412	334	61.1974
PF3D7_1131800.1	6541	6542	5053.16	58.3091
PF3D7_1131900.1	2331	2332	2893.28	93.6582
PF3D7_1132000.1	3093	3094	14894.4	363.4
PF3D7_1132100.1	3393	3394	294	6.53912
PF3D7_1132200.1	2510	2511	14609.8	439.219
PF3D7_1132300.1	1937	1938	1109	43.1978
PF3D7_1132400.1	5765	5766	35572.3	465.715
PF3D7_1132500.1	4320	4321	199.117	3.47862
PF3D7_1132600.1	1922	1923	7491.88	294.1
PF3D7_1132700.1	1607	1608	1359.22	63.8098
PF3D7_1132800.1	2162	2163	908.156	31.6948
PF3D7_1132900.1	2277	2278	16293.2	539.927
PF3D7_1133000.1	1008	1009	1526	114.169
PF3D7_1133100.1	4344	4345	1862.15	32.3526
PF3D7_1133200.1	7140	7141	10537.1	111.39
PF3D7_1133300.1	2304	2305	5146	168.532
PF3D7_1133400.1	3731	3732	9062.66	183.315
PF3D7_1133500.1	1179	1180	1772	113.361
PF3D7_1133600.1	2311	2312	4396.47	143.549
PF3D7_1133700.1	5669	5670	25156.5	334.927
PF3D7_1133800.1	3513	3514	6391.03	137.294
PF3D7_1133900.1	4722	4723	10073	161
PF3D7_1134000.1	3609	3610	14775.6	308.973
PF3D7_1134100.1	3211	3212	12771.7	300.163
PF3D7_1134200.1	6581	6582	3407.2	39.0772
PF3D7_1134300.1	7196	7197	3464.08	36.3346
PF3D7_1134400.1	1256	1257	1976	118.668
PF3D7_1134500.1	6213	6214	7342.48	89.1979
PF3D7_1134600.1	8014	8015	9074.8	85.4707
PF3D7_1134700.1	5428	5429	3531.01	49.0979
PF3D7_1134800.1	1721	1722	1759	77.1108
PF3D7_1134900.1	2049	2050	469	17.2704
PF3D7_1135000.1	1586	1587	1241.07	59.034
PF3D7_1135100.1	3418	3419	1604.5	35.4262
PF3D7_1135200.1	1494	1495	1087	54.8873
PF3D7_1135300.1	2028	2029	88.0015	3.2741
PF3D7_1135400.1	1585	1586	1757	83.6281
PF3D7_1135500.1	1080	1081	3671	256.355
PF3D7_1135600.1	7066	7067	3481.05	37.1843
PF3D7_1135700.1	790	791	34.061	3.2506
PF3D7_1135800.1	1144	1145	661.857	43.6357
PF3D7_1135900.1	1633	1634	5409.32	249.904
PF3D7_1136000.1	10822	10823	9902.05	69.0655
PF3D7_1136100.1	1809	1810	1014	42.2905
PF3D7_1136200.1	2588	2589	4239.02	123.599
PF3D7_1136300.1	4886	4887	5918.14	91.4169
PF3D7_1136400.1	4802	4803	3959.59	62.2331
PF3D7_1136500.1	972	973	109.379	8.48605
PF3D7_1136500.2	975	976	8422.62	651.45
PF3D7_1136600.1	5043	5044	2881.11	43.1189
PF3D7_1136700.1	2737	2738	2661.79	73.3879
PF3D7_1136700.2	1206	1207	3760.91	235.217
PF3D7_1136800.1	4076	4077	1724.22	31.9253
PF3D7_1136900.1	5532	5533	9896.96	135.028
PF3D7_1137000.1	198	199	46492	17636.4
PF3D7_1137100.1	1625	1626	235.89	10.9515
PF3D7_1137200.1	2425	2426	4748.6	147.76
PF3D7_1137300.1	3493	3494	2163.16	46.7357
PF3D7_1137400.1	2378	2379	2502.4	79.4046
PF3D7_1137500.1	1507	1508	2118.93	106.072
PF3D7_1137600.1	1971	1972	300	11.4841
PF3D7_1137700.1	2208	2209	961	32.8406
PF3D7_1137800.1	456	457	504	83.2526
PF3D7_1137900.1	2289	2290	404	13.3177
PF3D7_1138000.1	9747	9748	6395.99	49.5309
PF3D7_1138100.1	1458	1459	435	22.507
PF3D7_1138200.1	753	754	108.658	10.8786
PF3D7_1138300.1	960	961	2329.34	182.976
PF3D7_1138350.1	279	280	76	20.4899
PF3D7_1138400.1	13943	13944	6552.11	35.4713
PF3D7_1138500.1	3450	3451	22258.7	486.898
PF3D7_1138600.1	2535	2536	5390	160.444
PF3D7_1138700.1	6396	6397	4782.14	56.4325
PF3D7_1138800.1	7030	7031	4175.75	44.8333
PF3D7_1138900.1	3360	3361	8084.13	181.572
PF3D7_1139100.1	8547	8548	10090.7	89.113
PF3D7_1139200.1	1662	1663	631.974	28.6874
PF3D7_1139300.1	8683	8684	4475	38.9006
PF3D7_1139400.1	3586	3587	331.491	6.97627
PF3D7_1139500.1	1938	1939	309	12.03
PF3D7_1139600.1	1890	1891	321	12.8144
PF3D7_1139700.1	2784	2785	3939	106.769
PF3D7_1139800.1	6751	6752	8013	89.5873
PF3D7_1139900.1	1665	1666	1190.7	53.9526
PF3D7_1140000.1	1803	1804	690.327	28.887
PF3D7_1140100.1	1625	1626	5473.66	254.121
PF3D7_1140200.1	2635	2636	2816.4	80.6552
PF3D7_1140300.1	3242	3243	974.856	22.6922
PF3D7_1140400.1	1105	1106	1514.06	103.341
PF3D7_1140500.1	5217	5218	1759	25.4475
PF3D7_1140600.1	6380	6381	1397.74	16.5356
PF3D7_1140700.1	10188	10189	2926.34	21.6809
PF3D7_1140800.1	3497	3498	2209	47.6716
PF3D7_1140900.1	5849	5850	2292	29.5762
PF3D7_1141000.1	2472	2473	406.324	12.4031
PF3D7_1141100.1	7692	7693	320.017	3.14023
PF3D7_1141200.1	1086	1087	66.0066	4.58397
PF3D7_1141300.1	4396	4397	23480.1	403.114
PF3D7_1141400.1	1809	1810	37587.6	1567.65
PF3D7_1141500.1	912	913	512	42.3334
PF3D7_1141600.1	789	790	7502	716.859
PF3D7_1141700.1	1368	1369	2857	157.54
PF3D7_1141800.1	2311	2312	1608.26	52.5112
PF3D7_1141900.1	1602	1603	1617	76.1483
PF3D7_1142000.1	2558	2559	577	17.0212
PF3D7_1142100.1	10727	10728	5416.4	38.1132
PF3D7_1142200.1	1133	1134	825.147	54.929
PF3D7_1142300.1	6712	6713	19132.7	215.151
PF3D7_1142400.1	2254	2255	2176.08	72.8472
PF3D7_1142500.1	990	991	2028.57	154.525
PF3D7_1142600.1	1117	1118	12761.4	861.67
PF3D7_1142700.1	2740	2741	705.029	19.417
PF3D7_1142800.1	1235	1236	3077.67	187.969
PF3D7_1142900.1	2367	2368	1919.33	61.186
PF3D7_1143000.1	1491	1492	1612.61	81.5913
PF3D7_1143100.1	6287	6288	7966.31	95.6375
PF3D7_1143200.1	2855	2856	3729.18	98.5686
PF3D7_1143300.1	3172	3173	4667.91	111.055
PF3D7_1143400.1	1895	1896	3462.22	137.848
PF3D7_1143500.1	3307	3308	11177	255.061
PF3D7_1143600.1	1295	1296	606.583	35.332
PF3D7_1143700.1	3092	3093	797.004	19.452
PF3D7_1143800.1	4216	4217	1699.64	30.4255
PF3D7_1143900.1	1516	1517	1165.08	57.9767
PF3D7_1144000.1	995	996	1420	107.625
PF3D7_1144100.1	523	524	222	31.982
PF3D7_1144200.1	1528	1529	3245.1	160.215
PF3D7_1144300.1	891	892	1223.98	103.584
PF3D7_1144400.1	4395	4396	1758	30.1887
PF3D7_1144500.1	2496	2497	1386.62	41.9201
PF3D7_1144600.1	1771	1772	814.876	34.7146
PF3D7_1144700.1	1500	1501	737.019	37.0665
PF3D7_1144800.1	2183	2184	627.959	21.7051
PF3D7_1144900.1	1752	1753	1442.83	62.1321
PF3D7_1145000.1	2069	2070	235	8.57001
PF3D7_1145100.1	4348	4349	2016.08	34.9946
PF3D7_1145200.1	9293	9294	8877.05	72.1023
PF3D7_1145300.1	1017	1018	3132	232.251
PF3D7_1145400.1	3906	3907	7041.24	136.047
PF3D7_1145500.1	3065	3066	566.587	13.9501
PF3D7_1145600.1	2481	2482	1032.67	31.4081
PF3D7_1145700.1	1600	1601	717.158	33.8148
PF3D7_1145800.1	3292	3293	2030.99	46.5585
PF3D7_1145900.1	1303	1304	393.101	22.7568
PF3D7_1146000.1	2688	2689	2157.69	60.5732
PF3D7_1146100.1	1159	1160	169.89	11.0559
PF3D7_1146200.1	635	636	2394	284.152
PF3D7_1146300.1	735	736	102	10.4618
PF3D7_1146500.1	954	955	32	2.52947
PF3D7_1146600.1	7201	7202	8130.5	85.2212
PF3D7_1146700.1	2409	2410	536.183	16.795
PF3D7_1146800.1	11198	11199	2067.93	13.9393
PF3D7_1146900.1	1734	1735	447.384	19.4655
PF3D7_1147000.1	8823	8824	1511.12	12.9276
PF3D7_1147100.1	309	310	184	44.8064
PF3D7_1147200.1	8958	8959	975	8.2154
PF3D7_1147300.1	6407	6408	9287.54	109.411
PF3D7_1147400.1	867	868	31.2052	2.71388
PF3D7_1147500.1	3202	3203	427	10.0636
PF3D7_1147600.1	2565	2566	3250.86	95.6369
PF3D7_1147700.1	1584	1585	2836.59	135.098
PF3D7_1147800.1	6168	6169	1347.16	16.485
PF3D7_1147800.2	6060	6061	1467.84	18.2817
PF3D7_1147900.1	2012	2013	1452.7	54.4774
PF3D7_1148000.1	5364	5365	3407.36	47.9437
PF3D7_1148100.1	1659	1660	1048.22	47.6683
PF3D7_1148200.1	544	545	56.5818	7.83726
PF3D7_1148500.1	273	274	561.142	154.599
PF3D7_1148600.1	2150	2151	177.04	6.21318
PF3D7_1148620.1	168	169	25	11.167
PF3D7_1148640.1	4205	4206	32.5716	0.584592
PF3D7_1148700.1	3803	3804	3629	72.0162
PF3D7_1148800.1	1840	1841	220	9.02095
PF3D7_1148900.1	1990	1991	255.013	9.66884
PF3D7_1149000.1	20482	20483	31161	114.842
PF3D7_1149100.1	3711	3712	8179	166.332
PF3D7_1149100.2	1350	1351	17358.6	969.935
PF3D7_1149200.1	4496	4497	65597.8	1101.16
PF3D7_1149300.1	2049	2050	2241.06	82.5246
PF3D7_1149400.1	2216	2217	602	20.4981
PF3D7_1149500.1	2520	2521	580	17.3676
PF3D7_1149600.1	3554	3555	4851.58	103.021
PF3D7_1149700.1	258	259	5	1.45732
PF3D7_1149800.1	945	946	0	0
PF3D7_1149900.1	927	928	32.2638	2.62453
PF3D7_1150000.1	1110	1111	7.19484	0.488867
PF3D7_1150100.1	861	862	0	0
PF3D7_1150200.1	1017	1018	8	0.593234
PF3D7_1150300.1	1026	1027	0	0
PF3D7_1150400.1	9360	9361	79.7217	0.642892
PF3D7_1200100.1	6537	6538	372.174	4.29719
PF3D7_1200200.1	1137	1138	30.2007	2.00336
PF3D7_1200300.1	1038	1039	5.19952	0.377773
PF3D7_1200400.1	8583	8584	84.1482	0.740012
PF3D7_1200500.1	1722	1723	290.012	12.7061
PF3D7_1200600.1	11562	11563	47084.4	307.39
PF3D7_1200610.1	360	361	0	0
PF3D7_1200700.1	4847	4848	11433.5	178.033
PF3D7_1200800.1	3321	3322	13846	314.637
PF3D7_1200900.1	2633	2634	1807	51.7876
PF3D7_1201000.1	2992	2993	7441.72	187.694
PF3D7_1201100.1	3749	3750	1151.42	23.1784
PF3D7_1201200.1	3573	3574	2190.82	46.2739
PF3D7_1201300.1	321	322	264	61.8916
PF3D7_1201400.1	3390	3391	1046.34	23.2932
PF3D7_1201500.1	2140	2141	1067	37.6211
PF3D7_1201600.1	1645	1646	2086	95.6683
PF3D7_1201700.1	1668	1669	414	18.7252
PF3D7_1201800.1	1718	1719	2868.1	125.951
PF3D7_1201900.1	1658	1659	3821.3	173.879
PF3D7_1202000.1	3198	3199	2012	47.4785
PF3D7_1202100.1	2140	2141	1569.74	55.347
PF3D7_1202100.2	1203	1204	3889.97	243.896
PF3D7_1202200.1	2190	2191	2183.83	75.2421
PF3D7_1202300.1	17956	17957	1875.51	7.88442
PF3D7_1202400.1	1378	1379	555.499	30.409
PF3D7_1202500.1	3985	3986	2578.05	48.8245
PF3D7_1202600.1	6781	6782	75001	834.82
PF3D7_1202700.1	3656	3657	816.631	16.8572
PF3D7_1202800.1	1326	1327	180.725	10.2809
PF3D7_1202900.1	2597	2598	1221.43	35.4906
PF3D7_1203000.1	4241	4242	5177.88	92.1435
PF3D7_1203100.1	1120	1121	4335.07	291.927
PF3D7_1203200.1	818	819	2967.59	273.529
PF3D7_1203300.1	3681	3682	1554.48	31.8701
PF3D7_1203400.1	4485	4486	1221.27	20.5511
PF3D7_1203500.1	2112	2113	2166	77.3824
PF3D7_1203600.1	1511	1512	302.343	15.0949
PF3D7_1203700.1	2330	2331	7745.52	250.837
PF3D7_1203800.1	3009	3010	1560.02	39.1243
PF3D7_1203900.1	846	847	222	19.7858
PF3D7_1204000.1	492	493	95	14.5466
PF3D7_1204100.1	3684	3685	2616.89	53.6082
PF3D7_1204200.1	2043	2044	2260.35	83.4793
PF3D7_1204300.1	3255	3256	4505.07	104.448
PF3D7_1204400.1	1050	1051	545	39.1451
PF3D7_1204500.1	1526	1527	900.032	44.4941
PF3D7_1204600.1	1376	1377	1150.98	63.0981
PF3D7_1204700.1	1761	1762	361.007	15.4666
PF3D7_1204900.1	1518	1519	1245.54	61.899
PF3D7_1205000.1	2411	2412	7113.76	222.641
PF3D7_1205100.1	2436	2437	6558.38	203.154
PF3D7_1205200.1	1406	1407	257	13.7887
PF3D7_1205300.1	1727	1728	1354.71	59.1815
PF3D7_1205400.1	4233	4234	2524.05	45.0018
PF3D7_1205500.1	6855	6856	2621.83	28.8681
PF3D7_1205600.1	2363	2364	15518.6	495.55
PF3D7_1205700.1	1628	1629	976.37	45.2457
PF3D7_1205800.1	8343	8344	10605.9	95.9522
PF3D7_1205900.1	3652	3653	24483.2	505.944
PF3D7_1206000.1	2639	2640	661.462	18.9141
PF3D7_1206100.1	1615	1616	286	13.3601
PF3D7_1206200.1	4754	4755	23055.9	366.029
PF3D7_1206300.1	8806	8807	4206.61	36.0568
PF3D7_1206400.1	1601	1602	639	30.1108
PF3D7_1206500.1	2709	2710	2713.34	75.5819
PF3D7_1206600.1	5438	5439	4088.18	56.7407
PF3D7_1206700.1	6238	6239	4485.75	54.2755
PF3D7_1206800.1	2665	2666	2125.83	60.1939
PF3D7_1206900.1	2092	2093	575.185	20.7454
PF3D7_1207000.1	9210	9211	8038.17	65.877
PF3D7_1207100.1	3957	3958	8785.58	167.563
PF3D7_1207200.1	10491	10492	1136.88	8.17972
PF3D7_1207300.1	330	331	251	57.2439
PF3D7_1207400.1	1188	1189	336	21.3325
PF3D7_1207500.1	1250	1251	2529.38	152.63
PF3D7_1207600.1	2864	2865	2254.73	59.4091
PF3D7_1207700.1	1128	1129	3515	235.025
PF3D7_1207800.1	3412	3413	5017	110.966
PF3D7_1207900.1	1289	1290	1414	82.7453
PF3D7_1208000.1	384	385	415	81.3712
PF3D7_1208100.1	14004	14005	8895	47.9453
PF3D7_1208200.1	10806	10807	2069.33	14.4547
PF3D7_1208300.1	1537	1538	1442.22	70.7879
PF3D7_1208400.1	5596	5597	1474.01	19.8806
PF3D7_1208500.1	5603	5604	179.035	2.4117
PF3D7_1208600.1	956	957	876.452	69.1353
PF3D7_1208700.1	1360	1361	19373	1074.54
PF3D7_1208800.1	4583	4584	1745.44	28.7438
PF3D7_1208900.1	8491	8492	12063.6	107.239
PF3D7_1209000.1	1086	1087	2831.96	196.671
PF3D7_1209100.1	3079	3080	275	6.74009
PF3D7_1209200.1	1089	1090	706.878	48.9555
PF3D7_1209300.1	5166	5167	3759.13	54.9203
PF3D7_1209400.1	3640	3641	3430.12	71.1167
PF3D7_1209500.1	3727	3728	153.471	3.10767
PF3D7_1209500.2	2679	2680	238.672	6.7228
PF3D7_1209600.1	1469	1470	80.0716	4.11192
PF3D7_1209700.1	1478	1479	4950.08	252.655
PF3D7_1209800.1	1141	1142	69.9937	4.62675
PF3D7_1209900.1	3247	3248	2967.82	68.9771
PF3D7_1210000.1	2082	2083	1018.35	36.9056
PF3D7_1210100.1	2513	2514	924.817	27.7699
PF3D7_1210200.1	3752	3753	663.592	13.3477
PF3D7_1210300.1	1088	1089	691	47.8998
PF3D7_1210400.1	3581	3582	2208.68	46.5468
PF3D7_1210500.1	1801	1802	443.016	18.5587
PF3D7_1210600.1	4917	4918	4266.16	65.4836
PF3D7_1210700.1	2789	2790	906	24.5136
PF3D7_1210800.1	100	101	1	0.747416
PF3D7_1210900.1	1667	1668	3993	180.712
PF3D7_1211000.1	5535	5536	3796.24	51.7656
PF3D7_1211100.1	696	697	45	4.87375
PF3D7_1211200.1	5791	5792	13962	181.972
PF3D7_1211300.1	5121	5122	6735.23	99.2651
PF3D7_1211400.1	2329	2330	2253.78	73.0197
PF3D7_1211500.1	2255	2256	195.149	6.52997
PF3D7_1211600.1	9032	9033	7096	59.3014
PF3D7_1211700.1	3904	3905	1680.86	32.4934
PF3D7_1211800.1	2355	2356	24872.8	796.955
PF3D7_1211900.1	6137	6138	7006.5	86.1703
PF3D7_1212000.1	1376	1377	6837.51	374.841
PF3D7_1212100.1	2281	2282	1468.2	48.5683
PF3D7_1212200.1	3410	3411	704.161	15.5838
PF3D7_1212300.1	4612	4613	3510.52	57.4476
PF3D7_1212400.1	1546	1547	389.337	18.9985
PF3D7_1212500.1	2981	2982	1381.25	34.9662
PF3D7_1212600.1	935	936	1825	147.187
PF3D7_1212700.1	7171	7172	29677.1	312.366
PF3D7_1212800.1	2871	2872	2225.31	58.4911
PF3D7_1212900.1	5429	5430	7908.71	109.948
PF3D7_1213000.1	753	754	568	56.867
PF3D7_1213100.1	164	165	131	59.9337
PF3D7_1213200.1	1248	1249	327	19.7637
PF3D7_1213300.1	336	337	36	8.06411
PF3D7_1213400.1	1731	1732	78	3.39962
PF3D7_1213500.1	2097	2098	95	3.41823
PF3D7_1213600.1	1660	1661	2254	102.439
PF3D7_1213700.1	1053	1054	1488.88	106.636
PF3D7_1213800.1	4049	4050	3122.24	58.1962
PF3D7_1213900.1	4396	4397	28147.7	483.248
PF3D7_1214000.1	2901	2902	3726.83	96.945
PF3D7_1214100.1	4748	4749	2131.37	33.8797
PF3D7_1214200.1	1412	1413	238.907	12.7635
PF3D7_1214300.1	1803	1804	1415	59.2111
PF3D7_1214400.1	872	873	105.157	9.09301
PF3D7_1214500.1	1535	1536	420.415	20.6619
PF3D7_1214600.1	1230	1231	133.682	8.19784
PF3D7_1214700.1	1385	1386	411.102	22.3908
PF3D7_1214800.1	1187	1188	727.32	46.216
PF3D7_1214900.1	1129	1130	69.0035	4.60974
PF3D7_1215000.1	1442	1443	578.984	30.2889
PF3D7_1215100.1	3774	3775	3814.22	76.2733
PF3D7_1215200.1	1781	1782	5176.78	219.298
PF3D7_1215300.1	958	959	4257	335.096
PF3D7_1215400.1	2660	2661	1512.01	42.8937
PF3D7_1215500.1	210	211	277	99.1017
PF3D7_1215600.1	461	462	696	113.724
PF3D7_1215700.1	3342	3343	403	9.10023
PF3D7_1215800.1	1101	1102	306	20.9616
PF3D7_1215900.1	2608	2609	414.031	11.9796
PF3D7_1216000.1	2410	2411	7908	247.601
PF3D7_1216100.1	882	883	448	38.3002
PF3D7_1216200.1	2176	2177	4195.22	145.472
PF3D7_1216300.1	1518	1519	1768.46	87.8865
PF3D7_1216400.1	3173	3174	8843	210.318
PF3D7_1216500.1	1867	1868	11588	468.289
PF3D7_1216600.1	549	550	3360	461.169
PF3D7_1216700.1	3222	3223	1034	24.2183
PF3D7_1216800.1	72	73	18	18.6137
PF3D7_1216900.1	6208	6209	14271.9	173.518
PF3D7_1217000.1	792	793	1011.98	96.3345
PF3D7_1217100.1	1303	1304	393.067	22.7548
PF3D7_1217100.2	924	925	951.933	77.687
PF3D7_1217200.1	3901	3902	5429.25	105.035
PF3D7_1217300.1	3776	3777	8049.63	160.884
PF3D7_1217400.1	3752	3753	1803.52	36.2765
PF3D7_1217500.1	3229	3230	1688.24	39.4563
PF3D7_1217600.1	897	898	23	1.93346
PF3D7_1217700.1	2061	2062	992.553	36.337
PF3D7_1217800.1	618	619	1067	130.124
PF3D7_1217900.1	1927	1928	9973.54	390.504
PF3D7_1218000.1	2266	2267	5461.13	181.851
PF3D7_1218100.1	1392	1393	240	13.006
PF3D7_1218200.1	7000	7001	25674.3	276.836
PF3D7_1218300.1	3668	3669	1232.71	25.3629
PF3D7_1218400.1	3204	3205	883.252	20.8037
PF3D7_1218500.1	4243	4244	3749.6	66.695
PF3D7_1218600.1	3099	3100	1475.34	35.9265
PF3D7_1218700.1	1491	1492	505	25.5509
PF3D7_1218800.1	1576	1577	1172.12	56.1081
PF3D7_1218900.1	2778	2779	2447.95	66.4964
PF3D7_1219000.1	11335	11336	10661.5	70.9972
PF3D7_1219100.1	6984	6985	8464.24	91.4756
PF3D7_1219200.1	704	705	277	29.6602
PF3D7_1219300.1	6771	6772	1077.02	12.0058
PF3D7_1219400.1	3420	3421	182.434	4.02565
PF3D7_1219500.1	813	814	20	1.85477
PF3D7_1219600.1	5387	5388	28999	406.293
PF3D7_1219700.1	573	574	82	10.7841
PF3D7_1219800.1	162	163	181	83.8252
PF3D7_1219900.1	1233	1234	1812	110.848
PF3D7_1220000.1	1308	1309	154	8.88106
PF3D7_1220100.1	2916	2917	1564	40.4747
PF3D7_1220200.1	1724	1725	2041.95	89.3592
PF3D7_1220300.1	8577	8578	4825	42.4615
PF3D7_1220400.1	2973	2974	795.754	20.1986
PF3D7_1220500.1	1534	1535	379.329	18.6548
PF3D7_1220600.1	1017	1018	1004	74.4508
PF3D7_1220700.1	2658	2659	117	3.32163
PF3D7_1220900.1	2768	2769	7352.49	200.445
PF3D7_1221000.1	9156	9157	21816.4	179.851
PF3D7_1221100.1	1522	1523	474.336	23.5109
PF3D7_1221200.1	610	611	867	107.118
PF3D7_1221300.1	2929	2930	14653.3	377.531
PF3D7_1221400.1	2383	2384	519	16.4341
PF3D7_1221500.1	3160	3161	706.139	16.8635
PF3D7_1221600.1	1945	1946	168.425	6.53351
PF3D7_1221700.1	2923	2924	1665.5	42.9982
PF3D7_1221800.1	3528	3529	6183.23	132.266
PF3D7_1221900.1	4511	4512	2750.32	46.0149
PF3D7_1222000.1	1710	1711	1393	61.4589
PF3D7_1222100.1	1970	1971	2178.79	83.4473
PF3D7_1222200.1	145	146	88	45.5002
PF3D7_1222300.1	3567	3568	15928.3	337
PF3D7_1222400.1	9834	9835	1705	13.0868
PF3D7_1222500.1	3275	3276	5685.16	131.003
PF3D7_1222600.1	8270	8271	1357.44	12.3893
PF3D7_1222700.1	2281	2282	1819.13	60.1771
PF3D7_1222800.1	2016	2017	672.047	25.1523
PF3D7_1222900.1	2417	2418	444.62	13.8809
PF3D7_1223000.1	1149	1150	192.353	12.6266
PF3D7_1223100.1	2123	2124	59862	2127.55
PF3D7_1223200.1	2334	2335	16830.6	544.123
PF3D7_1223300.1	4242	4243	17603.4	313.19
PF3D7_1223400.1	6854	6855	31154.1	343.076
PF3D7_1223500.1	14014	14015	14241.5	76.7092
PF3D7_1223600.1	5836	5837	1996.28	25.8176
PF3D7_1223700.1	1877	1878	26264.6	1055.74
PF3D7_1223800.1	1156	1157	14486	945.146
PF3D7_1223900.1	1564	1565	1063.39	51.2934
PF3D7_1224000.1	1872	1873	7072.11	285.033
PF3D7_1224100.1	2248	2249	31286.7	1050.16
PF3D7_1224200.1	3034	3035	571.497	14.2147
PF3D7_1224300.1	7668	7669	11418	112.392
PF3D7_1224400.1	3262	3263	4831.84	111.784
PF3D7_1224500.1	2886	2887	1759.02	45.9948
PF3D7_1224600.1	1466	1467	437.417	22.5086
PF3D7_1224700.1	5766	5767	16216.8	212.275
PF3D7_1224800.1	1954	1955	471.033	18.1881
PF3D7_1224900.1	898	899	4189.27	351.773
PF3D7_1225000.1	5187	5188	1695.09	24.6647
PF3D7_1225100.1	5255	5256	5839	83.8623
PF3D7_1225200.1	4347	4348	828.005	14.3756
PF3D7_1225300.1	2232	2233	439.918	14.8719
PF3D7_1225400.1	1163	1164	1843.59	119.563
PF3D7_1225500.1	1977	1978	767.501	29.2911
PF3D7_1225600.1	3013	3014	3562.51	89.2271
PF3D7_1225700.1	5283	5284	1112.32	15.891
PF3D7_1225800.1	4760	4761	7772.29	123.235
PF3D7_1225900.1	3024	3025	2205	55.0259
PF3D7_1226000.1	3163	3164	3074	73.3417
PF3D7_1226100.1	2265	2266	1189.9	39.6399
PF3D7_1226200.1	4729	4730	802.404	12.8061
PF3D7_1226300.1	2515	2516	1945.62	58.3755
PF3D7_1226400.1	2983	2984	2680	67.7984
PF3D7_1226500.1	4518	4519	1228.11	20.5154
PF3D7_1226600.1	1359	1360	207	11.4899
PF3D7_1226700.1	3426	3427	3160.39	69.6162
PF3D7_1226800.1	3053	3054	4316.93	106.706
PF3D7_1226900.1	1795	1796	22546.1	947.653
PF3D7_1227000.1	1712	1713	10922.5	481.337
PF3D7_1227100.1	3536	3537	1036	22.111
PF3D7_1227200.1	7997	7998	6487.98	61.2367
PF3D7_1227300.1	3489	3490	510	11.0313
PF3D7_1227400.1	4181	4182	778.601	14.0545
PF3D7_1227500.1	8984	8985	3772.75	31.6974
PF3D7_1227600.1	4726	4727	1485.38	23.7212
PF3D7_1227700.1	4226	4227	5203.56	92.9292
PF3D7_1227800.1	3920	3921	7010.28	134.965
PF3D7_1227900.1	1966	1967	4700.21	180.383
PF3D7_1228000.1	1276	1277	156.652	9.2604
PF3D7_1228100.1	1344	1345	1304.35	73.2073
PF3D7_1228200.1	2762	2763	1112.52	30.3956
PF3D7_1228300.1	5621	5622	2932.75	39.3793
PF3D7_1228400.1	5311	5312	1610.18	22.8824
PF3D7_1228500.1	1996	1997	6700.9	253.302
PF3D7_1228600.1	2611	2612	35558	1027.66
PF3D7_1228700.1	4616	4617	5953.75	97.3451
PF3D7_1228800.1	10724	10725	13697.1	96.4082
PF3D7_1228900.1	3037	3038	6937	172.372
PF3D7_1229000.1	5909	5910	2091.01	26.7087
PF3D7_1229100.1	10802	10803	13462.1	94.0705
PF3D7_1229200.1	1171	1172	2421.9	155.995
PF3D7_1229300.1	3118	3119	49372	1194.95
PF3D7_1229400.1	1393	1394	56214.9	3044.19
PF3D7_1229500.1	3119	3120	12546.1	303.554
PF3D7_1229600.1	4307	4308	19609	343.609
PF3D7_1229700.1	837	838	4017.48	361.904
PF3D7_1229800.1	8647	8648	8292.39	72.3848
PF3D7_1229900.1	2410	2411	946.241	29.627
PF3D7_1229900.2	2016	2017	5318.28	199.044
PF3D7_1230000.1	6668	6669	4631.76	52.4287
PF3D7_1230100.1	1723	1724	308	13.4864
PF3D7_1230200.1	3348	3349	7173.08	161.687
PF3D7_1230300.1	1224	1225	661.008	40.7337
PF3D7_1230400.1	1151	1152	166	10.8778
PF3D7_1230500.1	2356	2357	136.771	4.38046
PF3D7_1230600.1	1987	1988	10358	393.318
PF3D7_1230700.1	3687	3688	1739.09	35.597
PF3D7_1230800.1	2998	2999	7644.29	192.417
PF3D7_1230900.1	4023	4024	3579.57	67.1517
PF3D7_1231000.1	3295	3296	1372.19	31.4276
PF3D7_1231100.1	1805	1806	1967.87	82.2549
PF3D7_1231200.1	1959	1960	7128.23	274.542
PF3D7_1231300.1	3334	3335	838.113	18.971
PF3D7_1231400.1	6431	6432	9420	110.558
PF3D7_1231500.1	2315	2316	2090.28	68.1318
PF3D7_1231600.1	5096	5097	7242.67	107.267
PF3D7_1231700.1	1405	1406	194.494	10.4425
PF3D7_1231800.1	7952	7953	2167.38	20.5725
PF3D7_1231900.1	3912	3913	1695.87	32.7166
PF3D7_1232000.1	2833	2834	1184.13	31.5414
PF3D7_1232100.1	3010	3011	5482.07	137.441
PF3D7_1232200.1	2104	2105	2858	102.493
PF3D7_1232300.1	1609	1610	684.266	32.0836
PF3D7_1232400.1	1719	1720	19752.6	866.921
PF3D7_1232500.1	3805	3806	51555.9	1022.57
PF3D7_1232600.1	1856	1857	373.431	15.1804
PF3D7_1232700.1	3103	3104	1025.25	24.934
PF3D7_1232800.1	560	561	404.748	54.4635
PF3D7_1232900.1	2433	2434	2553	79.1797
PF3D7_1233000.1	3028	3029	1268	31.6012
PF3D7_1233050.1	99	100	7	5.28423
PF3D7_1233100.1	1201	1202	3524.69	221.36
PF3D7_1233200.1	12963	12964	857.181	4.99134
PF3D7_1233200.2	9696	9697	1697.27	13.2129
PF3D7_1233300.1	4437	4438	7752.65	131.87
PF3D7_1233400.1	3321	3322	383.362	8.71149
PF3D7_1233600.1	19173	19174	61135	240.692
PF3D7_1233700.1	2429	2430	664	20.6274
PF3D7_1233800.1	885	886	10506.2	895.15
PF3D7_1233900.1	3934	3935	1465.04	28.1053
PF3D7_1234000.1	1771	1772	633.028	26.9676
PF3D7_1234100.1	12477	12478	18504.5	111.948
PF3D7_1234200.1	6201	6202	5555	67.6139
PF3D7_1234300.1	1904	1905	18210	721.603
PF3D7_1234400.1	1971	1972	35	1.33981
PF3D7_1234500.1	1856	1857	2043.18	83.0575
PF3D7_1234600.1	3837	3838	5716.21	112.431
PF3D7_1234700.1	4156	4157	2007.33	36.4521
PF3D7_1234800.1	5722	5723	4479.64	59.0884
PF3D7_1234900.1	1298	1299	48989.6	2846.94
PF3D7_1235000.1	1356	1357	117	6.50863
PF3D7_1235100.1	823	824	2285	209.335
PF3D7_1235200.1	4351	4352	2651.8	45.9976
PF3D7_1235300.1	7386	7387	5764.09	58.9042
PF3D7_1235400.1	3575	3576	7690	162.335
PF3D7_1235500.1	2444	2445	4444	137.208
PF3D7_1235600.1	2043	2044	19955.9	737.012
PF3D7_1235700.1	3022	3023	977.921	24.4202
PF3D7_1235800.1	6045	6046	1918	23.9477
PF3D7_1235900.1	4272	4273	2566.19	45.3356
PF3D7_1236000.1	1862	1863	254.021	10.293
PF3D7_1236100.1	2873	2874	2794.21	73.3932
PF3D7_1236200.1	7938	7939	7620.39	72.4595
PF3D7_1236300.1	2045	2046	1014.13	37.4171
PF3D7_1236400.1	2513	2514	2511.44	75.4122
PF3D7_1236500.1	810	811	94	8.74965
PF3D7_1236600.1	459	460	32	5.25141
PF3D7_1236650.1	177	178	10969	4651.9
PF3D7_1236700.1	2173	2174	1910.42	66.3365
PF3D7_1236800.1	1820	1821	9350	387.601
PF3D7_1236900.1	3914	3915	7098.55	136.874
PF3D7_1237000.1	2983	2984	707.583	17.9004
PF3D7_1237100.1	8969	8970	1696.18	14.2746
PF3D7_1237200.1	6522	6523	5190.5	60.0683
PF3D7_1237300.1	924	925	153.172	12.5003
PF3D7_1237400.1	1638	1639	961.031	44.2631
PF3D7_1237500.1	6961	6962	2358.63	25.5746
PF3D7_1237600.1	2523	2524	12244.2	366.206
PF3D7_1237700.1	2224	2225	9779.88	331.808
PF3D7_1237800.1	1227	1228	981.993	60.3662
PF3D7_1237900.1	4117	4118	53927	988.561
PF3D7_1238000.1	1317	1318	2209.15	126.53
PF3D7_1238100.1	1599	1600	889.26	41.9558
PF3D7_1238200.1	1050	1051	746	53.5821
PF3D7_1238300.1	3853	3854	4640.61	90.8965
PF3D7_1238400.1	1067	1068	254.298	17.9744
PF3D7_1238500.1	6899	6900	5082.21	55.6016
PF3D7_1238600.1	3234	3235	1322.04	30.8499
PF3D7_1238700.1	3125	3126	2722.43	65.7432
PF3D7_1238800.1	5934	5935	7605.85	96.7411
PF3D7_1238900.1	6365	6366	1708.34	20.2578
PF3D7_1239000.1	4919	4920	2001.76	30.7135
PF3D7_1239100.1	2181	2182	318.622	11.0231
PF3D7_1239200.1	8957	8958	14619.8	123.201
PF3D7_1239300.1	1738	1739	1335.02	57.9525
PF3D7_1239400.1	540	541	417	58.1865
PF3D7_1239500.1	4007	4008	2173.67	40.9402
PF3D7_1239600.1	1716	1717	479.018	21.0603
PF3D7_1239700.1	4384	4385	4830.52	83.1587
PF3D7_1239800.1	17753	17754	60260	256.222
PF3D7_1239900.1	3711	3712	3206.03	65.1993
PF3D7_1240000.1	2175	2176	201.455	6.98881
PF3D7_1240100.1	1331	1332	402.055	22.7858
PF3D7_1240200.1	2553	2554	28	0.8276
PF3D7_1240300.1	7941	7942	276.078	2.62413
PF3D7_1240400.1	7548	7549	1621.47	16.2145
PF3D7_1240500.1	135	136	1.33333	0.740088
PF3D7_1240600.1	7080	7081	745.195	7.94436
PF3D7_1240700.1	1038	1039	3.08349	0.224032
PF3D7_1240800.1	135	136	0	0
PF3D7_1240900.1	8198	8199	619.789	5.70646
PF3D7_1241000.1	135	136	14	7.77092
PF3D7_1241100.1	2303	2304	4684.75	153.493
PF3D7_1241200.1	7590	7591	6098.29	60.6447
PF3D7_1241300.1	2108	2109	1493	53.44
PF3D7_1241400.1	8419	8420	652.12	5.84654
PF3D7_1241500.1	2391	2392	628.396	19.8315
PF3D7_1241600.1	2031	2032	489.067	18.1689
PF3D7_1241700.1	2654	2655	1448.79	41.1931
PF3D7_1241800.1	4302	4303	1500.89	26.3306
PF3D7_1241900.1	3583	3584	4366.51	91.9709
PF3D7_1242000.1	2035	2036	178.018	6.60038
PF3D7_1242100.1	416	417	297	53.7655
PF3D7_1242200.1	2186	2187	1091.88	37.6886
PF3D7_1242300.1	1414	1415	1151.47	61.4299
PF3D7_1242400.1	1745	1746	3279	141.769
PF3D7_1242500.1	1819	1820	2562.78	106.298
PF3D7_1242600.1	2389	2390	595.142	18.7978
PF3D7_1242700.1	1189	1190	4401	279.182
PF3D7_1242800.1	2772	2773	3318.05	90.3269
PF3D7_1242900.1	1997	1998	2906.01	109.796
PF3D7_1243000.1	1583	1584	1194	56.9027
PF3D7_1243100.1	1063	1064	506.006	35.9002
PF3D7_1243200.1	252	253	34	10.1448
PF3D7_1243300.1	240	241	59	18.4807
PF3D7_1243400.1	2352	2353	393.006	12.6084
PF3D7_1243500.1	1496	1497	3385.1	170.7
PF3D7_1243600.1	2687	2688	15796.9	443.636
PF3D7_1243700.1	4384	4385	3705.94	63.7987
PF3D7_1243800.1	2346	2347	34.3334	1.1043
PF3D7_1243900.1	6196	6197	4287	52.2222
PF3D7_1244000.1	4093	4094	6649.47	122.609
PF3D7_1244100.1	5192	5193	5664.36	82.3411
PF3D7_1244200.1	4689	4690	4078.13	65.6405
PF3D7_1244300.1	242	243	22200	6896.52
PF3D7_1244400.1	6814	6815	7381.08	81.7594
PF3D7_1244500.1	2433	2434	5.2738	0.163564
PF3D7_1244600.1	1933	1934	14981.4	584.762
PF3D7_1244700.1	2436	2437	2925.71	90.6273
PF3D7_1244800.1	2354	2355	656.473	21.0431
PF3D7_1244900.1	4251	4252	3600.79	63.9275
PF3D7_1245000.1	1563	1564	9323.2	449.999
PF3D7_1245100.1	5292	5293	3481.16	49.6485
PF3D7_1245200.1	5042	5043	612.787	9.17285
PF3D7_1245300.1	965	966	291	22.7405
PF3D7_1245400.1	1481	1482	6854.89	349.169
PF3D7_1245500.1	1462	1463	9025.95	465.728
PF3D7_1245600.1	4818	4819	405.005	6.34434
PF3D7_1245700.1	916	917	144.229	11.8732
PF3D7_1245800.1	1296	1297	5816	338.507
PF3D7_1245900.1	1652	1653	670.084	30.6013
PF3D7_1246000.1	1452	1453	585	30.393
PF3D7_1246100.1	2411	2412	488	15.2731
PF3D7_1246200.1	3426	3427	45120.1	993.894
PF3D7_1246300.1	3431	3432	5505	121.086
PF3D7_1246400.1	2289	2290	3956.68	130.431
PF3D7_1246500.1	2102	2103	1827.58	65.6025
PF3D7_1246600.1	1967	1968	565	21.6724
PF3D7_1246700.1	2098	2099	6723.86	241.819
PF3D7_1246800.1	1625	1626	526.21	24.4299
PF3D7_1246900.1	3268	3269	3190.29	73.6714
PF3D7_1247000.1	1564	1565	4741.39	228.705
PF3D7_1247000.2	1092	1093	5723.88	395.325
PF3D7_1247100.1	1974	1975	578.87	22.1257
PF3D7_1247200.1	1042	1043	982.245	71.0917
PF3D7_1247300.1	2971	2972	1409.4	35.7988
PF3D7_1247400.1	3675	3676	2106.88	43.266
PF3D7_1247500.1	3137	3138	3662	88.0945
PF3D7_1247600.1	1485	1486	980	49.7841
PF3D7_1247700.1	1653	1654	552.524	25.2173
PF3D7_1247800.1	2384	2385	745.947	23.6104
PF3D7_1247900.1	1743	1744	1597.95	69.1671
PF3D7_1248000.1	1535	1536	2541.47	124.904
PF3D7_1248100.1	1590	1591	9617.98	456.349
PF3D7_1248200.1	1493	1494	2194	110.859
PF3D7_1248300.1	1350	1351	74.4992	4.16274
PF3D7_1248400.1	1105	1106	1381	94.2589
PF3D7_1248500.1	3025	3026	4337.94	108.218
PF3D7_1248600.1	3384	3385	6815.34	151.989
PF3D7_1248700.1	7907	7908	38052.4	363.245
PF3D7_1248800.1	285	286	671	177.109
PF3D7_1248900.1	2175	2176	2333	80.9356
PF3D7_1249000.1	2629	2630	433.304	12.4371
PF3D7_1249100.1	2001	2002	4099	154.56
PF3D7_1249200.1	543	544	14	1.94273
PF3D7_1249300.1	3879	3880	2034.09	39.575
PF3D7_1249400.1	945	946	681.208	54.3591
PF3D7_1249500.1	868	869	6182.04	537.026
PF3D7_1249600.1	3024	3025	920.21	22.9639
PF3D7_1249700.1	4488	4489	103.025	1.73252
PF3D7_1249800.1	9647	9648	5818.17	45.5232
PF3D7_1249900.1	2430	2431	1147.5	35.6328
PF3D7_1250000.1	1325	1326	239.444	13.6315
PF3D7_1250100.1	9360	9361	1466	11.8221
PF3D7_1250200.1	5045	5046	11989.3	179.362
PF3D7_1250300.1	1831	1832	2348.4	96.7675
PF3D7_1250400.1	2566	2567	2051.25	60.3222
PF3D7_1250500.1	1251	1252	4426.39	266.888
PF3D7_1250600.1	3501	3502	1140.03	24.5744
PF3D7_1250700.1	2767	2768	2425.22	66.1408
PF3D7_1250800.1	5459	5460	17786.7	245.916
PF3D7_1250900.1	1142	1143	10516	694.525
PF3D7_1251000.1	561	562	128	17.1932
PF3D7_1251100.1	850	851	4312	382.501
PF3D7_1251200.1	2654	2655	7202.79	204.795
PF3D7_1251300.1	1315	1316	1966.51	112.804
PF3D7_1251400.1	1919	1920	4472	175.826
PF3D7_1251500.1	2819	2820	2688.81	71.9771
PF3D7_1251600.1	3147	3148	962.232	23.0743
PF3D7_1251700.1	2296	2297	7575.53	248.963
PF3D7_1251800.1	2399	2400	2687	84.5162
PF3D7_1251900.1	73	74	84.6154	86.318
PF3D7_1252000.1	72	73	11	11.3751
PF3D7_1252100.1	7983	7984	63823.1	603.449
PF3D7_1252200.1	1137	1138	331	21.9568
PF3D7_1252300.1	3012	3013	17368.9	435.168
PF3D7_1252400.1	8670	8671	5769	50.2244
PF3D7_1252500.1	2077	2078	826.016	30.0073
PF3D7_1252600.1	5012	5013	886.093	13.3434
PF3D7_1252700.1	4067	4068	1078.1	20.0061
PF3D7_1252800.1	3820	3821	3401.46	67.2004
PF3D7_1252900.1	1842	1843	641.687	26.2834
PF3D7_1253000.1	3636	3637	3446.42	71.5334
PF3D7_1253100.1	1814	1815	3839.49	159.691
PF3D7_1253200.1	1626	1627	500.574	23.2255
PF3D7_1253300.1	618	619	18.5813	2.26604
PF3D7_1253400.1	2961	2962	619.621	15.7915
PF3D7_1253500.1	633	634	0	0
PF3D7_1253600.1	852	853	8	0.707986
PF3D7_1253700.1	1128	1129	5	0.334318
PF3D7_1253800.1	855	856	28.6364	2.52539
PF3D7_1253900.1	828	829	0	0
PF3D7_1254000.1	1041	1042	0	0
PF3D7_1254100.1	888	889	2.04087	0.1733
PF3D7_1254200.1	1056	1057	0	0
PF3D7_1254300.1	909	910	0	0
PF3D7_1254400.1	1140	1141	0	0
PF3D7_1254500.1	921	922	0	0
PF3D7_1254600.1	909	910	11	0.912504
PF3D7_1254700.1	981	982	0	0
PF3D7_1254800.1	954	955	18.5328	1.46495
PF3D7_1254900.1	213	214	0	0
PF3D7_1255000.1	1038	1039	0	0
PF3D7_1255100.1	1053	1054	19.9039	1.42554
PF3D7_1255200.1	6807	6808	366.262	4.06121
PF3D7_1300100.1	6489	6490	193.577	2.25161
PF3D7_1300200.1	1047	1048	38.5021	2.77336
PF3D7_1300300.1	11288	11289	226.729	1.51613
PF3D7_1300400.1	1032	1033	0	0
PF3D7_1300500.1	996	997	21	1.59004
PF3D7_1300600.1	1038	1039	8.8	0.639368
PF3D7_1300700.1	1110	1111	28.8366	1.95935
PF3D7_1300800.1	1368	1369	0	0
PF3D7_1300900.1	927	928	7	0.569421
PF3D7_1301000.1	1110	1111	0	0
PF3D7_1301100.1	834	835	0	0
PF3D7_1301200.1	2543	2544	1189.73	35.3033
PF3D7_1301300.1	744	745	87	8.81549
PF3D7_1301400.1	2407	2408	1121.15	35.1472
PF3D7_1301500.1	1897	1898	187	7.43753
PF3D7_1301600.1	5448	5449	8448.73	117.046
PF3D7_1301700.1	2679	2680	7017.73	197.672
PF3D7_1301800.1	6495	6496	1355.3	15.7498
PF3D7_1301900.1	749	750	121	12.1789
PF3D7_1302000.1	2943	2944	2590.4	66.4222
PF3D7_1302050.1	243	244	42	12.994
PF3D7_1302100.1	2484	2485	316392	9611.32
PF3D7_1302200.1	1070	1071	519	36.5815
PF3D7_1302300.1	2592	2593	3930.16	114.417
PF3D7_1302400.1	492	493	141	21.5902
PF3D7_1302500.1	9581	9582	5065.24	39.905
PF3D7_1302600.1	1309	1310	2155	124.182
PF3D7_1302700.1	5549	5550	4321.01	58.7727
PF3D7_1302800.1	2159	2160	69601.9	2432.49
PF3D7_1302900.1	3237	3238	2331	54.3437
PF3D7_1303000.1	450	451	7467	1249.84
PF3D7_1303100.1	1170	1171	809.087	52.1581
PF3D7_1303200.1	1679	1680	278.077	12.4951
PF3D7_1303200.2	519	520	0	0
PF3D7_1303300.1	2177	2178	1736.43	60.1844
PF3D7_1303400.1	4543	4544	2681.47	44.5469
PF3D7_1303500.1	8523	8524	9779.15	86.6047
PF3D7_1303600.1	1263	1264	234.052	13.9781
PF3D7_1303700.1	3585	3586	12418	261.411
PF3D7_1303800.1	29429	29430	26694	68.4711
PF3D7_1303900.1	612	613	182.667	22.4949
PF3D7_1304000.1	4408	4409	2625.65	44.9553
PF3D7_1304100.1	3960	3961	6172.53	117.637
PF3D7_1304200.1	1407	1408	818.1	43.8619
PF3D7_1304200.2	2222	2223	758.094	25.7435
PF3D7_1304300.1	1008	1009	2340	175.069
PF3D7_1304400.1	2078	2079	9957	361.541
PF3D7_1304500.1	1386	1387	1603.01	87.2458
PF3D7_1304600.1	4445	4446	1279.04	21.7169
PF3D7_1304700.1	1039	1040	314	22.7919
PF3D7_1304800.1	118	119	4	2.53744
PF3D7_1304900.1	1696	1697	1056.91	47.0152
PF3D7_1305000.1	5358	5359	13169.3	185.508
PF3D7_1305100.1	2280	2281	4177.7	138.26
PF3D7_1305200.1	1256	1257	4612.22	276.986
PF3D7_1305300.1	11329	11330	6473.5	43.1314
PF3D7_1305400.1	2088	2089	4421.67	159.783
PF3D7_1305500.1	2927	2928	320.62	8.26614
PF3D7_1305600.1	1754	1755	2196.55	94.4817
PF3D7_1305700.1	591	592	385	49.0933
PF3D7_1305800.1	840	841	49	4.39829
PF3D7_1305900.1	2629	2630	840.01	24.1108
PF3D7_1306000.1	4578	4579	2990	49.2929
PF3D7_1306100.1	688	689	910	99.7024
PF3D7_1306200.1	2971	2972	1822.28	46.2861
PF3D7_1306300.1	2878	2879	2732.15	71.6384
PF3D7_1306400.1	3055	3056	26179	646.672
PF3D7_1306500.1	14804	14805	2204.45	11.2402
PF3D7_1306600.1	1932	1933	3221.03	125.79
PF3D7_1306700.1	1794	1795	110.027	4.62718
PF3D7_1306800.1	1892	1893	2147	85.618
PF3D7_1306900.1	2013	2014	579.033	21.7034
PF3D7_1307000.1	1770	1771	5529.84	235.71
PF3D7_1307100.1	4187	4188	2804.14	50.5448
PF3D7_1307200.1	1894	1895	1649.17	65.696
PF3D7_1307300.1	2267	2268	7301.01	243.01
PF3D7_1307400.1	1164	1165	533	34.537
PF3D7_1307500.1	1551	1552	757.353	36.8375
PF3D7_1307600.1	3310	3311	23556.6	537.077
PF3D7_1307700.1	4801	4802	1777	27.935
PF3D7_1307800.1	2368	2369	1174.16	37.4149
PF3D7_1307900.1	3788	3789	3500	69.7312
PF3D7_1308000.1	3877	3878	7429.06	144.614
PF3D7_1308100.1	1196	1197	175.956	11.0967
PF3D7_1308200.1	10187	10188	23148.8	171.523
PF3D7_1308300.1	2089	2090	9476.56	342.285
PF3D7_1308400.1	20445	20446	15890.9	58.6711
PF3D7_1308500.1	2167	2168	1357.1	47.2536
PF3D7_1308600.1	4536	4537	817.42	13.6007
PF3D7_1308700.1	3227	3228	3775.69	88.297
PF3D7_1308800.1	2225	2226	7481.1	253.702
PF3D7_1308900.1	4642	4643	9155.64	148.858
PF3D7_1309000.1	2293	2294	576.644	18.9757
PF3D7_1309100.1	1670	1671	10770.9	486.587
PF3D7_1309120.1	307	308	76	18.6272
PF3D7_1309200.1	3123	3124	3359.41	81.1774
PF3D7_1309300.1	3028	3029	2903	72.3488
PF3D7_1309400.1	4535	4536	6264.93	104.262
PF3D7_1309500.1	1656	1657	5579.3	254.18
PF3D7_1309600.1	1432	1433	1767.69	93.1202
PF3D7_1309700.1	5121	5122	2681.05	39.5139
PF3D7_1309800.1	2064	2065	4559.09	166.664
PF3D7_1309900.1	1006	1007	1541	115.52
PF3D7_1310000.1	1074	1075	2146.13	150.706
PF3D7_1310100.1	3018	3019	3834	95.8678
PF3D7_1310200.1	1355	1356	1494	83.1715
PF3D7_1310300.1	1812	1813	1781.5	74.1772
PF3D7_1310400.1	5377	5378	2834.52	39.7871
PF3D7_1310500.1	1719	1720	4670.61	204.988
PF3D7_1310600.1	1781	1782	1020	43.2092
PF3D7_1310700.1	2071	2072	7882.57	287.185
PF3D7_1310800.1	5019	5020	2479.53	37.2863
PF3D7_1310900.1	1351	1352	3369.17	188.118
PF3D7_1311000.1	637	638	26	3.07635
PF3D7_1311100.1	1540	1541	1941	95.0838
PF3D7_1311200.1	2534	2535	1656.65	49.3328
PF3D7_1311300.1	1120	1121	1316.01	88.6213
PF3D7_1311400.1	2605	2606	5019.93	145.414
PF3D7_1311500.1	2425	2426	11160	347.261
PF3D7_1311600.1	3622	3623	1775.17	36.9876
PF3D7_1311700.1	2573	2574	879.318	25.7882
PF3D7_1311800.1	5203	5204	35812	519.487
PF3D7_1311900.1	3715	3716	5503.09	111.793
PF3D7_1312000.1	1832	1833	168.424	6.93625
PF3D7_1312100.1	4460	4461	4006.41	67.7964
PF3D7_1312200.1	1094	1095	1488.37	102.608
PF3D7_1312300.1	1173	1174	1765	113.491
PF3D7_1312400.1	3464	3465	1280	27.8863
PF3D7_1312450.1	192	193	94	36.7667
PF3D7_1312500.1	2592	2593	882.602	25.6948
PF3D7_1312600.1	2830	2831	1616.32	43.0994
PF3D7_1312700.1	2830	2831	2715	72.3958
PF3D7_1312800.1	7677	7678	30893	303.736
PF3D7_1312900.1	4691	4692	5913.67	95.1443
PF3D7_1313000.1	1444	1445	834.015	43.5702
PF3D7_1313100.1	8757	8758	727	6.26633
PF3D7_1313200.1	2605	2606	719	20.8275
PF3D7_1313300.1	1010	1011	2753.04	205.563
PF3D7_1313400.1	3215	3216	1736.96	40.7715
PF3D7_1313500.1	5374	5375	635	8.91823
PF3D7_1313600.1	6888	6889	5151.75	56.4524
PF3D7_1313700.1	1039	1040	3998	290.197
PF3D7_1313800.1	11614	11615	5933	38.5602
PF3D7_1313900.1	1529	1530	1272	62.7595
PF3D7_1314000.1	4167	4168	1047	18.9628
PF3D7_1314100.1	3600	3601	767	16.0789
PF3D7_1314200.1	7804	7805	8432.35	81.5566
PF3D7_1314300.1	1909	1910	581.812	22.995
PF3D7_1314400.1	369	370	222	45.2934
PF3D7_1314500.1	1458	1459	724.194	37.47
PF3D7_1314600.1	1783	1784	1233.36	52.1889
PF3D7_1314700.1	2388	2389	7528.28	237.883
PF3D7_1314800.1	534	535	213	30.0545
PF3D7_1314900.1	2075	2076	3453.23	125.569
PF3D7_1315000.1	2174	2175	630.806	21.8938
PF3D7_1315100.1	1104	1105	92	6.28506
PF3D7_1315200.1	3599	3600	348.128	7.29995
PF3D7_1315300.1	1935	1936	14051	547.88
PF3D7_1315400.1	3398	3399	3614.03	80.2646
PF3D7_1315500.1	1483	1484	380.004	19.3303
PF3D7_1315600.1	1213	1214	1501.9	93.3913
PF3D7_1315700.1	2348	2349	422.002	13.5617
PF3D7_1315800.1	2195	2196	1051.16	36.1342
PF3D7_1315900.1	4789	4790	1877.29	29.5855
PF3D7_1316000.1	1437	1438	436.037	22.8901
PF3D7_1316100.1	5368	5369	10338.9	145.367
PF3D7_1316200.1	1718	1719	1375.04	60.3843
PF3D7_1316300.1	315	316	155	37.0278
PF3D7_1316400.1	687	688	600	65.8334
PF3D7_1316500.1	4251	4252	2001.68	35.5373
PF3D7_1316600.1	4173	4174	8723.37	157.767
PF3D7_1316700.1	1872	1873	160.038	6.45012
PF3D7_1316800.1	1696	1697	8733.45	388.497
PF3D7_1316900.1	7166	7167	3501.04	36.876
PF3D7_1317000.1	2758	2759	2857.4	78.1813
PF3D7_1317100.1	4255	4256	6057.56	107.443
PF3D7_1317200.1	8828	8829	587.286	5.02136
PF3D7_1317300.1	1918	1919	16239.5	638.825
PF3D7_1317400.1	1354	1355	4783	266.468
PF3D7_1317500.1	396	397	474.252	90.1783
PF3D7_1317600.1	3145	3146	1888.42	45.313
PF3D7_1317700.1	1817	1818	435.324	18.076
PF3D7_1317800.1	1387	1388	26301.1	1430.43
PF3D7_1317900.1	3443	3444	2043	44.7805
PF3D7_1318000.1	1214	1215	3929.04	244.115
PF3D7_1318100.1	1175	1176	4268	273.969
PF3D7_1318200.1	1203	1204	98	6.14445
PF3D7_1318300.1	7226	7227	1709.47	17.8561
PF3D7_1318400.1	5098	5099	6065.68	89.8004
PF3D7_1318500.1	1062	1063	263	18.677
PF3D7_1318600.1	1798	1799	1115	46.7872
PF3D7_1318700.1	2441	2442	14065.6	434.806
PF3D7_1318800.1	5464	5465	6474.37	89.4315
PF3D7_1318900.1	3583	3584	968.628	20.402
PF3D7_1319000.1	4446	4447	2304.36	39.1172
PF3D7_1319100.1	3086	3087	49760.4	1216.83
PF3D7_1319200.1	3253	3254	898.687	20.8485
PF3D7_1319300.1	3430	3431	2402.5	52.8599
PF3D7_1319400.1	5212	5213	14731.9	213.331
PF3D7_1319500.1	575	576	400	52.4229
PF3D7_1319600.1	7349	7350	8533.99	87.6493
PF3D7_1319700.1	3121	3122	2730.63	66.0259
PF3D7_1319800.1	1242	1243	108.19	6.57053
PF3D7_1319900.1	4470	4471	1751	29.5641
PF3D7_1320000.1	5276	5277	5951.36	85.1359
PF3D7_1320100.1	1827	1828	1761.45	72.7409
PF3D7_1320200.1	2212	2213	15578.4	531.403
PF3D7_1320300.1	2227	2228	642.354	21.7642
PF3D7_1320400.1	1618	1619	2230	103.978
PF3D7_1320500.1	1417	1418	2934.63	156.229
PF3D7_1320600.1	2263	2264	3855.43	128.552
PF3D7_1320700.1	5192	5193	13699	199.138
PF3D7_1320800.1	2090	2091	4932.74	178.081
PF3D7_1320900.1	822	823	1013	92.9166
PF3D7_1321000.1	2049	2050	846.413	31.1682
PF3D7_1321100.1	11378	11379	13720.5	91.0224
PF3D7_1321200.1	617	618	1200.11	146.594
PF3D7_1321300.1	10637	10638	7722.46	54.7999
PF3D7_1321400.1	1338	1339	1293.85	72.9437
PF3D7_1321500.1	4479	4480	5585.76	94.1212
PF3D7_1321600.1	2310	2311	759	24.7928
PF3D7_1321700.1	4714	4715	6227.29	99.7013
PF3D7_1321800.1	2586	2587	1340.09	39.1039
PF3D7_1321900.1	2816	2817	2448.8	65.622
PF3D7_1322000.1	3898	3899	4388.19	84.9603
PF3D7_1322100.1	8409	8410	4517.14	40.5463
PF3D7_1322200.1	10627	10628	28275.1	200.833
PF3D7_1322300.1	4786	4787	4864	76.7032
PF3D7_1322400.1	1620	1621	1834.63	85.4374
PF3D7_1322500.1	2535	2536	3902.34	116.161
PF3D7_1322600.1	2259	2260	124.669	4.16421
PF3D7_1322700.1	1193	1194	1532	96.8586
PF3D7_1322800.1	1060	1061	683.045	48.5979
PF3D7_1322900.1	792	793	752	71.586
PF3D7_1323000.1	693	694	145	15.7722
PF3D7_1323100.1	1591	1592	53265.1	2525.71
PF3D7_1323200.1	1096	1097	11199.2	770.66
PF3D7_1323300.1	1885	1886	932.683	37.3315
PF3D7_1323400.1	1884	1885	9866.02	395.107
PF3D7_1323500.1	3942	3943	2186.28	41.8564
PF3D7_1323600.1	1563	1564	7015	338.59
PF3D7_1323700.1	2282	2283	3162.56	104.572
PF3D7_1323800.1	4675	4676	1990.86	32.1403
PF3D7_1323900.1	1439	1440	1642.21	86.0892
PF3D7_1324000.1	5350	5351	4139.62	58.3994
PF3D7_1324100.1	2630	2631	1633.19	46.8596
PF3D7_1324200.1	2143	2144	8060.48	283.805
PF3D7_1324300.1	17425	17426	7649.81	33.1388
PF3D7_1324400.1	1352	1353	1985.8	110.795
PF3D7_1324500.1	4002	4003	8139.01	153.486
PF3D7_1324600.1	5788	5789	1803.33	23.5156
PF3D7_1324700.1	1852	1853	335	13.6475
PF3D7_1324800.1	2237	2238	24837.9	837.797
PF3D7_1324900.1	2677	2678	2783.52	78.4634
PF3D7_1325000.1	970	971	47.6221	3.70231
PF3D7_1325100.1	3147	3148	9704.87	232.723
PF3D7_1325200.1	1884	1885	303.122	12.1392
PF3D7_1325300.1	405	406	204	37.9304
PF3D7_1325400.1	11485	11486	6009.29	39.4946
PF3D7_1325500.1	2259	2260	290.005	9.6868
PF3D7_1325600.1	791	792	314.416	29.9684
PF3D7_1325700.1	2235	2236	1110.48	37.4906
PF3D7_1325800.1	4924	4925	772.181	11.8358
PF3D7_1325900.1	8599	8600	28334.5	248.714
PF3D7_1326000.1	1308	1309	1086.32	62.6473
PF3D7_1326100.1	2968	2969	3753.98	95.4477
PF3D7_1326200.1	1897	1898	502.107	19.9703
PF3D7_1326300.1	2416	2417	819.454	25.5936
PF3D7_1326400.1	2688	2689	1160	32.565
PF3D7_1326500.1	6821	6822	446.949	4.94573
PF3D7_1326600.1	14628	14629	10042.5	51.8216
PF3D7_1326700.1	1845	1846	3577	146.275
PF3D7_1326800.1	1799	1800	398.911	16.7297
PF3D7_1326900.1	4062	4063	4054.54	75.3318
PF3D7_1327000.1	4817	4818	6189.12	96.9719
PF3D7_1327100.1	1035	1036	275	20.0381
PF3D7_1327200.1	1136	1137	620.416	41.1914
PF3D7_1327300.1	7291	7292	7490.58	77.5448
PF3D7_1327400.1	1990	1991	12661.3	480.056
PF3D7_1327500.1	3564	3565	2564.17	54.2964
PF3D7_1327600.1	1713	1714	2834.94	124.858
PF3D7_1327700.1	2370	2371	3728.42	118.707
PF3D7_1327800.1	2577	2578	724	21.2002
PF3D7_1327900.1	417	418	79	14.2671
PF3D7_1328000.1	7939	7940	3524.36	33.5076
PF3D7_1328100.1	2657	2658	12634.3	358.822
PF3D7_1328200.1	9064	9065	7586.07	63.1732
PF3D7_1328300.1	3909	3910	16864.2	325.591
PF3D7_1328400.1	3289	3290	1168.47	26.8105
PF3D7_1328500.1	5574	5575	3712.93	50.2754
PF3D7_1328600.1	1092	1093	2311	159.611
PF3D7_1328700.1	222	223	215	72.7809
PF3D7_1328800.1	2248	2249	1871.79	62.8278
PF3D7_1328900.1	2623	2624	5153.99	148.273
PF3D7_1329000.1	8212	8213	3572.41	32.8355
PF3D7_1329100.1	8163	8164	12077.8	111.678
PF3D7_1329200.1	1990	1991	1080.16	40.9543
PF3D7_1329300.1	3150	3151	1703	40.7991
PF3D7_1329400.1	3614	3615	653.141	13.639
PF3D7_1329500.1	7984	7985	6277.77	59.3491
PF3D7_1329600.1	1969	1970	2383.23	91.3237
PF3D7_1329700.1	2970	2971	728.324	18.5057
PF3D7_1329800.1	4608	4609	910.018	14.9048
PF3D7_1329900.1	2284	2285	2132	70.4344
PF3D7_1330000.1	1121	1122	494.563	33.2746
PF3D7_1330000.2	588	589	396.376	50.8014
PF3D7_1330100.1	561	562	4767	640.313
PF3D7_1330200.1	928	929	202.372	16.4444
PF3D7_1330300.1	1355	1356	2684.74	149.46
PF3D7_1330400.1	2386	2387	649.176	20.5302
PF3D7_1330500.1	3110	3111	3166.81	76.8432
PF3D7_1330600.1	2006	2007	1597.94	60.1031
PF3D7_1330700.1	2547	2548	3389	100.405
PF3D7_1330800.1	3197	3198	24277.6	573.074
PF3D7_1330900.1	80	81	15	13.9794
PF3D7_1331000.1	2286	2287	3991.37	131.747
PF3D7_1331100.1	4357	4358	7479.27	129.555
PF3D7_1331200.1	2361	2362	2429.24	77.6379
PF3D7_1331300.1	1396	1397	2361.54	127.61
PF3D7_1331400.1	1446	1447	1520	79.2973
PF3D7_1331500.1	2941	2942	917.966	23.5542
PF3D7_1331600.1	1213	1214	1171.04	72.8179
PF3D7_1331700.1	4318	4319	6034.33	105.47
PF3D7_1331800.1	2095	2096	1648.55	59.3737
PF3D7_1331900.1	90	91	0	0
PF3D7_1332000.1	2012	2013	1487.3	55.7749
PF3D7_1332100.1	1569	1570	465	22.3582
PF3D7_1332200.1	3139	3140	7726.44	185.752
PF3D7_1332300.1	1472	1473	3692.05	189.212
PF3D7_1332400.1	3711	3712	2360.32	48.0005
PF3D7_1332500.1	1089	1090	0	0
PF3D7_1332600.1	3360	3361	33913.7	761.71
PF3D7_1332700.1	2942	2943	1697.98	43.5537
PF3D7_1332800.1	2494	2495	114.082	3.45168
PF3D7_1332900.1	4999	5000	2919.62	44.0798
PF3D7_1333000.1	1608	1609	797.066	37.3957
PF3D7_1333100.1	3129	3130	1062	25.6132
PF3D7_1333200.1	7028	7029	3185.81	34.2144
PF3D7_1333300.1	1985	1986	275.463	10.4705
PF3D7_1333400.1	1182	1183	10926.9	697.261
PF3D7_1333500.1	1393	1394	4311	233.453
PF3D7_1333600.1	4807	4808	2150.25	33.7604
PF3D7_1333700.1	2680	2681	17938.1	505.082
PF3D7_1333800.1	3143	3144	1773.73	42.5882
PF3D7_1333900.1	4268	4269	4020.1	71.0876
PF3D7_1334000.1	1942	1943	2122.24	82.453
PF3D7_1334100.1	4192	4193	6102.15	109.86
PF3D7_1334200.1	2472	2473	811	24.756
PF3D7_1334300.1	2067	2068	2300	83.9578
PF3D7_1334400.1	930	931	902	73.1376
PF3D7_1334500.1	3137	3138	1588.16	38.2055
PF3D7_1334600.1	1855	1856	10206.4	415.126
PF3D7_1334700.1	1679	1680	1056.83	47.4875
PF3D7_1334800.1	1735	1736	892.58	38.8133
PF3D7_1334900.1	141	142	47	24.9858
PF3D7_1335000.1	1711	1712	1371	60.4529
PF3D7_1335100.1	3340	3341	44977.5	1016.25
PF3D7_1335200.1	3255	3256	713.48	16.5417
PF3D7_1335300.1	10899	10900	26229.3	181.653
PF3D7_1335400.1	10719	10720	9357.98	65.8978
PF3D7_1335500.1	1482	1483	16	0.814446
PF3D7_1335600.1	1683	1684	3482	156.088
PF3D7_1335700.1	5179	5180	20928	304.987
PF3D7_1335800.1	2216	2217	5629.24	191.676
PF3D7_1335900.1	1725	1726	197	8.61607
PF3D7_1336000.1	1835	1836	1692.01	69.5688
PF3D7_1336100.1	800	801	322.075	30.3534
PF3D7_1336200.1	2441	2442	4215.04	130.299
PF3D7_1336300.1	1075	1076	82	5.75288
PF3D7_1336400.1	3628	3629	1085.32	22.5764
PF3D7_1336500.1	98	99	0	0
PF3D7_1336600.1	1267	1268	3782.55	225.19
PF3D7_1336700.1	2149	2150	573.166	20.1245
PF3D7_1336800.1	2115	2116	9726	346.978
PF3D7_1336900.1	2335	2336	13144	424.755
PF3D7_1337000.1	3521	3522	804	17.2326
PF3D7_1337100.1	1553	1554	2945	143.06
PF3D7_1337200.1	3618	3619	3873	80.7872
PF3D7_1337300.1	3551	3552	2009.04	42.6971
PF3D7_1337400.1	2544	2545	37383.4	1108.86
PF3D7_1337500.1	12921	12922	25504.5	148.995
PF3D7_1337600.1	82	83	11	10.0046
PF3D7_1337700.1	2849	2850	10459	277.03
PF3D7_1337800.1	3905	3906	28632.3	553.36
PF3D7_1337900.1	1733	1734	332	14.4535
PF3D7_1338000.1	2612	2613	19994.5	577.637
PF3D7_1338100.1	3489	3490	2891.85	62.551
PF3D7_1338200.1	2796	2797	1437.96	38.8094
PF3D7_1338300.1	2903	2904	10476.2	272.326
PF3D7_1338400.1	1983	1984	1372.77	52.2322
PF3D7_1338500.1	2166	2167	1313	45.7393
PF3D7_1338600.1	4550	4551	41048.6	680.888
PF3D7_1338700.1	2684	2685	4589.15	129.024
PF3D7_1338800.1	2150	2151	3169.15	111.221
PF3D7_1338900.1	3211	3212	5060.77	118.939
PF3D7_1339000.1	582	583	86	11.1356
PF3D7_1339100.1	72	73	73	75.489
PF3D7_1339200.1	72	73	29	29.9888
PF3D7_1339300.1	5614	5615	1689.56	22.7147
PF3D7_1339400.1	1323	1324	713.738	40.6944
PF3D7_1339500.1	910	911	802.297	66.4814
PF3D7_1339600.1	2198	2199	5179.45	177.804
PF3D7_1339700.1	6491	6492	28407.6	330.324
PF3D7_1339800.1	1246	1247	101	6.11418
PF3D7_1339900.1	3457	3458	616.116	13.45
PF3D7_1340000.1	1857	1858	324	13.1638
PF3D7_1340100.1	1884	1885	607.577	24.3318
PF3D7_1340200.1	767	768	117.087	11.5088
PF3D7_1340300.1	3641	3642	3240.18	67.1603
PF3D7_1340400.1	1158	1159	8	0.521063
PF3D7_1340500.1	3651	3652	525	10.8521
PF3D7_1340600.1	2959	2960	3135.64	79.9682
PF3D7_1340700.1	1238	1239	1585.31	96.5884
PF3D7_1340800.1	2081	2082	866.855	31.4304
PF3D7_1340900.1	2638	2639	8298.79	237.388
PF3D7_1341000.1	74	75	0	0
PF3D7_1341100.1	108	109	1999	1384.43
PF3D7_1341200.1	2059	2060	12676.7	464.54
PF3D7_1341300.1	1921	1922	15288.7	600.485
PF3D7_1341400.1	80	81	102	95.0602
PF3D7_1341500.1	2248	2249	168	5.63902
PF3D7_1341600.1	2565	2566	404.068	11.8872
PF3D7_1341700.1	538	539	22	3.08118
PF3D7_1341800.1	2634	2635	465.067	13.3235
PF3D7_1341900.1	2154	2155	5854.78	205.091
PF3D7_1342000.1	2471	2472	91004.6	2779.06
PF3D7_1342100.1	4733	4734	4488.35	71.5718
PF3D7_1342200.1	3291	3292	2139.16	49.0531
PF3D7_1342300.1	1554	1555	5682.94	275.884
PF3D7_1342400.1	2893	2894	1552.74	40.5027
PF3D7_1342500.1	1596	1597	2342	110.705
PF3D7_1342600.1	3677	3678	15850.9	325.331
PF3D7_1342700.1	786	787	2126.88	204.01
PF3D7_1342800.1	3200	3201	408.568	9.63523
PF3D7_1342900.1	12114	12115	9600.2	59.8192
PF3D7_1343000.1	3387	3388	11368.3	253.3
PF3D7_1343100.1	2905	2906	1777.29	46.1686
PF3D7_1343200.1	3716	3717	4120.88	83.6914
PF3D7_1343300.1	5176	5177	7434.18	108.402
PF3D7_1343400.1	4685	4686	10020	161.417
PF3D7_1343500.1	1980	1981	241.134	9.18879
PF3D7_1343600.1	2353	2354	3978.87	127.596
PF3D7_1343700.1	3278	3279	3144.39	72.3899
PF3D7_1343800.1	23875	23876	18569.5	58.7113
PF3D7_1343900.1	3012	3013	2920	73.1589
PF3D7_1344000.1	3719	3720	1599.01	32.4482
PF3D7_1344100.1	4513	4514	2165.97	36.2221
PF3D7_1344200.1	4499	4500	7216.38	121.057
PF3D7_1344300.1	7807	7808	33070.6	319.732
PF3D7_1344400.1	2369	2370	3573.53	113.824
PF3D7_1344500.1	1103	1104	21364.6	1460.86
PF3D7_1344600.1	1538	1539	783.777	38.4448
PF3D7_1344700.1	4027	4028	4206.73	78.8387
PF3D7_1344800.1	2602	2603	2587	75.025
PF3D7_1344900.1	6539	6540	1618.39	18.6806
PF3D7_1345000.1	1509	1510	344.067	17.2008
PF3D7_1345100.1	911	912	456.458	37.7824
PF3D7_1345200.1	2742	2743	6198.06	170.574
PF3D7_1345300.1	1028	1029	685	50.2526
PF3D7_1345400.1	4425	4426	6305.32	107.542
PF3D7_1345500.1	2614	2615	1917.69	55.3593
PF3D7_1345600.1	2366	2367	456.467	14.5578
PF3D7_1345700.1	2951	2952	1272.24	32.5339
PF3D7_1345800.1	4732	4733	3662.91	58.4216
PF3D7_1345900.1	1352	1353	562.096	31.3615
PF3D7_1346000.1	2088	2089	228	8.2391
PF3D7_1346100.1	2146	2147	2062.04	72.5018
PF3D7_1346200.1	2372	2373	175.086	5.56977
PF3D7_1346300.1	2713	2714	42106	1171.16
PF3D7_1346400.1	18585	18586	42849.6	174.038
PF3D7_1346500.1	2267	2268	1460	48.5952
PF3D7_1346600.1	1362	1363	3706.59	205.288
PF3D7_1346700.1	2636	2637	984.006	28.169
PF3D7_1346800.1	2144	2145	735.804	25.8951
PF3D7_1346900.1	1813	1814	697.287	29.0174
PF3D7_1347000.1	1092	1093	228	15.747
PF3D7_1347100.1	2538	2539	9624.88	286.165
PF3D7_1347200.1	2215	2216	2076.39	70.733
PF3D7_1347300.1	1147	1148	1433.65	94.2725
PF3D7_1347400.1	1339	1340	4103.11	231.149
PF3D7_1347500.1	6152	6153	23225.4	284.945
PF3D7_1347600.1	834	835	945.693	85.4963
PF3D7_1347700.1	4223	4224	3440.03	61.4783
PF3D7_1347800.1	771	772	94.4379	9.23449
PF3D7_1347900.1	6464	6465	456.571	5.33118
PF3D7_1348000.1	4251	4252	1353	24.0208
PF3D7_1348100.1	1038	1039	2503	181.857
PF3D7_1348200.1	1135	1136	20487	1361.39
PF3D7_1348300.1	4967	4968	2053.16	31.1979
PF3D7_1348400.1	12179	12180	21383.9	132.533
PF3D7_1348500.1	2047	2048	2110.04	77.7758
PF3D7_1348600.1	1668	1669	1103.1	49.8931
PF3D7_1348700.1	2148	2149	636	22.3411
PF3D7_1348800.1	5505	5506	563	7.71891
PF3D7_1348900.1	760	761	1991	197.501
PF3D7_1349000.1	1428	1429	453	23.9304
PF3D7_1349100.1	1085	1086	564.924	39.2684
PF3D7_1349200.1	3029	3030	10308.1	256.815
PF3D7_1349300.1	6317	6318	3708.28	44.3075
PF3D7_1349400.1	1915	1916	1348.07	53.1129
PF3D7_1349500.1	10895	10896	51909.1	359.633
PF3D7_1349600.1	2009	2010	938.337	35.2409
PF3D7_1349700.1	1041	1042	269	19.488
PF3D7_1349800.1	2108	2109	1085.26	38.8454
PF3D7_1349900.1	611	612	338	41.6916
PF3D7_1350000.1	1372	1373	1686.32	92.7154
PF3D7_1350100.1	2814	2815	20057.6	537.879
PF3D7_1350200.1	703	704	484	51.8987
PF3D7_1350300.1	1532	1533	843.527	41.5375
PF3D7_1350400.1	2804	2805	314.309	8.45878
PF3D7_1350500.1	4520	4521	2996.16	50.028
PF3D7_1350600.1	786	787	78	7.48175
PF3D7_1350700.1	2232	2233	582.18	19.6812
PF3D7_1350800.1	741	742	1102	112.114
PF3D7_1350900.1	3732	3733	318.276	6.43621
PF3D7_1351000.1	7918	7919	2469.15	23.5375
PF3D7_1351100.1	1718	1719	3615.94	158.792
PF3D7_1351200.1	5840	5841	2459.31	31.7841
PF3D7_1351300.1	1089	1090	6	0.415536
PF3D7_1351400.1	1429	1430	9392.13	495.806
PF3D7_1351500.1	145	146	0	0
PF3D7_1351600.1	1915	1916	5654.24	222.773
PF3D7_1351700.1	5557	5558	5287.41	71.8139
PF3D7_1351800.1	1472	1473	6098.92	312.56
PF3D7_1351800.2	708	709	15507.1	1651.08
PF3D7_1351900.1	1404	1405	1454.63	78.1557
PF3D7_1352000.1	6310	6311	18825.4	225.18
PF3D7_1352100.1	4359	4360	851.398	14.7411
PF3D7_1352200.1	2768	2769	2266.42	61.7874
PF3D7_1352300.1	2630	2631	806.393	23.1371
PF3D7_1352400.1	5736	5737	20209.7	265.925
PF3D7_1352500.1	2038	2039	33206.3	1229.38
PF3D7_1352600.1	1269	1270	115	6.83562
PF3D7_1352700.1	8668	8669	3664.28	31.9083
PF3D7_1352800.1	3396	3397	748.28	16.6285
PF3D7_1352900.1	2889	2890	8465.23	221.118
PF3D7_1353000.1	2406	2407	3463	108.608
PF3D7_1353100.1	2123	2124	1260	44.7816
PF3D7_1353200.1	2498	2499	8474.84	256.005
PF3D7_1353300.1	6716	6717	11130.2	125.087
PF3D7_1353400.1	4309	4310	1270.73	22.2566
PF3D7_1353500.1	1665	1666	737.882	33.4345
PF3D7_1353600.1	2352	2353	5670.03	181.906
PF3D7_1353700.1	1142	1143	25.0139	1.65203
PF3D7_1353800.1	1440	1441	405.092	21.2213
PF3D7_1353900.1	1697	1698	2985.3	132.719
PF3D7_1354000.1	1788	1789	334.025	14.0946
PF3D7_1354100.1	1763	1764	58	2.48206
PF3D7_1354200.1	3588	3589	1696.17	35.6763
PF3D7_1354300.1	4366	4367	5051.67	87.3243
PF3D7_1354400.1	2250	2251	979.948	32.8633
PF3D7_1354500.1	2406	2407	1027.75	32.2326
PF3D7_1354600.1	1289	1290	2973.39	173.999
PF3D7_1354700.1	1224	1225	948	58.4192
PF3D7_1354800.1	3272	3273	1030.7	23.7722
PF3D7_1354900.1	2837	2838	5636	149.914
PF3D7_1355100.1	4311	4312	2705.06	47.3567
PF3D7_1355200.1	3664	3665	2884.89	59.4209
PF3D7_1355300.1	2453	2454	582.828	17.9287
PF3D7_1355400.1	73	74	9	9.18109
PF3D7_1355500.1	3654	3655	3816.48	78.8242
PF3D7_1355600.1	3321	3322	1940.56	44.0971
PF3D7_1355700.1	6605	6606	3443.77	39.3532
PF3D7_1355800.1	2298	2299	438.071	14.3843
PF3D7_1355900.1	2152	2153	4955	173.733
PF3D7_1356000.1	4197	4198	1915	34.4358
PF3D7_1356100.1	4308	4309	8852.06	155.078
PF3D7_1356200.1	1405	1406	215	11.5435
PF3D7_1356300.1	1803	1804	3469.44	145.18
PF3D7_1356400.1	3974	3975	658.343	12.5026
PF3D7_1356500.1	588	589	34	4.3576
PF3D7_1356600.1	2881	2882	868.417	22.7467
PF3D7_1356700.1	2152	2153	527.342	18.4898
PF3D7_1356800.1	14568	14569	7039.01	36.4725
PF3D7_1356900.1	2278	2279	9527.26	315.578
PF3D7_1357000.1	3743	3744	15021.6	302.875
PF3D7_1357100.1	4288	4289	2791.9	49.1391
PF3D7_1357200.1	2415	2416	3718	116.171
PF3D7_1357300.1	366	367	69	14.1928
PF3D7_1357400.1	5320	5321	2524.02	35.8082
PF3D7_1357500.1	3498	3499	4023	86.794
PF3D7_1357600.1	746	747	4760.97	481.125
PF3D7_1357700.1	4915	4916	2449.27	37.6104
PF3D7_1357800.1	3337	3338	13866.3	313.586
PF3D7_1357900.1	1676	1677	1717.57	77.3152
PF3D7_1358000.1	7554	7555	7693.87	76.8766
PF3D7_1358100.1	3089	3090	2539.61	62.043
PF3D7_1358200.1	5620	5621	3341.41	44.8745
PF3D7_1358300.1	1906	1907	502.067	19.8744
PF3D7_1358400.1	1266	1267	1906.27	113.577
PF3D7_1358500.1	2674	2675	430.533	12.1497
PF3D7_1358600.1	3018	3019	1110	27.7551
PF3D7_1358700.1	2255	2256	6084.17	203.585
PF3D7_1358800.1	1609	1610	53704.4	2518.07
PF3D7_1358900.1	1934	1935	6104.25	238.141
PF3D7_1359000.1	11163	11164	2129.13	14.3968
PF3D7_1359100.1	2722	2723	1005.47	27.8743
PF3D7_1359200.1	1492	1493	3509.26	177.435
PF3D7_1359300.1	4210	4211	19228.9	344.71
PF3D7_1359400.1	3547	3548	4338.87	92.3159
PF3D7_1359500.1	810	811	4648	432.642
PF3D7_1359600.1	10667	10668	19583.1	138.574
PF3D7_1359700.1	13187	13188	7257.31	41.5413
PF3D7_1359800.1	612	613	1243	153.071
PF3D7_1359900.1	7535	7536	26165.3	262.101
PF3D7_1360000.1	534	535	5028	709.455
PF3D7_1360100.1	1419	1420	108.082	5.7458
PF3D7_1360200.1	1187	1188	2025	128.674
PF3D7_1360300.1	1929	1930	464	18.1486
PF3D7_1360400.1	1196	1197	2048	129.157
PF3D7_1360500.1	9540	9541	3529.16	27.923
PF3D7_1360700.1	5320	5321	2185.97	31.0124
PF3D7_1360800.1	4612	4613	12044.5	197.101
PF3D7_1360900.1	2703	2704	1781.17	49.7258
PF3D7_1361000.1	2542	2543	937.851	27.8401
PF3D7_1361100.1	3785	3786	29834.8	594.876
PF3D7_1361200.1	6034	6035	2852.1	35.6755
PF3D7_1361300.1	1339	1340	1797.8	101.279
PF3D7_1361400.1	839	840	516.809	46.4445
PF3D7_1361500.1	1907	1908	1066.34	42.1893
PF3D7_1361500.2	336	337	322.658	72.2762
PF3D7_1361600.1	414	415	27	4.91133
PF3D7_1361700.1	1965	1966	1089.09	41.8181
PF3D7_1361800.1	8468	8469	105685	942.029
PF3D7_1361900.1	2326	2327	7698.82	249.753
PF3D7_1362000.1	1746	1747	456	19.7041
PF3D7_1362100.1	940	941	518	41.555
PF3D7_1362200.1	2649	2650	856.931	24.4109
PF3D7_1362300.1	1575	1576	1070.17	51.2604
PF3D7_1362400.1	7249	7250	3244.96	33.7874
PF3D7_1362500.1	3014	3015	968.131	24.2399
PF3D7_1362600.1	1182	1183	2214.79	141.329
PF3D7_1362700.1	8543	8544	3189.24	28.1779
PF3D7_1362800.1	6947	6948	4158.75	45.1842
PF3D7_1362900.1	4911	4912	1212	18.6264
PF3D7_1363000.1	3716	3717	1268.04	25.7529
PF3D7_1363100.1	3770	3771	2843.17	56.9154
PF3D7_1363200.1	2338	2339	3257.58	105.135
PF3D7_1363300.1	1296	1297	2313.34	134.643
PF3D7_1363400.1	4205	4206	1496.74	26.8633
PF3D7_1363500.1	3252	3253	2958.22	68.6484
PF3D7_1363600.1	793	794	2758	262.215
PF3D7_1363700.1	3329	3330	2820.06	63.9289
PF3D7_1363800.1	2046	2047	611	22.5324
PF3D7_1364000.1	3974	3975	3399.6	64.5616
PF3D7_1364100.1	3078	3079	18299.2	448.649
PF3D7_1364200.1	6642	6643	1298.05	14.7506
PF3D7_1364300.1	3968	3969	21018.5	399.764
PF3D7_1364400.1	11263	11264	2771.27	18.5725
PF3D7_1364500.1	2065	2066	982.022	35.8818
PF3D7_1364600.1	3377	3378	5748	128.452
PF3D7_1364700.1	1299	1300	2050	119.04
PF3D7_1364800.1	1553	1554	1563.81	75.9656
PF3D7_1364900.1	1775	1776	732.941	31.1537
PF3D7_1365000.1	1997	1998	879.065	33.2131
PF3D7_1365100.1	853	854	299.757	26.4969
PF3D7_1365200.1	1125	1126	724.797	48.5917
PF3D7_1365300.1	3931	3932	616.24	11.831
PF3D7_1365400.1	2842	2843	600.842	15.9539
PF3D7_1365500.1	1805	1806	19242.3	804.311
PF3D7_1365600.1	1869	1870	7014.03	283.145
PF3D7_1365700.1	3232	3233	1566.59	36.5792
PF3D7_1365800.1	1582	1583	11848	564.999
PF3D7_1365900.1	1717	1718	37677.5	1655.55
PF3D7_1366000.1	2019	2020	284.908	10.6473
PF3D7_1366100.1	1098	1099	165	11.3337
PF3D7_1366200.1	1125	1126	4111.92	275.67
PF3D7_1366300.1	13790	13791	8770.86	48.0098
PF3D7_1366400.1	6219	6220	5022.29	60.953
PF3D7_1366500.1	2277	2278	511.673	16.956
PF3D7_1366600.1	3646	3647	9624.7	199.221
PF3D7_1366700.1	2870	2871	1009.98	26.556
PF3D7_1366800.1	2289	2290	733.74	24.1875
PF3D7_1366900.1	4647	4648	3636.71	59.0644
PF3D7_1367000.1	2092	2093	312.148	11.2583
PF3D7_1367100.1	2270	2271	503.034	16.721
PF3D7_1367200.1	1104	1105	450	30.7421
PF3D7_1367300.1	1008	1009	149	11.1475
PF3D7_1367400.1	4152	4153	499.119	9.07248
PF3D7_1367500.1	2112	2113	9580.38	342.268
PF3D7_1367600.1	1465	1466	238.436	12.2778
PF3D7_1367700.1	4907	4908	10107	155.454
PF3D7_1367800.1	3549	3550	87	1.85001
PF3D7_1367900.1	1944	1945	274	10.6344
PF3D7_1368000.1	705	706	80	8.55399
PF3D7_1368100.1	1509	1510	6058.17	302.864
PF3D7_1368200.1	3646	3647	1017.59	21.0631
PF3D7_1368300.1	823	824	346.818	31.773
PF3D7_1368400.1	2548	2549	3297.26	97.6489
PF3D7_1368500.1	3001	3002	466.956	11.7422
PF3D7_1368600.1	1378	1379	761.527	41.6874
PF3D7_1368700.1	2723	2724	6300.59	174.605
PF3D7_1368800.1	5983	5984	21902.9	276.308
PF3D7_1368900.1	3362	3363	1072.05	24.0642
PF3D7_1369000.1	3178	3179	2204.38	52.3455
PF3D7_1369100.1	2559	2560	2277.33	67.1536
PF3D7_1369200.1	7518	7519	3857.76	38.731
PF3D7_1369300.1	2540	2541	2704.54	80.3476
PF3D7_1369400.1	9750	9751	2381.43	18.4362
PF3D7_1369500.1	4247	4248	2187.54	38.8737
PF3D7_1369600.1	3224	3225	11369.5	266.13
PF3D7_1369700.1	1381	1382	1080	58.9928
PF3D7_1369800.1	74	75	103	103.672
PF3D7_1369900.1	72	73	4	4.13638
PF3D7_1370000.1	74	75	21	21.1369
PF3D7_1370100.1	72	73	46	47.5684
PF3D7_1370200.1	71	72	20	20.9692
PF3D7_1370300.1	2545	2546	6380	189.167
PF3D7_1370500.1	615	616	9.41815	1.15417
PF3D7_1370800.1	1026	1027	11365.2	835.39
PF3D7_1370900.1	597	598	708	89.3749
PF3D7_1371000.1	2151	2152	500.935	17.5721
PF3D7_1371200.1	160	161	0	0
PF3D7_1371300.1	4215	4216	5261.65	94.2118
PF3D7_1371500.1	1904	1905	701.071	27.7812
PF3D7_1371600.1	8127	8128	6563	60.954
PF3D7_1371700.1	2840	2841	1697.24	45.0979
PF3D7_1371800.1	2489	2490	3893.18	118.029
PF3D7_1371900.1	1120	1121	126	8.48493
PF3D7_1372000.1	2700	2701	731.013	20.4307
PF3D7_1372100.1	3649	3650	1337.27	27.6573
PF3D7_1372200.1	2149	2150	10715.6	376.237
PF3D7_1372300.1	4250	4251	972.808	17.2751
PF3D7_1372400.1	3114	3115	479.228	11.6136
PF3D7_1372500.1	906	907	94.8918	7.89778
PF3D7_1372600.1	819	820	45	4.14269
PF3D7_1372700.1	1047	1048	0	0
PF3D7_1372800.1	903	904	0	0
PF3D7_1372900.1	1332	1333	99.7258	5.64756
PF3D7_1373000.1	1011	1012	42.5286	3.17238
PF3D7_1373100.1	1026	1027	0	0
PF3D7_1373200.1	213	214	0	0
PF3D7_1373300.1	1065	1066	4.85855	0.344059
PF3D7_1373400.1	1134	1135	1.49377	0.0993511
PF3D7_1373500.1	6672	6673	464.644	5.25633
PF3D7_1400100.1	2934	2935	1202.29	30.9232
PF3D7_1400200.1	1095	1096	9.64251	0.664145
PF3D7_1400300.1	1029	1030	5	0.366451
PF3D7_1400400.1	1014	1015	6	0.44624
PF3D7_1400500.1	1020	1021	35	2.58777
PF3D7_1400600.1	1104	1105	0	0
PF3D7_1400700.1	882	883	0	0
PF3D7_1400800.1	951	952	16	1.26872
PF3D7_1400900.1	834	835	0	0
PF3D7_1401000.1	924	925	17.2687	1.40929
PF3D7_1401050.1	1356	1357	6.7391	0.374892
PF3D7_1401100.1	3471	3472	729.288	15.8563
PF3D7_1401200.1	2265	2266	882.617	29.4033
PF3D7_1401300.1	2372	2373	6175.91	196.466
PF3D7_1401400.1	2202	2203	220938	7570.76
PF3D7_1401500.1	2631	2632	119.009	3.41331
PF3D7_1401600.1	3412	3413	13930.8	308.121
PF3D7_1401700.1	813	814	24	2.22572
PF3D7_1401800.1	4723	4724	3803.34	60.7769
PF3D7_1401900.1	2051	2052	3776.58	138.933
PF3D7_1402000.1	1992	1993	1601.44	60.658
PF3D7_1402100.1	3109	3110	244	5.92261
PF3D7_1402200.1	1646	1647	4320.89	198.045
PF3D7_1402300.1	3485	3486	2314.18	50.1132
PF3D7_1402400.1	2125	2126	823	29.2227
PF3D7_1402500.1	2030	2031	13904.9	516.823
PF3D7_1402550.1	86	87	13	11.28
PF3D7_1402600.1	83	84	6	5.39207
PF3D7_1402700.1	3060	3061	13380.1	329.974
PF3D7_1402800.1	5209	5210	6590	95.4841
PF3D7_1402900.1	2959	2960	1025	26.1406
PF3D7_1403000.1	1445	1446	907.225	47.362
PF3D7_1403100.1	6939	6940	17699.4	192.523
PF3D7_1403200.1	1221	1222	2230	137.758
PF3D7_1403300.1	3486	3487	1442	31.2174
PF3D7_1403400.1	1944	1945	4294	166.658
PF3D7_1403500.1	947	948	2250.2	179.183
PF3D7_1403600.1	1274	1275	403.108	23.8669
PF3D7_1403700.1	2271	2272	293.615	9.75558
PF3D7_1403800.1	4629	4630	710	11.5761
PF3D7_1403900.1	1884	1885	335.447	13.4337
PF3D7_1404000.1	581	582	2921	378.872
PF3D7_1404100.1	1448	1449	725.015	37.7713
PF3D7_1404200.1	1172	1173	451	29.0243
PF3D7_1404300.1	609	610	852	105.437
PF3D7_1404400.1	1326	1327	138.297	7.86732
PF3D7_1404500.1	2098	2099	678.392	24.3979
PF3D7_1404600.1	2793	2794	553.08	14.9432
PF3D7_1404600.2	2010	2011	0	0
PF3D7_1404600.3	2412	2413	247.92	7.75601
PF3D7_1404700.1	1615	1616	218.397	10.2021
PF3D7_1404800.1	4880	4881	7321.41	113.232
PF3D7_1404900.1	3427	3428	5609.27	123.523
PF3D7_1405000.1	2701	2702	2186.82	61.0958
PF3D7_1405100.1	4072	4073	2743.24	50.8432
PF3D7_1405200.1	1303	1304	201.564	11.6686
PF3D7_1405300.1	3499	3500	17332	373.82
PF3D7_1405400.1	5003	5004	4638.73	69.9787
PF3D7_1405500.1	2241	2242	6613.96	222.694
PF3D7_1405600.1	1619	1620	1411.39	65.7683
PF3D7_1405700.1	3497	3498	1360.62	29.363
PF3D7_1405800.1	3852	3853	5673.8	111.163
PF3D7_1405900.1	4289	4290	3822.28	67.2587
PF3D7_1406000.1	740	741	651.574	66.3787
PF3D7_1406100.1	4777	4778	1550.83	24.5021
PF3D7_1406200.1	9723	9724	7840.17	60.8645
PF3D7_1406300.1	2627	2628	3959.47	113.735
PF3D7_1406400.1	2269	2270	4531.35	150.69
PF3D7_1406500.1	4584	4585	1334.2	21.9667
PF3D7_1406600.1	5447	5448	13101.8	181.543
PF3D7_1406700.1	1943	1944	397.912	15.4516
PF3D7_1406800.1	3069	3070	1749.21	43.0117
PF3D7_1406900.1	1909	1910	194.136	7.67285
PF3D7_1407000.1	3819	3820	555	10.9676
PF3D7_1407100.1	2261	2262	5405.76	180.405
PF3D7_1407200.1	1934	1935	746.421	29.1197
PF3D7_1407300.1	3327	3328	13549.9	307.351
PF3D7_1407400.1	2230	2231	7006.62	237.079
PF3D7_1407500.1	1495	1496	741.326	37.4077
PF3D7_1407600.1	6344	6345	3223.54	38.3517
PF3D7_1407700.1	1221	1222	188	11.6137
PF3D7_1407800.1	3979	3980	6064.41	115.024
PF3D7_1407900.1	4162	4163	3313.75	60.0892
PF3D7_1408000.1	3018	3019	3278.5	81.9777
PF3D7_1408100.1	2419	2420	3525	109.958
PF3D7_1408200.1	5463	5464	3991.24	55.1418
PF3D7_1408300.1	453	454	1733	288.155
PF3D7_1408400.1	4508	4509	6957.58	116.483
PF3D7_1408500.1	1608	1609	1017	47.7143
PF3D7_1408600.1	1424	1425	7841	415.375
PF3D7_1408700.1	22620	22621	21097.3	70.4041
PF3D7_1408800.1	1864	1865	167.2	6.76771
PF3D7_1408900.1	1732	1733	113.87	4.96012
PF3D7_1409000.1	3056	3057	1437.05	35.4864
PF3D7_1409100.1	4758	4759	4425.62	70.2007
PF3D7_1409200.1	2059	2060	8795.29	322.305
PF3D7_1409200.2	561	562	44.218	5.93946
PF3D7_1409300.1	2022	2023	18915.7	705.846
PF3D7_1409400.1	1980	1981	9428.69	359.295
PF3D7_1409500.1	3755	3756	972.369	19.5429
PF3D7_1409600.1	3237	3238	9866.69	230.027
PF3D7_1409700.1	3251	3252	1187.07	27.5556
PF3D7_1409800.1	3906	3907	1452.08	28.0563
PF3D7_1409900.1	4425	4426	85583.7	1459.7
PF3D7_1410000.1	1835	1836	4422.83	181.849
PF3D7_1410100.1	1622	1623	1589	73.9076
PF3D7_1410200.1	4463	4464	2030.76	34.3415
PF3D7_1410300.1	14512	14513	15945.9	82.942
PF3D7_1410400.1	4040	4041	41522	775.663
PF3D7_1410500.1	1250	1251	3008.47	181.54
PF3D7_1410600.1	3518	3519	4761.56	102.144
PF3D7_1410700.1	2251	2252	629	21.0846
PF3D7_1410800.1	1951	1952	1360.13	52.5998
PF3D7_1410900.1	3444	3445	1159.17	25.4004
PF3D7_1411000.1	6500	6501	3507.97	40.7342
PF3D7_1411000.2	6096	6097	71681.4	887.511
PF3D7_1411100.1	3363	3364	563.154	12.6373
PF3D7_1411200.1	4252	4253	3371.54	59.8434
PF3D7_1411300.1	3132	3133	640.35	15.4291
PF3D7_1411400.1	7017	7018	5759.89	61.9561
PF3D7_1411500.1	3557	3558	9180.84	194.787
PF3D7_1411600.1	2056	2057	911	33.4324
PF3D7_1411700.1	2394	2395	1361.91	42.9265
PF3D7_1411800.1	2560	2561	908.926	26.7918
PF3D7_1411900.1	2340	2341	1869.78	60.2939
PF3D7_1412000.1	1937	1938	1559.03	60.7272
PF3D7_1412100.1	3465	3466	8985.72	195.708
PF3D7_1412200.1	2623	2624	545.748	15.7005
PF3D7_1412300.1	1312	1313	4970.32	285.761
PF3D7_1412400.1	10538	10539	11121	79.6576
PF3D7_1412500.1	2228	2229	1046.98	35.4578
PF3D7_1412600.1	1981	1982	9635.8	367.001
PF3D7_1412700.1	5142	5143	1234.59	18.1213
PF3D7_1412800.1	3062	3063	3738.64	92.1405
PF3D7_1412900.1	4072	4073	6017.02	111.519
PF3D7_1412900.2	276	277	26.4675	7.21302
PF3D7_1413000.1	1416	1417	47	2.50387
PF3D7_1413100.1	1722	1723	1411	61.8195
PF3D7_1413200.1	2050	2051	715.725	26.3429
PF3D7_1413300.1	561	562	191.388	25.7077
PF3D7_1413400.1	2257	2258	4244	141.885
PF3D7_1413500.1	1802	1803	560.616	23.4722
PF3D7_1413600.1	1572	1573	1406.89	67.5173
PF3D7_1413700.1	4638	4639	5153.02	83.8535
PF3D7_1413800.1	2804	2805	616.028	16.5787
PF3D7_1413900.1	2509	2510	541.51	16.2861
PF3D7_1414000.1	1841	1842	22754	932.505
PF3D7_1414100.1	5326	5327	527.541	7.4758
PF3D7_1414200.1	3821	3822	572.653	11.3106
PF3D7_1414300.1	1350	1351	60523	3381.8
PF3D7_1414400.1	2765	2766	3584.87	97.8373
PF3D7_1414500.1	11824	11825	9405.97	60.0463
PF3D7_1414600.1	2138	2139	33060.4	1166.76
PF3D7_1414700.1	5372	5373	6871.55	96.5432
PF3D7_1414800.1	1657	1658	128.015	5.82854
PF3D7_1414900.1	3579	3580	1303	27.4755
PF3D7_1415000.1	1160	1161	2388.68	155.313
PF3D7_1415100.1	2595	2596	2670.83	77.6651
PF3D7_1415200.1	1151	1152	804.012	52.6858
PF3D7_1415300.1	2893	2894	7305.23	190.554
PF3D7_1415400.1	5748	5749	1136.01	14.9167
PF3D7_1415500.1	4348	4349	459.137	7.9696
PF3D7_1415600.1	4875	4876	1292.01	20.0026
PF3D7_1415700.1	2811	2812	263.127	7.06373
PF3D7_1415800.1	2308	2309	261.031	8.53397
PF3D7_1415900.1	1155	1156	1550.97	101.281
PF3D7_1416000.1	663	664	4	0.454753
PF3D7_1416100.1	3739	3740	6542.5	132.055
PF3D7_1416200.1	9853	9854	10466.6	80.1821
PF3D7_1416300.1	2104	2105	644.081	23.0979
PF3D7_1416400.1	2138	2139	4008.92	141.482
PF3D7_1416500.1	1924	1925	1001.61	39.2784
PF3D7_1416600.1	10368	10369	1713.33	12.4735
PF3D7_1416700.1	1083	1084	411	28.6217
PF3D7_1416800.1	2726	2727	2781.42	76.9953
PF3D7_1416900.1	1117	1118	2201.66	148.66
PF3D7_1417000.1	1149	1150	807	52.9736
PF3D7_1417100.1	2363	2364	1298	41.4487
PF3D7_1417200.1	14912	14913	11291.4	57.1565
PF3D7_1417300.1	4608	4609	1113.01	18.2295
PF3D7_1417400.1	10704	10705	4738	33.4112
PF3D7_1417500.1	2855	2856	32408.1	856.602
PF3D7_1417600.1	15995	15996	9791.88	46.2102
PF3D7_1417700.1	2876	2877	1956.37	51.3328
PF3D7_1417800.1	4015	4016	22081.5	415.066
PF3D7_1417900.1	1318	1319	4166.5	238.457
PF3D7_1418000.1	1779	1780	1389.27	58.9184
PF3D7_1418100.1	10794	10795	661.083	4.62293
PF3D7_1418200.1	911	912	2238	185.246
PF3D7_1418300.1	813	814	12.017	1.11444
PF3D7_1418400.1	72	73	110	113.751
PF3D7_1418500.1	119	120	1118.67	703.725
PF3D7_1418600.1	119	120	1118.67	703.725
PF3D7_1418700.1	119	120	1118.67	703.725
PF3D7_1418800.1	303	304	5613	1393.81
PF3D7_1418900.1	3481	3482	2426	52.5951
PF3D7_1419000.1	4808	4809	1321.59	20.7455
PF3D7_1419100.1	4007	4008	8686.99	163.616
PF3D7_1419200.1	2992	2993	597.184	15.0621
PF3D7_1419300.1	2713	2714	1015.15	28.2361
PF3D7_1419400.1	8147	8148	2614.58	24.2234
PF3D7_1419500.1	1330	1331	1362	77.2472
PF3D7_1419600.1	1541	1542	10848	531.066
PF3D7_1419700.1	2636	2637	4474.2	128.082
PF3D7_1419800.1	2531	2532	300.96	8.97281
PF3D7_1419800.2	1641	1642	2184.94	100.45
PF3D7_1419900.1	2068	2069	544.289	19.8588
PF3D7_1420000.1	2043	2044	1876	69.2844
PF3D7_1420100.1	5421	5422	251.128	3.49638
PF3D7_1420200.1	4560	4561	3751	62.0827
PF3D7_1420300.1	1594	1595	1368	64.7454
PF3D7_1420400.1	3518	3519	7172.03	153.853
PF3D7_1420500.1	3531	3532	364.046	7.78072
PF3D7_1420600.1	2421	2422	1961.64	61.1404
PF3D7_1420700.1	5852	5853	25068.1	323.315
PF3D7_1420800.1	774	775	84	8.18203
PF3D7_1420900.1	1848	1849	1532	62.5468
PF3D7_1421000.1	579	580	4222	549.508
PF3D7_1421100.1	4780	4781	1213.15	19.1549
PF3D7_1421150.1	149	150	115	57.8749
PF3D7_1421200.1	1311	1312	1271.25	73.1442
PF3D7_1421300.1	3051	3052	502.043	12.4177
PF3D7_1421400.1	1536	1537	10588.5	520.048
PF3D7_1421500.1	505	506	502	74.8922
PF3D7_1421600.1	2644	2645	1202.38	34.3163
PF3D7_1421700.1	189	190	0	0
PF3D7_1421800.1	1453	1454	4087	212.189
PF3D7_1421900.1	1082	1083	2196	153.069
PF3D7_1422000.1	523	524	2550.89	367.489
PF3D7_1422100.1	2039	2040	3852.38	142.555
PF3D7_1422200.1	1381	1382	1201.9	65.6512
PF3D7_1422300.1	2290	2291	2725.13	89.7938
PF3D7_1422400.1	5930	5931	2535.94	32.2771
PF3D7_1422500.1	2024	2025	22992	857.108
PF3D7_1422600.1	2061	2062	6671	244.223
PF3D7_1422700.1	4392	4393	2189.67	37.6271
PF3D7_1422800.1	2042	2043	7785.36	287.669
PF3D7_1422900.1	2035	2036	727	26.9551
PF3D7_1423000.1	2269	2270	2280	75.8215
PF3D7_1423100.1	4246	4247	2946.1	52.366
PF3D7_1423200.1	2298	2299	1299.07	42.6557
PF3D7_1423300.1	3291	3292	8360	191.703
PF3D7_1423400.1	4749	4750	962.776	15.3008
PF3D7_1423500.1	5788	5789	1718.84	22.4138
PF3D7_1423600.1	3387	3388	2607.14	58.0904
PF3D7_1423700.1	7269	7270	30307.9	314.706
PF3D7_1423800.1	5238	5239	3006.12	43.3153
PF3D7_1423900.1	86	87	22	19.0892
PF3D7_1424000.1	79	80	0	0
PF3D7_1424100.1	3032	3033	9654.15	240.284
PF3D7_1424200.1	69	70	2	2.15683
PF3D7_1424300.1	96	97	376	292.617
PF3D7_1424400.1	3181	3182	8807.54	208.948
PF3D7_1424500.1	142	143	1291	681.512
PF3D7_1424600.1	70	71	7	7.44258
PF3D7_1424700.1	84	85	74	65.7198
PF3D7_1424800.1	118	119	3	1.90308
PF3D7_1424900.1	75	76	1	0.993276
PF3D7_1425000.1	172	173	30.8135	13.4456
PF3D7_1425100.1	127	128	0	0
PF3D7_1425200.1	2502	2503	1198.19	36.1366
PF3D7_1425300.1	1399	1400	2271	122.454
PF3D7_1425400.1	4094	4095	2798.95	51.5971
PF3D7_1425500.1	889	890	55.4068	4.69956
PF3D7_1425600.1	6332	6333	355.028	4.23191
PF3D7_1425700.1	2148	2149	1996.16	70.12
PF3D7_1425800.1	4142	4143	2227.73	40.5911
PF3D7_1425900.1	1695	1696	949.73	42.2725
PF3D7_1426000.1	1730	1731	23491.5	1024.46
PF3D7_1426100.1	1919	1920	2009.23	78.9972
PF3D7_1426200.1	2249	2250	6301.25	211.411
PF3D7_1426300.1	2564	2565	526.405	15.4923
PF3D7_1426400.1	518	519	212	30.8356
PF3D7_1426500.1	2344	2345	1555	50.0577
PF3D7_1426600.1	4592	4593	6391.94	105.056
PF3D7_1426700.1	6312	6313	9838.43	117.645
PF3D7_1426800.1	7092	7093	3523.04	37.4949
PF3D7_1426900.1	1060	1061	22545.9	1604.12
PF3D7_1427000.1	4756	4757	4455	70.6965
PF3D7_1427100.1	4864	4865	4635.75	71.9318
PF3D7_1427200.1	1789	1790	2923.67	123.299
PF3D7_1427300.1	4434	4435	3007	51.1827
PF3D7_1427400.1	2394	2395	617.126	19.4515
PF3D7_1427400.2	1575	1576	98.8736	4.73596
PF3D7_1427500.1	3594	3595	4594	96.4663
PF3D7_1427600.1	2508	2509	834.044	25.0941
PF3D7_1427700.1	766	767	187.096	18.4141
PF3D7_1427800.1	1652	1653	1074.86	49.0868
PF3D7_1427900.1	3656	3657	1451.29	29.958
PF3D7_1428000.1	2783	2784	1171.73	31.7719
PF3D7_1428100.1	2636	2637	325.248	9.31082
PF3D7_1428200.1	4097	4098	3967.53	73.0857
PF3D7_1428300.1	2345	2346	2190.31	70.4791
PF3D7_1428400.1	6785	6786	4165.74	46.3406
PF3D7_1428500.1	7281	7282	14734.1	152.741
PF3D7_1428600.1	1489	1490	2986	151.282
PF3D7_1428700.1	3005	3006	636.327	15.9799
PF3D7_1428800.1	2287	2288	3178.27	104.862
PF3D7_1428800.2	1107	1108	640.899	43.665
PF3D7_1428900.1	5493	5494	4762.46	65.4374
PF3D7_1429000.1	714	715	3312	349.678
PF3D7_1429100.1	2798	2799	9963.47	268.715
PF3D7_1429200.1	4793	4794	2074.58	32.6675
PF3D7_1429300.1	1863	1864	1200	48.5981
PF3D7_1429400.1	9064	9065	9803.63	81.6399
PF3D7_1429500.1	2553	2554	795.031	23.4989
PF3D7_1429600.1	946	947	7345.39	585.529
PF3D7_1429700.1	1786	1787	5469.25	231.04
PF3D7_1429800.1	5158	5159	10477.4	153.311
PF3D7_1429900.1	5707	5708	2328.37	30.793
PF3D7_1430000.1	2101	2102	4519.37	162.304
PF3D7_1430100.1	1864	1865	4603.02	186.315
PF3D7_1430200.1	3133	3134	22575	543.766
PF3D7_1430300.1	8092	8093	5109	47.6552
PF3D7_1430400.1	3837	3838	310.101	6.09933
PF3D7_1430500.1	1329	1330	97	5.50559
PF3D7_1430600.1	2636	2637	6106	174.796
PF3D7_1430700.1	2119	2120	533	18.9791
PF3D7_1430800.1	2102	2103	371.123	13.3218
PF3D7_1430900.1	839	840	949.319	85.3133
PF3D7_1431000.1	1835	1836	759.278	31.2185
PF3D7_1431100.1	2995	2996	1473.02	37.115
PF3D7_1431200.1	5629	5630	1223.06	16.3992
PF3D7_1431300.1	4139	4140	3106.91	56.6515
PF3D7_1431400.1	4791	4792	2044.1	32.2009
PF3D7_1431500.1	3752	3753	6997.5	140.75
PF3D7_1431600.1	2982	2983	1427.69	36.1298
PF3D7_1431700.1	1308	1309	6417.71	370.104
PF3D7_1431800.1	3022	3023	3048	76.1133
PF3D7_1431900.1	3264	3265	542.062	12.5328
PF3D7_1432000.1	2188	2189	3162.23	109.051
PF3D7_1432100.1	1163	1164	1190	77.1752
PF3D7_1432200.1	5318	5319	2935	41.6545
PF3D7_1432300.1	4946	4947	2140.01	32.6556
PF3D7_1432400.1	4916	4917	992	15.2298
PF3D7_1432500.1	1883	1884	7845.04	314.339
PF3D7_1432600.1	3762	3763	9675	194.089
PF3D7_1432700.1	2001	2002	21966.5	828.284
PF3D7_1432800.1	3077	3078	2463.76	60.4246
PF3D7_1432900.1	1828	1829	518.256	21.3902
PF3D7_1433000.1	951	952	2314.89	183.56
PF3D7_1433100.1	3601	3602	1519.02	31.8349
PF3D7_1433200.1	4132	4133	718.525	13.1238
PF3D7_1433300.1	1771	1772	949.007	40.4286
PF3D7_1433400.1	18510	18511	28930.4	117.98
PF3D7_1433500.1	6923	6924	12384.8	135.026
PF3D7_1433600.1	911	912	622.019	51.4864
PF3D7_1433700.1	7996	7997	3421.41	32.2969
PF3D7_1433800.1	8992	8993	8854.7	74.328
PF3D7_1433900.1	6431	6432	4291.66	50.369
PF3D7_1434000.1	1163	1164	3294.86	213.682
PF3D7_1434100.1	2060	2061	245.056	8.97577
PF3D7_1434200.1	3103	3104	2468	60.0216
PF3D7_1434300.1	4668	4669	2691.41	43.5151
PF3D7_1434400.1	1936	1937	1399.53	54.5426
PF3D7_1434500.1	25337	25338	12115.1	36.0944
PF3D7_1434600.1	3850	3851	1638.9	32.1264
PF3D7_1434700.1	2132	2133	1411.69	49.961
PF3D7_1434800.1	2204	2205	644.429	22.0623
PF3D7_1434900.1	984	985	272	20.8457
PF3D7_1435000.1	1970	1971	293.166	11.2282
PF3D7_1435100.1	1527	1528	5074.43	250.696
PF3D7_1435200.1	2334	2335	3704.22	119.755
PF3D7_1435300.1	10680	10681	18000	127.217
PF3D7_1435400.1	1707	1708	1964.04	86.8053
PF3D7_1435500.1	2014	2015	3589.5	134.475
PF3D7_1435600.1	6252	6253	3867.1	46.6854
PF3D7_1435700.1	4709	4710	6213.38	99.5842
PF3D7_1435700.2	2667	2668	29.0716	0.822557
PF3D7_1435800.1	1972	1973	260.172	9.95443
PF3D7_1435900.1	1425	1426	266	14.0814
PF3D7_1436000.1	4130	4131	4257.19	77.7949
PF3D7_1436100.1	6817	6818	10931.8	121.037
PF3D7_1436200.1	7475	7476	4202.98	42.4396
PF3D7_1436300.1	7350	7351	15761.8	161.862
PF3D7_1436400.1	4425	4426	1267.02	21.6101
PF3D7_1436500.1	1720	1721	159.125	6.97976
PF3D7_1436600.1	3134	3135	16218.3	390.527
PF3D7_1436700.1	3522	3523	328	7.02821
PF3D7_1436800.1	1145	1146	672.572	44.3034
PF3D7_1436900.1	1578	1579	289.138	13.8231
PF3D7_1437000.1	2374	2375	2633	83.6895
PF3D7_1437100.1	1242	1243	2396.36	145.534
PF3D7_1437200.1	4522	4523	13677.4	228.276
PF3D7_1437300.1	1998	1999	5573.36	210.469
PF3D7_1437400.1	2799	2800	14321	386.099
PF3D7_1437500.1	816	817	114	10.5333
PF3D7_1437600.1	2099	2100	554	19.9147
PF3D7_1437700.1	3424	3425	3540.37	78.0319
PF3D7_1437800.1	2347	2348	238.02	7.65244
PF3D7_1437900.1	3965	3966	13349.2	254.088
PF3D7_1438000.1	3864	3865	4223	82.4812
PF3D7_1438100.1	2254	2255	1561.41	52.2701
PF3D7_1438200.1	90	91	15	12.4432
PF3D7_1438300.1	74	75	18	18.1174
PF3D7_1438400.1	7241	7242	4183.02	43.6029
PF3D7_1438500.1	3995	3996	21651.1	409.013
PF3D7_1438600.1	2287	2288	653.033	21.5458
PF3D7_1438700.1	1603	1604	7720	363.326
PF3D7_1438800.1	3313	3314	6824.39	155.451
PF3D7_1438900.1	1608	1609	1742	81.7289
PF3D7_1439000.1	1843	1844	615.466	25.1957
PF3D7_1439100.1	8630	8631	3125.49	27.3364
PF3D7_1439200.1	3681	3682	9428	193.294
PF3D7_1439300.1	6858	6859	5990.72	65.9328
PF3D7_1439400.1	2363	2364	151.486	4.83735
PF3D7_1439500.1	5234	5235	1297.31	18.7073
PF3D7_1439600.1	1328	1329	1134.35	64.4325
PF3D7_1439700.1	2942	2943	3520.56	90.3036
PF3D7_1439800.1	2018	2019	2486.57	92.9712
PF3D7_1439900.1	2043	2044	4825.65	178.221
PF3D7_1440000.1	7156	7157	3595.88	37.9278
PF3D7_1440100.1	4155	4156	28150.8	511.328
PF3D7_1440200.1	5527	5528	6891.97	94.115
PF3D7_1440300.1	2116	2117	527.835	18.8218
PF3D7_1440400.1	5015	5016	1999.11	30.0858
PF3D7_1440500.1	2502	2503	1149.63	34.6722
PF3D7_1440600.1	1813	1814	721.788	30.037
PF3D7_1440700.1	4157	4158	2628.51	47.7209
PF3D7_1440800.1	2705	2706	306.584	8.55275
PF3D7_1440900.1	1286	1287	494.862	29.0261
PF3D7_1441000.1	3126	3127	2703.23	65.2588
PF3D7_1441100.1	4631	4632	1385.16	22.5744
PF3D7_1441200.1	3159	3160	11827.4	282.544
PF3D7_1441300.1	8958	8959	10853.8	91.4548
PF3D7_1441400.1	2552	2553	714.012	21.1124
PF3D7_1441500.1	2281	2282	1430.65	47.3263
PF3D7_1441600.1	2194	2195	150	5.1587
PF3D7_1441700.1	1680	1681	2751	123.54
PF3D7_1441800.1	1363	1364	8045.22	445.253
PF3D7_1441900.1	951	952	56.3092	4.46505
PF3D7_1442000.1	947	948	154.809	12.3274
PF3D7_1442100.1	1021	1022	6070	448.354
PF3D7_1442200.1	3689	3690	2444.22	50.0031
PF3D7_1442300.1	2450	2451	9748.09	300.234
PF3D7_1442400.1	7383	7384	9535.67	97.4862
PF3D7_1442500.1	2944	2945	1821.52	46.6908
PF3D7_1442600.1	10632	10633	4314	30.6272
PF3D7_1442700.1	7951	7952	10267	97.4655
PF3D7_1442800.1	1209	1210	776	48.4128
PF3D7_1442900.1	11706	11707	17319.1	111.677
PF3D7_1443000.1	4962	4963	1084.18	16.4907
PF3D7_1443100.1	3085	3086	9255.6	226.408
PF3D7_1443200.1	2605	2606	655.801	18.9968
PF3D7_1443300.1	923	924	3740.63	305.602
PF3D7_1443400.1	3317	3318	6002.93	136.575
PF3D7_1443500.1	4254	4255	2042.58	36.238
PF3D7_1443600.1	5697	5698	2851	37.771
PF3D7_1443700.1	1885	1886	630.688	25.2439
PF3D7_1443800.1	2314	2315	2355.99	76.8257
PF3D7_1443900.1	3401	3402	87704.4	1946.13
PF3D7_1444000.1	684	685	107	11.7917
PF3D7_1444100.1	22005	22006	4335.31	14.8718
PF3D7_1444200.1	1299	1300	395	22.937
PF3D7_1444300.1	1269	1270	6220	369.718
PF3D7_1444400.1	2561	2562	1622.24	47.799
PF3D7_1444500.1	6328	6329	4243	50.6083
PF3D7_1444600.1	366	367	421	86.5964
PF3D7_1444700.1	1269	1270	461	27.4019
PF3D7_1444800.1	3155	3156	16486.9	394.353
PF3D7_1444900.1	982	983	2838.19	217.958
PF3D7_1445000.1	1224	1225	7458	459.589
PF3D7_1445100.1	3911	3912	11533	222.55
PF3D7_1445200.1	4084	4085	3891.52	71.9135
PF3D7_1445300.1	2439	2440	709.922	21.9636
PF3D7_1445400.1	3706	3707	1299.84	26.4699
PF3D7_1445500.1	2739	2740	1842.31	50.7571
PF3D7_1445600.1	3957	3958	6046.58	115.323
PF3D7_1445700.1	1956	1957	9499	366.413
PF3D7_1445800.1	3624	3625	145	3.01956
PF3D7_1445900.1	3255	3256	7025.39	162.881
PF3D7_1446000.1	117	118	12669	8104.83
PF3D7_1446100.1	2013	2014	8911	334.003
PF3D7_1446200.1	3501	3502	3535	76.2003
PF3D7_1446300.1	4334	4335	3718.65	64.7559
PF3D7_1446400.1	3025	3026	608.997	15.1925
PF3D7_1446500.1	10395	10396	18597.6	135.044
PF3D7_1446600.1	1533	1534	1022.03	50.2949
PF3D7_1446700.1	2012	2013	3019	113.215
PF3D7_1446800.1	1865	1866	641.928	25.9692
PF3D7_1446900.1	4030	4031	11208.2	209.897
PF3D7_1447000.1	2513	2514	2944.68	88.4213
PF3D7_1447100.1	1173	1174	2481.87	159.586
PF3D7_1447200.1	2239	2240	7808.72	263.157
PF3D7_1447300.1	1229	1230	795.524	48.8238
PF3D7_1447400.1	1110	1111	8944.48	607.749
PF3D7_1447500.1	435	436	959	166.041
PF3D7_1447600.1	366	367	41	8.43337
PF3D7_1447700.1	1663	1664	239.041	10.8443
PF3D7_1447800.1	6592	6593	1703.79	19.5082
PF3D7_1447900.1	5674	5675	2231.81	29.6876
PF3D7_1448000.1	5196	5197	2306.01	33.4959
PF3D7_1448100.1	1141	1142	112	7.40347
PF3D7_1448200.1	3621	3622	341	7.10705
PF3D7_1448300.1	8169	8170	6145.8	56.7859
PF3D7_1448400.1	2934	2935	18854	484.93
PF3D7_1448500.1	12043	12044	13394.2	83.9514
PF3D7_1448600.1	1301	1302	6103.29	353.864
PF3D7_1448700.1	1911	1912	607.315	23.9778
PF3D7_1448800.1	819	820	1723	158.619
PF3D7_1448900.1	842	843	7282	652.089
PF3D7_1449000.1	747	748	3569	360.187
PF3D7_1449100.1	4141	4142	2530.15	46.1126
PF3D7_1449200.1	1309	1310	76591.7	4413.61
PF3D7_1449300.1	3068	3069	3791.56	93.262
PF3D7_1449400.1	4332	4333	7047.11	122.774
PF3D7_1449500.1	5472	5473	1387.74	19.1411
PF3D7_1449600.1	2058	2059	392	14.3719
PF3D7_1449700.1	5388	5389	6747.61	94.5203
PF3D7_1449800.1	1665	1666	265	12.0076
PF3D7_1449900.1	1447	1448	2840	148.059
PF3D7_1450000.1	2116	2117	9167	326.881
PF3D7_1450100.1	2360	2361	1795.82	57.4183
PF3D7_1450200.1	934	935	162	13.0794
PF3D7_1450300.1	3245	3246	805.58	18.7346
PF3D7_1450400.1	7205	7206	3307.15	34.6452
PF3D7_1450500.1	4962	4963	2580.38	39.2485
PF3D7_1450600.1	1764	1765	3330	142.424
PF3D7_1450700.1	2464	2465	10753.7	329.325
PF3D7_1450800.1	1794	1795	143.031	6.0152
PF3D7_1450900.1	1931	1932	1045.65	40.8565
PF3D7_1451000.1	2945	2946	2964.35	75.9593
PF3D7_1451100.1	4492	4493	10057.3	168.977
PF3D7_1451200.1	7856	7857	16082.8	154.522
PF3D7_1451300.1	1304	1305	10468	605.532
PF3D7_1451400.1	5328	5329	574.834	8.14292
PF3D7_1451500.1	1294	1295	81.9156	4.77508
PF3D7_1451600.1	2598	2599	1620	47.0535
PF3D7_1451700.1	1728	1729	1910.87	83.4296
PF3D7_1451800.1	3335	3336	9603	217.302
PF3D7_1451900.1	4415	4416	738.508	12.6244
PF3D7_1452000.1	7915	7916	20781.7	198.179
PF3D7_1452100.1	1374	1375	1289.86	70.8147
PF3D7_1452200.1	1829	1830	427.322	17.6274
PF3D7_1452300.1	1573	1574	260.89	12.5123
PF3D7_1452400.1	4394	4395	4081.36	70.1019
PF3D7_1452500.1	2060	2061	2662.83	97.5325
PF3D7_1452600.1	10949	10950	4657	32.1052
PF3D7_1452700.1	1468	1469	9929	510.232
PF3D7_1452800.1	1374	1375	438.941	24.0983
PF3D7_1452900.1	1105	1106	4128.06	281.757
PF3D7_1453000.1	3415	3416	1872	41.3687
PF3D7_1453100.1	1893	1894	2058	82.0255
PF3D7_1453200.1	4596	4597	13962	229.275
PF3D7_1453300.1	231	232	111	36.1176
PF3D7_1453400.1	6370	6371	28647.5	339.44
PF3D7_1453500.1	3531	3532	432	9.23308
PF3D7_1453600.1	5721	5722	1225.01	16.1612
PF3D7_1453700.1	2762	2763	63736.3	1741.36
PF3D7_1453800.1	4283	4284	2519	44.3877
PF3D7_1453900.1	4694	4695	1583.67	25.4631
PF3D7_1454000.1	2378	2379	1342.26	42.5919
PF3D7_1454100.1	980	981	4370.19	336.291
PF3D7_1454200.1	4802	4803	1051	16.5186
PF3D7_1454300.1	3402	3403	328.819	7.29421
PF3D7_1454400.1	4129	4130	14727.1	269.184
PF3D7_1454500.1	1653	1654	272.512	12.4375
PF3D7_1454600.1	1258	1259	2517.49	150.947
PF3D7_1454700.1	2567	2568	2106.49	61.9223
PF3D7_1454800.1	495	496	114	17.3503
PF3D7_1454900.1	835	836	676.315	61.0698
PF3D7_1455000.1	2437	2438	642	19.8786
PF3D7_1455100.1	1071	1072	33540.9	2361.91
PF3D7_1455200.1	3345	3346	2922.66	65.9381
PF3D7_1455300.1	3953	3954	12234.8	233.585
PF3D7_1455400.1	1638	1639	246.136	11.3365
PF3D7_1455500.1	4100	4101	1161.34	21.3773
PF3D7_1455600.1	6364	6365	2115.05	25.0845
PF3D7_1455700.1	4351	4352	8966.27	155.527
PF3D7_1455800.1	4854	4855	1750	27.2102
PF3D7_1455900.1	1618	1619	3513	163.8
PF3D7_1456000.1	4601	4602	2767	45.3885
PF3D7_1456100.1	1735	1736	138.894	6.03973
PF3D7_1456200.1	3568	3569	614.5	12.9975
PF3D7_1456300.1	2092	2093	206.672	7.4541
PF3D7_1456400.1	3048	3049	97	2.40158
PF3D7_1456500.1	7998	7999	5680.94	53.6128
PF3D7_1456600.1	846	847	233	20.7662
PF3D7_1456700.1	3526	3527	1913.94	40.9643
PF3D7_1456800.1	3447	3448	6022	131.843
PF3D7_1456900.1	2376	2377	519.816	16.5084
PF3D7_1457000.1	2165	2166	11688.9	407.378
PF3D7_1457100.1	3377	3378	1032.78	23.0797
PF3D7_1457200.1	886	887	10350	880.847
PF3D7_1457300.1	3695	3696	5469.95	111.721
PF3D7_1457400.1	11143	11144	14638	99.1571
PF3D7_1457500.1	2356	2357	2010.56	64.3933
PF3D7_1457600.1	1906	1907	915.207	36.2287
PF3D7_1457700.1	5635	5636	2481.36	33.2355
PF3D7_1457800.1	2336	2337	1569.79	50.7068
PF3D7_1457900.1	11473	11474	13929.7	91.6452
PF3D7_1458000.1	2837	2838	2443.42	64.9934
PF3D7_1458100.1	654	655	324.001	37.3412
PF3D7_1458200.1	771	772	26.278	2.56956
PF3D7_1458300.1	5554	5555	6109.81	83.0285
PF3D7_1458400.1	1964	1965	230.027	8.8369
PF3D7_1458500.1	5200	5201	1818.01	26.3871
PF3D7_1458600.1	4560	4561	1289.46	21.3418
PF3D7_1458700.1	3796	3797	1428.93	28.4089
PF3D7_1458800.1	4149	4150	1729.92	31.4674
PF3D7_1458900.1	1115	1116	373.232	25.2463
PF3D7_1459000.1	3219	3220	2550.07	59.7832
PF3D7_1459100.1	2950	2951	701.077	17.9341
PF3D7_1459200.1	4011	4012	1910.26	35.9431
PF3D7_1459300.1	1891	1892	1751.34	69.8767
PF3D7_1459400.1	2463	2464	1103.19	33.7982
PF3D7_1459500.1	2922	2923	777	20.0667
PF3D7_1459600.1	3763	3764	1742.43	34.9453
PF3D7_1459700.1	1815	1816	5048.18	209.847
PF3D7_1459800.1	1274	1275	4053.68	240.006
PF3D7_1459900.1	1376	1377	69.1053	3.78844
PF3D7_1460000.1	1282	1283	45.4862	2.67631
PF3D7_1460100.1	1562	1563	419	20.2367
PF3D7_1460200.1	1257	1258	827	49.6259
PF3D7_1460300.1	775	776	11661	1134.38
PF3D7_1460400.1	1270	1271	3814	226.526
PF3D7_1460500.1	7927	7928	2132.16	20.302
PF3D7_1460600.1	1679	1680	14153.5	635.971
PF3D7_1460700.1	943	944	8996	719.384
PF3D7_1460800.1	1923	1924	1105	43.3552
PF3D7_1460900.1	1499	1500	499.245	25.125
PF3D7_1460900.2	825	826	4858.76	444.047
PF3D7_1461000.1	2495	2496	4811	145.504
PF3D7_1461100.1	3123	3124	9537	230.454
PF3D7_1461200.1	1432	1433	478.011	25.1811
PF3D7_1461300.1	1562	1563	5075.31	245.125
PF3D7_1461400.1	1398	1399	2573.03	138.839
PF3D7_1461500.1	615	616	137	16.7889
PF3D7_1461600.1	2885	2886	3104.01	81.1914
PF3D7_1461700.1	1319	1320	2835.17	162.139
PF3D7_1461800.1	10686	10687	8983.34	63.455
PF3D7_1461900.1	4389	4390	8261.93	142.069
PF3D7_1462000.1	366	367	6.06969	1.24849
PF3D7_1462100.1	4231	4232	1059.47	18.8984
PF3D7_1462200.1	803	804	3882.93	364.575
PF3D7_1462300.1	5486	5487	5782.07	79.5485
PF3D7_1462400.1	12725	12726	1629.21	9.66429
PF3D7_1462500.1	2289	2290	238	7.84558
PF3D7_1462600.1	1572	1573	30	1.43971
PF3D7_1462700.1	1865	1866	8033	324.975
PF3D7_1462800.1	2689	2690	21039.6	590.429
PF3D7_1462900.1	2923	2924	948	24.4745
PF3D7_1463000.1	1608	1609	750.827	35.2263
PF3D7_1463100.1	1215	1216	314.419	19.519
PF3D7_1463200.1	2032	2033	255.005	9.46879
PF3D7_1463300.1	2108	2109	691	24.7335
PF3D7_1463400.1	1976	1977	1233.93	47.1159
PF3D7_1463500.1	2390	2391	149.553	4.7217
PF3D7_1463600.1	353	354	23	4.90465
PF3D7_1463700.1	1544	1545	2445.4	119.482
PF3D7_1463800.1	748	749	444	44.7491
PF3D7_1463900.1	4770	4771	34929.8	552.675
PF3D7_1464000.1	2911	2912	31727	822.471
PF3D7_1464100.1	3601	3602	1315.96	27.5793
PF3D7_1464200.1	1375	1376	420.566	23.0728
PF3D7_1464300.1	2757	2758	380.495	10.4145
PF3D7_1464400.1	1675	1676	3964	178.543
PF3D7_1464500.1	12044	12045	10637.9	66.6701
PF3D7_1464600.1	6208	6209	14952.4	181.791
PF3D7_1464700.1	2384	2385	7552.78	239.057
PF3D7_1464800.1	360	361	61	12.7558
PF3D7_1464900.1	3448	3449	3306.77	72.376
PF3D7_1465000.1	1634	1635	3188.42	147.211
PF3D7_1465100.1	3301	3302	1603.56	36.66
PF3D7_1465200.1	2064	2065	5207.31	190.36
PF3D7_1465300.1	3594	3595	1322.2	27.7639
PF3D7_1465400.1	1605	1606	521.207	24.499
PF3D7_1465500.1	4386	4387	203	3.49311
PF3D7_1465600.1	1458	1459	417	21.5757
PF3D7_1465700.1	1158	1159	870	56.6656
PF3D7_1465800.1	19458	19459	2592	10.0554
PF3D7_1465900.1	1430	1431	21880	1154.23
PF3D7_1466000.1	942	943	50	4.0026
PF3D7_1466100.1	3760	3761	790.139	15.8593
PF3D7_1466200.1	11963	11964	7899.65	49.8442
PF3D7_1466300.1	4335	4336	10092	175.7
PF3D7_1466400.1	5511	5512	2675.53	36.6424
PF3D7_1466500.1	995	996	1017	77.0806
PF3D7_1466600.1	843	844	3478	311.079
PF3D7_1466700.1	1152	1153	954	62.4601
PF3D7_1466800.1	4066	4067	41829	776.403
PF3D7_1466900.1	5568	5569	8278.03	112.211
PF3D7_1467000.1	2706	2707	1711.33	47.7231
PF3D7_1467100.1	3947	3948	3357.48	64.1977
PF3D7_1467200.1	1946	1947	5208	201.924
PF3D7_1467300.1	2351	2352	1753.1	56.2668
PF3D7_1467400.1	2053	2054	1343.31	49.3697
PF3D7_1467500.1	2323	2324	1801.15	58.5057
PF3D7_1467600.1	8460	8461	4475	39.926
PF3D7_1467700.1	1005	1006	820.945	61.6027
PF3D7_1467800.1	358	359	13	2.73358
PF3D7_1467900.1	6453	6454	12793.6	149.64
PF3D7_1468000.1	5901	5902	3691	47.2094
PF3D7_1468100.1	12210	12211	40923.8	252.993
PF3D7_1468200.1	1454	1455	27239.5	1413.25
PF3D7_1468300.1	750	751	113	11.3585
PF3D7_1468400.1	3061	3062	20403.5	503.017
PF3D7_1468500.1	1398	1399	803.349	43.3481
PF3D7_1468600.1	6027	6028	2299.3	28.7943
PF3D7_1468700.1	1973	1974	12471.2	476.921
PF3D7_1468800.1	3637	3638	2537.71	52.6578
PF3D7_1468900.1	3235	3236	2181.87	50.8984
PF3D7_1469000.1	1542	1543	768.115	37.5789
PF3D7_1469100.1	1457	1458	6190.33	320.509
PF3D7_1469200.1	1871	1872	781.356	31.5084
PF3D7_1469300.1	1696	1697	702.938	31.2694
PF3D7_1469400.1	2930	2931	1889.83	48.6733
PF3D7_1469500.1	2583	2584	324.3	9.47411
PF3D7_1469600.1	11778	11779	2897.44	18.569
PF3D7_1469700.1	1676	1677	1420.84	63.958
PF3D7_1469800.1	849	850	5415.23	480.93
PF3D7_1469900.1	1405	1406	4175.93	224.208
PF3D7_1470000.1	508	509	4388	650.777
PF3D7_1470100.1	8297	8298	1720.43	15.6512
PF3D7_1470200.1	1465	1466	2067.88	106.482
PF3D7_1470300.1	1565	1566	2625.08	126.542
PF3D7_1470400.1	1333	1334	1571.24	88.9141
PF3D7_1470500.1	4096	4097	5781.9	106.534
PF3D7_1470600.1	2137	2138	928.752	32.7926
PF3D7_1470700.1	2838	2839	896.287	23.8323
PF3D7_1470800.1	3631	3632	27411	569.722
PF3D7_1470900.1	1872	1873	768.76	30.9839
PF3D7_1470950.1	276	277	130	35.428
PF3D7_1471000.1	2124	2125	1196.93	42.5198
PF3D7_1471100.1	2929	2930	81163.9	2091.12
PF3D7_1471200.1	3690	3691	18317.5	374.632
PF3D7_1471300.1	2283	2284	2756.67	91.1114
PF3D7_1471400.1	3118	3119	3667.13	88.7553
PF3D7_1471500.1	1332	1333	2065	116.943
PF3D7_1471600.1	3953	3954	398	7.59854
PF3D7_1471700.1	1725	1726	279	12.2024
PF3D7_1471800.1	1192	1193	1248.73	79.0156
PF3D7_1471900.1	6832	6833	2602.33	28.7498
PF3D7_1472000.1	1219	1220	502.107	31.0685
PF3D7_1472100.1	3167	3168	643.366	15.3305
PF3D7_1472200.1	9360	9361	11586.7	93.4377
PF3D7_1472300.1	1773	1774	1276	54.2976
PF3D7_1472400.1	4074	4075	5925.87	109.776
PF3D7_1472500.1	966	967	227	17.7208
PF3D7_1472600.1	1784	1785	5611	237.293
PF3D7_1472700.1	2712	2713	13007	361.92
PF3D7_1472800.1	1690	1691	5196	231.958
PF3D7_1472900.1	2366	2367	4215.01	134.426
PF3D7_1473000.1	378	379	9	1.79261
PF3D7_1473100.1	2854	2855	2754.3	72.8263
PF3D7_1473200.1	3869	3870	6155.59	120.072
PF3D7_1473300.1	2841	2842	389.095	10.3351
PF3D7_1473400.1	4001	4002	1555.04	29.3325
PF3D7_1473500.1	3245	3246	909.756	21.1573
PF3D7_1473600.1	1847	1848	510.399	20.8493
PF3D7_1473700.1	6598	6599	2444.83	27.9675
PF3D7_1473900.1	3794	3795	938.463	18.6676
PF3D7_1474000.1	9505	9506	11200.4	88.9442
PF3D7_1474100.1	1615	1616	417.897	19.5214
PF3D7_1474200.1	14298	14299	2756.91	14.5546
PF3D7_1474300.1	3032	3033	9803	243.989
PF3D7_1474400.1	8934	8935	6443	54.4349
PF3D7_1474500.1	3763	3764	3709.12	74.3884
PF3D7_1474600.1	2460	2461	5521	169.352
PF3D7_1474700.1	2262	2263	3579	119.388
PF3D7_1474800.1	1803	1804	12142.3	508.099
PF3D7_1474900.1	4233	4234	1018.37	18.1567
PF3D7_1475000.1	399	400	253	47.7468
PF3D7_1475100.1	5273	5274	1702.18	24.364
PF3D7_1475200.1	2886	2887	8977	234.73
PF3D7_1475300.1	2124	2125	456.654	16.2223
PF3D7_1475400.1	17721	17722	4680.41	19.9368
PF3D7_1475500.1	5472	5473	3535	48.7582
PF3D7_1475600.1	3603	3604	2660.5	55.7265
PF3D7_1475700.1	1560	1561	521	25.1952
PF3D7_1475800.1	930	931	501	40.623
PF3D7_1475900.1	2412	2413	237	7.41438
PF3D7_1476000.1	825	826	266.815	24.3845
PF3D7_1476100.1	534	535	76	10.7237
PF3D7_1476200.1	2978	2979	2387.02	60.4879
PF3D7_1476300.1	4452	4453	5084.88	86.2009
PF3D7_1476400.1	1872	1873	5627	226.789
PF3D7_1476500.1	3710	3711	1035.25	21.0591
PF3D7_1476600.1	5544	5545	3812.08	51.8972
PF3D7_1476700.1	1485	1486	2216.42	112.595
PF3D7_1476800.1	1400	1401	666.451	35.9098
PF3D7_1476900.1	837	838	118	10.6297
PF3D7_1477000.1	3039	3040	2819.78	70.0205
PF3D7_1477100.1	1002	1003	0	0
PF3D7_1477200.1	885	886	24	2.04485
PF3D7_1477300.1	2672	2673	1552.11	43.8337
PF3D7_1477400.1	1603	1604	106.557	5.01488
PF3D7_1477500.1	3687	3688	1372.87	28.1011
PF3D7_1477600.1	6871	6872	801.698	8.80665
PF3D7_1477700.1	2151	2152	7779.66	272.899
PF3D7_1477800.1	1189	1190	563.166	35.725
PF3D7_1477900.1	2445	2446	137	4.22812
PF3D7_1478000.1	1550	1551	4464	217.268
PF3D7_1478100.1	1366	1367	1709.38	94.396
PF3D7_1478200.1	675	676	7	0.781691
PF3D7_1478300.1	576	577	0	0
PF3D7_1478400.1	1236	1237	88	5.37028
PF3D7_1478500.1	795	796	3	0.284506
PF3D7_1478600.1	5749	5750	14031.8	184.217
PF3D7_1478700.1	1122	1123	78	5.24322
PF3D7_1478800.1	1541	1542	120	5.87463
PF3D7_1478900.1	3988	3989	2061.17	39.0061
PF3D7_1479000.1	3225	3226	1141.61	26.7138
PF3D7_1479100.1	633	634	29	3.45297
PF3D7_1479200.1	855	856	76.3636	6.73436
PF3D7_1479300.1	834	835	0	0
PF3D7_1479400.1	1080	1081	0	0
PF3D7_1479500.1	900	901	14.1189	1.18293
PF3D7_1479600.1	1053	1054	0	0
PF3D7_1479700.1	1047	1048	1.22336	0.0881208
PF3D7_1479800.1	1035	1036	20.8005	1.51564
PF3D7_1479900.1	915	916	0	0
PF3D7_1480000.1	1023	1024	2	0.147439
PF3D7_1480100.1	549	550	0	0
PF3D7_API00100.1	627	628	0	0
PF3D7_API00200.1	72	73	1	1.0341
PF3D7_API00300.1	71	72	1	1.04846
PF3D7_API00450.1	85	86	7	6.14445
PF3D7_API00600.1	87	88	0	0
PF3D7_API00700.1	84	85	7	6.21674
PF3D7_API00800.1	92	93	0	0
PF3D7_API00900.1	76	77	0	0
PF3D7_API01000.1	73	74	0	0
PF3D7_API01100.1	70	71	0	0
PF3D7_API01200.1	72	73	18	18.6137
PF3D7_API01300.1	573	574	12	1.57817
PF3D7_API01400.1	228	229	4	1.31858
PF3D7_API01500.1	738	739	301	30.7472
PF3D7_API01600.1	273	274	12	3.30609
PF3D7_API01700.1	645	646	20	2.33712
PF3D7_API01800.1	390	391	37	7.14346
PF3D7_API01900.1	225	226	1	0.334022
PF3D7_API02000.1	357	358	10	2.10863
PF3D7_API02100.1	387	388	0	0
PF3D7_API02200.1	507	508	14	2.08041
PF3D7_API02300.1	720	721	7	0.732903
PF3D7_API02400.1	276	277	16	4.36037
PF3D7_API02500.1	111	112	0	0
PF3D7_API02600.1	399	400	69	13.0218
PF3D7_API02700.1	369	370	1	0.204024
PF3D7_API02800.1	429	430	20	3.51112
PF3D7_API02900.1	1233	1234	3067	187.621
PF3D7_API03000.1	237	238	3	0.951542
PF3D7_API03100.1	72	73	0	0
PF3D7_API03200.1	72	73	0	0
PF3D7_API03300.1	70	71	0	0
PF3D7_API03400.1	71	72	0	0
PF3D7_API03500.1	390	391	43	8.30186
PF3D7_API03600.1	2304	2305	2391	78.3055
PF3D7_API03700.1	72	73	110	113.751
PF3D7_API03800.1	240	241	15	4.69848
PF3D7_API03900.1	87	88	167	143.258
PF3D7_API04000.1	366	367	0	0
PF3D7_API04100.1	684	685	0	0
PF3D7_API04200.1	2880	2881	0	0
PF3D7_API04300.1	1728	1729	17	0.742228
PF3D7_API04400.1	3075	3076	53	1.30069
PF3D7_API04500.1	306	307	0	0
PF3D7_API04600.1	156	157	3	1.44246
PF3D7_API04700.1	1413	1414	50	2.66934
PF3D7_API04800.1	73	74	4	4.08049
PF3D7_API04900.1	2696	2697	3388	94.8301
PF3D7_API05000.1	74	75	0	0
PF3D7_API05100.1	72	73	0	0
PF3D7_API05200.1	72	73	0	0
PF3D7_API05300.1	72	73	0	0
PF3D7_API05400.1	79	80	4	3.77445
PF3D7_API05500.1	72	73	0	0
PF3D7_API05600.1	71	72	17.3333	18.1733
PF3D7_API05700.1	1426	1427	3431.02	181.503
PF3D7_API05800.1	72	73	2	2.06819
PF3D7_API05900.1	1423	1424	220.98	11.7146
PF3D7_API06000.1	71	72	8.66667	9.08664
PF3D7_API06100.1	72	73	0	0
PF3D7_API06200.1	79	80	4	3.77445
PF3D7_API06300.1	72	73	0	0
PF3D7_API06400.1	68	69	0	0
PF3D7_API06500.1	71	72	0	0
PF3D7_API06600.1	75	76	15	14.8991
PF3D7_API06700.1	2692	2693	8.64554e-07	2.42348e-08
PF3D7_API06800.1	73	74	4	4.08049
PF3D7_MIT00100.1	31	32	106	250.057
PF3D7_MIT00200.1	38	39	119	230.338
PF3D7_MIT00300.1	54	55	76	104.312
PF3D7_MIT00400.1	40	41	43	79.1714
PF3D7_MIT00500.1	33	34	72	159.859
PF3D7_MIT00600.1	22	23	0	0
PF3D7_MIT00700.1	37	38	279	554.248
PF3D7_MIT00800.1	20	21	0	0
PF3D7_MIT00900.1	107	108	846	591.33
PF3D7_MIT01000.1	116	117	2905	1874.32
PF3D7_MIT01100.1	88	89	1680	1424.96
PF3D7_MIT01200.1	31	32	87	205.236
PF3D7_MIT01300.1	100	101	747	558.32
PF3D7_MIT01400.1	750	751	17405	1749.52
PF3D7_MIT01500.1	64	65	1018	1182.27
PF3D7_MIT01600.1	43	44	348	597.049
PF3D7_MIT01700.1	66	67	270	304.209
PF3D7_MIT01800.1	43	44	109	187.007
PF3D7_MIT01900.1	23	24	0	0
PF3D7_MIT02000.1	81	82	396	364.557
PF3D7_MIT02100.1	1527	1528	32896	1625.19
PF3D7_MIT02200.1	81	82	0	0
PF3D7_MIT02300.1	1131	1132	16889	1126.27
PF3D7_MIT02400.1	54	55	0	0
PF3D7_MIT02500.1	33	34	0	0
PF3D7_MIT02600.1	75	76	798	792.634
PF3D7_MIT02700.1	84	85	4560	4049.76
PF3D7_MIT02800.1	58	59	301	385.122
PF3D7_MIT02900.1	52	53	884	1259.1
PF3D7_MIT03000.1	25	26	0	0
PF3D7_MIT03100.1	30	31	0	0
PF3D7_MIT03200.1	176	177	1206	514.349
PF3D7_MIT03300.1	82	83	681	619.373
PF3D7_MIT03400.1	57	58	773	1006.09
PF3D7_MIT03500.1	38	39	264	511.002
PF3D7_MIT03600.1	68	69	214	234.125
PF3D7_MIT03700.1	61	62	286	348.223
PF3D7_MIT03800.1	39	40	1088	2053.3
PF3D7_MIT03900.1	30	31	0	0
PF3D7_MIT04000.1	195	196	13713	5281.53
PF3D7_MIT04100.1	83	84	1986	1784.78
PF3D7_MIT04200.1	94	95	1395	1108.5
